Unnamed: 0,logger_temp_c,h1_mm,dh1_mm,Longitude (x),Latitude (y),Station Name,Climate ID,Date/Time,Data Quality,Max Temp (°C),Min Temp (°C),Mean Temp (°C),Heat Deg Days (°C),Cool Deg Days (°C),Total Rain (mm),Total Snow (cm),Total Precip (mm),Snow on Grnd (cm),Dir of Max Gust (10s deg),Spd of Max Gust (km/h),Elevation
2022-07-23,9.55158,574.8126207840023,13.879089093813718,-133.532794,68.317527,INUVIK CLIMATE,2202578,2022-07-23,,13.7,9.0,11.4,6.6,0.0,,,4.7,,,,104.8
2022-07-24,13.3865,557.509898423268,-3.4236332669205467,-133.532794,68.317527,INUVIK CLIMATE,2202578,2022-07-24,,14.9,7.2,11.1,6.9,0.0,,,0.0,,,,104.8
2022-07-25,18.7701,551.8132888080379,-9.120242882150706,-133.532794,68.317527,INUVIK CLIMATE,2202578,2022-07-25,,26.0,8.5,17.2,0.8,0.0,,,0.0,,,,104.8
2022-07-26,16.56695,543.4764921710605,-17.457039519128102,-133.532794,68.317527,INUVIK CLIMATE,2202578,2022-07-26,,20.3,15.3,17.8,0.2,0.0,,,0.6,,27.0,46.0,104.8
2022-07-27,11.7315,544.540455633633,-16.39307605655563,-133.532794,68.317527,INUVIK CLIMATE,2202578,2022-07-27,,16.8,9.6,13.2,4.8,0.0,,,0.3,,,,104.8
2022-07-28,7.251315,546.250617782591,-14.682913907597595,-133.532794,68.317527,INUVIK CLIMATE,2202578,2022-07-28,,13.8,6.7,10.3,7.7,0.0,,,0.8,,36.0,32.0,104.8
2022-07-29,4.34126,541.7272528044475,-19.20627888574103,-133.532794,68.317527,INUVIK CLIMATE,2202578,2022-07-29,,7.4,4.6,6.0,12.0,0.0,,,2.8,,2.0,32.0,104.8
2022-07-30,7.2240649999999995,542.042073309241,-18.89145838094754,-133.532794,68.317527,INUVIK CLIMATE,2202578,2022-07-30,,13.4,2.8,8.1,9.9,0.0,,,0.0,,,,104.8
2022-07-31,19.2346,538.854798063099,-22.07873362708966,-133.532794,68.317527,INUVIK CLIMATE,2202578,2022-07-31,,20.0,7.0,13.5,4.5,0.0,,,0.0,,,,104.8
2022-08-01,14.0354,535.2410833233773,-25.69244836681122,-133.532794,68.317527,INUVIK CLIMATE,2202578,2022-08-01,,20.0,7.9,13.9,4.1,0.0,,,0.0,,,,104.8
2022-08-02,13.1204,537.7044395329654,-23.229092157223192,-133.532794,68.317527,INUVIK CLIMATE,2202578,2022-08-02,,15.0,8.0,11.5,6.5,0.0,,,0.0,,,,104.8
2022-08-03,13.835999999999999,539.1412029056958,-21.79232878449278,-133.532794,68.317527,INUVIK CLIMATE,2202578,2022-08-03,,19.9,5.2,12.5,5.5,0.0,,,0.0,,,,104.8
2022-08-04,21.42145,538.4760161032216,-22.457515586966963,-133.532794,68.317527,INUVIK CLIMATE,2202578,2022-08-04,,24.9,11.0,18.0,0.0,0.0,,,0.0,,,,104.8
2022-08-05,20.534950000000002,538.3750461457535,-22.558485544435086,-133.532794,68.317527,INUVIK CLIMATE,2202578,2022-08-05,,28.2,16.3,22.2,0.0,4.2,,,0.0,,19.0,31.0,104.8
2022-08-06,11.639700000000001,541.9019973430909,-19.03153434709776,-133.532794,68.317527,INUVIK CLIMATE,2202578,2022-08-06,,19.6,8.5,14.0,4.0,0.0,,,6.3,,29.0,39.0,104.8
2022-08-07,13.45265,542.7506198638143,-18.182911826374266,-133.532794,68.317527,INUVIK CLIMATE,2202578,2022-08-07,,15.0,6.0,10.5,7.5,0.0,,,0.0,,,,104.8
2022-08-08,14.633600000000001,538.5929389037103,-22.340592786478226,-133.532794,68.317527,INUVIK CLIMATE,2202578,2022-08-08,,19.6,8.4,14.0,4.0,0.0,,,0.0,,24.0,35.0,104.8
2022-08-09,9.045490000000001,536.5164658348269,-24.417065855361727,-133.532794,68.317527,INUVIK CLIMATE,2202578,2022-08-09,,15.7,8.2,11.9,6.1,0.0,,,2.1,,,,104.8
2022-08-10,8.140195,537.5216349780615,-23.411896712127145,-133.532794,68.317527,INUVIK CLIMATE,2202578,2022-08-10,,13.1,5.4,9.2,8.8,0.0,,,0.0,,24.0,31.0,104.8
2022-08-11,13.752600000000001,535.2793659764272,-25.654165713761415,-133.532794,68.317527,INUVIK CLIMATE,2202578,2022-08-11,,20.4,9.3,14.8,3.2,0.0,,,0.0,,3.0,37.0,104.8
2022-08-12,17.291249999999998,531.1682647232258,-29.765266966962884,-133.532794,68.317527,INUVIK CLIMATE,2202578,2022-08-12,,25.4,8.2,16.8,1.2,0.0,,,0.0,,23.0,32.0,104.8
2022-08-13,13.88705,528.2733547242453,-32.660176965943265,-133.532794,68.317527,INUVIK CLIMATE,2202578,2022-08-13,,25.3,9.6,17.5,0.5,0.0,,,0.0,,36.0,41.0,104.8
2022-08-14,7.81824,526.7141091122405,-34.21942257794814,-133.532794,68.317527,INUVIK CLIMATE,2202578,2022-08-14,,11.9,7.4,9.6,8.4,0.0,,,11.7,,2.0,33.0,104.8
2022-08-15,12.10765,524.8181403406086,-36.115391349579966,-133.532794,68.317527,INUVIK CLIMATE,2202578,2022-08-15,,13.7,8.4,11.1,6.9,0.0,,,0.1,,,,104.8
2022-08-16,14.161100000000001,524.9116426347093,-36.021889055479335,-133.532794,68.317527,INUVIK CLIMATE,2202578,2022-08-16,,18.9,11.0,14.9,3.1,0.0,,,0.1,,,,104.8
2022-08-17,17.05345,524.5463728974655,-36.387158792723085,-133.532794,68.317527,INUVIK CLIMATE,2202578,2022-08-17,,23.4,11.9,17.6,0.4,0.0,,,0.0,,13.0,36.0,104.8
2022-08-18,7.544700000000001,527.578080407174,-33.3554512830147,-133.532794,68.317527,INUVIK CLIMATE,2202578,2022-08-18,,18.7,7.2,12.9,5.1,0.0,,,28.7,,28.0,56.0,104.8
2022-08-19,6.832005,530.3964489971163,-30.537082693072364,-133.532794,68.317527,INUVIK CLIMATE,2202578,2022-08-19,,10.9,7.0,8.9,9.1,0.0,,,0.3,,,,104.8
2022-08-20,7.47565,528.7814868164805,-32.15204487370801,-133.532794,68.317527,INUVIK CLIMATE,2202578,2022-08-20,,11.8,6.0,8.9,9.1,0.0,,,1.2,,,,104.8
2022-08-21,6.87354,526.7977592109855,-34.13577247920307,-133.532794,68.317527,INUVIK CLIMATE,2202578,2022-08-21,,10.1,5.7,7.9,10.1,0.0,,,1.3,,4.0,38.0,104.8
2022-08-22,5.70687,524.4045921775237,-36.52893951266486,-133.532794,68.317527,INUVIK CLIMATE,2202578,2022-08-22,,11.2,2.2,6.7,11.3,0.0,,,0.0,,7.0,36.0,104.8
2022-08-23,10.898399999999999,523.0777821805556,-37.85574950963303,-133.532794,68.317527,INUVIK CLIMATE,2202578,2022-08-23,,17.3,7.7,12.5,5.5,0.0,,,0.1,,,,104.8
2022-08-24,11.582550000000001,524.1235306051977,-36.81000108499086,-133.532794,68.317527,INUVIK CLIMATE,2202578,2022-08-24,,18.3,10.7,14.5,3.5,0.0,,,0.6,,,,104.8
2022-08-25,12.7873,523.8004294080627,-37.13310228212595,-133.532794,68.317527,INUVIK CLIMATE,2202578,2022-08-25,,17.9,12.5,15.2,2.8,0.0,,,0.0,,33.0,33.0,104.8
2022-08-26,13.15075,521.4346363724198,-39.49889531776881,-133.532794,68.317527,INUVIK CLIMATE,2202578,2022-08-26,,21.7,7.7,14.7,3.3,0.0,,,0.0,,,,104.8
2022-08-27,11.934650000000001,514.9964280197689,-45.937103670419674,-133.532794,68.317527,INUVIK CLIMATE,2202578,2022-08-27,,18.2,9.3,13.7,4.3,0.0,,,0.0,,,,104.8
2022-08-28,7.46851,514.2720670993177,-46.66146459087088,-133.532794,68.317527,INUVIK CLIMATE,2202578,2022-08-28,,10.7,5.3,8.0,10.0,0.0,,,0.0,,,,104.8
2022-08-29,7.4436350000000004,513.3714955480223,-47.562036142166335,-133.532794,68.317527,INUVIK CLIMATE,2202578,2022-08-29,,11.4,2.7,7.1,10.9,0.0,,,0.0,,,,104.8
2022-08-30,9.5611,511.40474199217437,-49.528789698014236,-133.532794,68.317527,INUVIK CLIMATE,2202578,2022-08-30,,15.8,4.3,10.0,8.0,0.0,,,0.0,,,,104.8
2022-08-31,11.311350000000001,506.1374570204924,-54.796074669696225,-133.532794,68.317527,INUVIK CLIMATE,2202578,2022-08-31,,20.0,7.5,13.7,4.3,0.0,,,0.0,,,,104.8
2022-09-01,12.646049999999999,505.35568116023944,-55.57785052994916,-133.532794,68.317527,INUVIK CLIMATE,2202578,2022-09-01,,22.2,9.4,15.8,2.2,0.0,,,0.0,,,,104.8
2022-09-02,13.6878,505.11836232101916,-55.81516936916941,-133.532794,68.317527,INUVIK CLIMATE,2202578,2022-09-02,,19.7,9.5,14.6,3.4,0.0,,,0.0,,,,104.8
2022-09-03,10.7984,504.4687573338302,-56.46477435635842,-133.532794,68.317527,INUVIK CLIMATE,2202578,2022-09-03,,16.5,10.6,13.6,4.4,0.0,,,0.0,0.0,,,104.8
2022-09-04,8.184905,506.2163221269157,-54.71720956327289,-133.532794,68.317527,INUVIK CLIMATE,2202578,2022-09-04,,10.6,6.7,8.6,9.4,0.0,,,0.6,,31.0,35.0,104.8
2022-09-05,4.077235,505.16636978548456,-55.76716190470404,-133.532794,68.317527,INUVIK CLIMATE,2202578,2022-09-05,,6.7,2.9,4.8,13.2,0.0,,,3.0,,33.0,52.0,104.8
2022-09-06,1.1746,503.51890701314113,-57.41462467704747,-133.532794,68.317527,INUVIK CLIMATE,2202578,2022-09-06,,7.2,0.6,3.9,14.1,0.0,,,0.0,,,,104.8
2022-09-07,4.24893,501.0051888495595,-59.928342840629114,-133.532794,68.317527,INUVIK CLIMATE,2202578,2022-09-07,,7.4,0.4,3.9,14.1,0.0,,,0.1,,,,104.8
2022-09-08,4.317185,500.55900205214084,-60.37452963804779,-133.532794,68.317527,INUVIK CLIMATE,2202578,2022-09-08,,10.8,4.9,7.9,10.1,0.0,,,0.1,,,,104.8
2022-09-09,7.159515,499.0799641885765,-61.853567501612076,-133.532794,68.317527,INUVIK CLIMATE,2202578,2022-09-09,,14.2,4.8,9.5,8.5,0.0,,,1.1,0.0,,,104.8
2022-09-10,4.49099,495.2074549231811,-65.72607676700747,-133.532794,68.317527,INUVIK CLIMATE,2202578,2022-09-10,,7.9,3.7,5.8,12.2,0.0,,,15.8,,,,104.8
2022-09-11,3.634115,492.2557742599631,-68.67775743022551,-133.532794,68.317527,INUVIK CLIMATE,2202578,2022-09-11,,7.1,2.5,4.8,13.2,0.0,,,0.0,0.0,,,104.8
2022-09-12,2.96216,491.9943057706254,-68.93922591956323,-133.532794,68.317527,INUVIK CLIMATE,2202578,2022-09-12,,13.6,3.4,8.5,9.5,0.0,,,0.0,,,,104.8
2022-09-13,2.669295,491.0117655002904,-69.92176618989822,-133.532794,68.317527,INUVIK CLIMATE,2202578,2022-09-13,,5.8,2.1,3.9,14.1,0.0,,,0.4,,8.0,31.0,104.8
2022-09-14,2.116125,490.6170961057482,-70.3164355844404,-133.532794,68.317527,INUVIK CLIMATE,2202578,2022-09-14,,8.4,2.2,5.3,12.7,0.0,,,0.0,0.0,7.0,41.0,104.8
2022-09-15,2.853955,487.51930394015517,-73.4142277500334,-133.532794,68.317527,INUVIK CLIMATE,2202578,2022-09-15,,6.9,3.2,5.0,13.0,0.0,,,2.5,0.0,,,104.8
2022-09-16,3.01295,488.2111915326891,-72.72234015749947,-133.532794,68.317527,INUVIK CLIMATE,2202578,2022-09-16,,5.8,3.1,4.5,13.5,0.0,,,2.0,,,,104.8
2022-09-17,6.422735,485.8738733401981,-75.05965834999051,-133.532794,68.317527,INUVIK CLIMATE,2202578,2022-09-17,,14.4,3.2,8.8,9.2,0.0,,,0.0,,,,104.8
2022-09-18,6.68094,483.38276972540103,-77.55076196478757,-133.532794,68.317527,INUVIK CLIMATE,2202578,2022-09-18,,12.7,5.3,9.0,9.0,0.0,,,0.1,,,,104.8
2022-09-19,4.2111,483.08351403851475,-77.85001765167388,-133.532794,68.317527,INUVIK CLIMATE,2202578,2022-09-19,,13.1,3.7,8.4,9.6,0.0,,,0.0,,,,104.8
2022-09-20,3.617455,482.9571547084497,-77.97637698173887,-133.532794,68.317527,INUVIK CLIMATE,2202578,2022-09-20,,10.8,3.3,7.0,11.0,0.0,,,1.9,,,,104.8
2022-09-21,1.9378199999999999,486.19688696476726,-74.73664472542134,-133.532794,68.317527,INUVIK CLIMATE,2202578,2022-09-21,,9.3,2.1,5.7,12.3,0.0,,,0.0,,,,104.8
2022-09-22,1.28756,484.8591440521326,-76.07438763805598,-133.532794,68.317527,INUVIK CLIMATE,2202578,2022-09-22,,4.1,0.7,2.4,15.6,0.0,,,4.4,,33.0,37.0,104.8
2022-09-23,1.1648049999999999,483.86173530474724,-77.07179638544136,-133.532794,68.317527,INUVIK CLIMATE,2202578,2022-09-23,,4.3,0.7,2.5,15.5,0.0,,,0.0,,34.0,35.0,104.8
2022-09-24,0.604222,483.496669854168,-77.4368618360206,-133.532794,68.317527,INUVIK CLIMATE,2202578,2022-09-24,,3.8,1.0,2.4,15.6,0.0,,,0.0,0.0,,,104.8
2022-09-25,0.22750150000000002,499.6254028050156,-61.30812888517303,-133.532794,68.317527,INUVIK CLIMATE,2202578,2022-09-25,,3.1,-0.1,1.5,16.5,0.0,,,0.1,,,,104.8
2022-09-26,-0.8616465,500.2493055872436,-60.68422610294496,-133.532794,68.317527,INUVIK CLIMATE,2202578,2022-09-26,,2.4,-1.1,0.7,17.3,0.0,,,0.6,,5.0,46.0,104.8
2022-09-27,-0.7949809999999999,500.7782174590652,-60.155314231123384,-133.532794,68.317527,INUVIK CLIMATE,2202578,2022-09-27,,0.0,-1.1,-0.5,18.5,0.0,,,14.9,1.0,30.0,49.0,104.8
2022-09-28,-3.633605,501.31426071533576,-59.61927097485284,-133.532794,68.317527,INUVIK CLIMATE,2202578,2022-09-28,,0.3,-6.4,-3.1,21.1,0.0,,,1.8,12.0,,,104.8
2022-09-29,-2.919585,500.06440316378917,-60.869128526399464,-133.532794,68.317527,INUVIK CLIMATE,2202578,2022-09-29,,5.2,-4.4,0.4,17.6,0.0,,,0.0,11.0,,,104.8
2022-09-30,-1.943655,500.7403937538912,-60.193137936297376,-133.532794,68.317527,INUVIK CLIMATE,2202578,2022-09-30,,2.7,-1.5,0.6,17.4,0.0,,,0.0,9.0,,,104.8
2022-10-01,-1.23678,501.9575722248748,-58.97595946531379,-133.532794,68.317527,INUVIK CLIMATE,2202578,2022-10-01,,0.1,-3.2,-1.6,19.6,0.0,,,0.3,8.0,35.0,40.0,104.8
2022-10-02,-4.208465,502.4456753600387,-58.487856330149896,-133.532794,68.317527,INUVIK CLIMATE,2202578,2022-10-02,,-2.1,-5.0,-3.6,21.6,0.0,,,0.7,6.0,,,104.8
2022-10-03,-4.098409999999999,502.70965087371695,-58.22388081647165,-133.532794,68.317527,INUVIK CLIMATE,2202578,2022-10-03,,-1.4,-4.3,-2.8,20.8,0.0,,,0.0,9.0,,,104.8
2022-10-04,-1.2333385,503.0656052793772,-57.86792641081141,-133.532794,68.317527,INUVIK CLIMATE,2202578,2022-10-04,,2.4,-4.3,-1.0,19.0,0.0,,,0.0,8.0,16.0,33.0,104.8
2022-10-05,-0.2399558,504.6256855330515,-56.30784615713705,-133.532794,68.317527,INUVIK CLIMATE,2202578,2022-10-05,,2.6,-1.1,0.7,17.3,0.0,,,1.0,7.0,,,104.8
2022-10-06,4.59258,506.4626446422444,-54.47088704794422,-133.532794,68.317527,INUVIK CLIMATE,2202578,2022-10-06,,9.5,-0.5,4.5,13.5,0.0,,,0.0,6.0,23.0,34.0,104.8
2022-10-07,5.452365,508.929604310928,-52.003927379260574,-133.532794,68.317527,INUVIK CLIMATE,2202578,2022-10-07,,12.4,3.7,8.1,9.9,0.0,,,0.2,,26.0,39.0,104.8
2022-10-08,1.5875599999999999,508.747289489595,-52.186242200593625,-133.532794,68.317527,INUVIK CLIMATE,2202578,2022-10-08,,7.2,-1.5,2.8,15.2,0.0,,,0.4,,,,104.8
2022-10-09,1.3375599999999999,507.81613222623,-53.11739946395858,-133.532794,68.317527,INUVIK CLIMATE,2202578,2022-10-09,,4.5,0.3,2.4,15.6,0.0,,,1.0,,34.0,34.0,104.8
2022-10-10,-1.12408,508.6839932146189,-52.24953847556969,-133.532794,68.317527,INUVIK CLIMATE,2202578,2022-10-10,,0.4,-3.7,-1.7,19.7,0.0,,,5.6,1.0,34.0,55.0,104.8
2022-10-11,-3.19789,509.9579068542648,-50.97562483592381,-133.532794,68.317527,INUVIK CLIMATE,2202578,2022-10-11,,-1.0,-3.9,-2.5,20.5,0.0,,,0.1,1.0,,,104.8
2022-10-12,-4.7034400000000005,510.00469184749375,-50.92883984269483,-133.532794,68.317527,INUVIK CLIMATE,2202578,2022-10-12,,-0.2,-7.5,-3.9,21.9,0.0,,,0.0,0.0,,,104.8
2022-10-13,-5.75027,510.04344413657566,-50.89008755361294,-133.532794,68.317527,INUVIK CLIMATE,2202578,2022-10-13,,-3.3,-8.1,-5.7,23.7,0.0,,,0.0,0.0,,,104.8
2022-10-14,-6.96879,510.8714018415326,-50.062129848655985,-133.532794,68.317527,INUVIK CLIMATE,2202578,2022-10-14,,-2.5,-9.3,-5.9,23.9,0.0,,,0.0,,,,104.8
2022-10-15,-9.975940000000001,511.5752482482698,-49.358283441918786,-133.532794,68.317527,INUVIK CLIMATE,2202578,2022-10-15,,-4.3,-9.0,-6.6,24.6,0.0,,,0.0,,10.0,31.0,104.8
2022-10-16,-3.97328,512.8154780984336,-48.11805359175503,-133.532794,68.317527,INUVIK CLIMATE,2202578,2022-10-16,,-1.2,-7.2,-4.2,22.2,0.0,,,0.6,,9.0,32.0,104.8
2022-10-17,-1.839685,514.0653534641267,-46.86817822606196,-133.532794,68.317527,INUVIK CLIMATE,2202578,2022-10-17,,-0.4,-2.8,-1.6,19.6,0.0,,,0.8,1.0,,,104.8
2022-10-18,-3.516145,514.4229494363933,-46.510582253795235,-133.532794,68.317527,INUVIK CLIMATE,2202578,2022-10-18,,-2.0,-6.4,-4.2,22.2,0.0,,,0.0,1.0,,,104.8
2022-10-19,-4.179895,514.7518400425943,-46.181691647594334,-133.532794,68.317527,INUVIK CLIMATE,2202578,2022-10-19,,-2.6,-5.0,-3.8,21.8,0.0,,,0.0,1.0,,,104.8
2022-10-20,-4.561905,515.0242309851544,-45.90930070503424,-133.532794,68.317527,INUVIK CLIMATE,2202578,2022-10-20,,-3.1,-7.8,-5.5,23.5,0.0,,,4.6,5.0,,,104.8
2022-10-21,-7.152645,515.5023377466537,-45.43119394353488,-133.532794,68.317527,INUVIK CLIMATE,2202578,2022-10-21,,-6.0,-10.3,-8.2,26.2,0.0,,,0.0,8.0,,,104.8
2022-10-22,-15.05425,515.6587959414913,-45.27473574869725,-133.532794,68.317527,INUVIK CLIMATE,2202578,2022-10-22,,-8.0,-11.5,-9.8,27.8,0.0,,,0.2,7.0,,,104.8
2022-10-23,-17.6722,515.4527515056939,-45.48078018449468,-133.532794,68.317527,INUVIK CLIMATE,2202578,2022-10-23,,-9.3,-13.2,-11.3,29.3,0.0,,,0.0,7.0,,,104.8
2022-10-24,-19.58095,516.8643566806444,-44.06917500954421,-133.532794,68.317527,INUVIK CLIMATE,2202578,2022-10-24,,-8.9,-16.0,-12.5,30.5,0.0,,,0.0,7.0,,,104.8
2022-10-25,-14.92615,519.4133112529514,-41.52022043723724,-133.532794,68.317527,INUVIK CLIMATE,2202578,2022-10-25,,-9.8,-16.1,-13.0,31.0,0.0,,,0.0,7.0,,,104.8
2022-10-26,-9.89153,522.2412713990964,-38.69226029109217,-133.532794,68.317527,INUVIK CLIMATE,2202578,2022-10-26,,-6.8,-10.3,-8.6,26.6,0.0,,,0.0,6.0,8.0,40.0,104.8
2022-10-27,-14.042300000000001,525.308404929076,-35.625126761112654,-133.532794,68.317527,INUVIK CLIMATE,2202578,2022-10-27,,-9.3,-14.6,-12.0,30.0,0.0,,,0.0,9.0,8.0,33.0,104.8
2022-10-28,-9.811375,527.7337263736272,-33.19980531656148,-133.532794,68.317527,INUVIK CLIMATE,2202578,2022-10-28,,-9.0,-11.2,-10.1,28.1,0.0,,,0.2,8.0,,,104.8
2022-10-29,-10.74735,530.6332376382136,-30.30029405197496,-133.532794,68.317527,INUVIK CLIMATE,2202578,2022-10-29,,-9.1,-12.1,-10.6,28.6,0.0,,,0.1,9.0,6.0,34.0,104.8
2022-10-30,-14.386800000000001,533.334125607629,-27.599406082559597,-133.532794,68.317527,INUVIK CLIMATE,2202578,2022-10-30,,-9.1,-17.1,-13.1,31.1,0.0,,,0.0,9.0,,,104.8
2022-10-31,-12.8955,536.3647244023393,-24.568807287849324,-133.532794,68.317527,INUVIK CLIMATE,2202578,2022-10-31,,-11.1,-15.2,-13.1,31.1,0.0,,,0.0,9.0,,,104.8
2022-11-01,-14.20265,539.5828083600132,-21.350723330175356,-133.532794,68.317527,INUVIK CLIMATE,2202578,2022-11-01,,-13.1,-15.6,-14.3,32.3,0.0,,,0.0,9.0,14.0,32.0,104.8
2022-11-02,-15.44125,542.6378682184406,-18.2956634717479,-133.532794,68.317527,INUVIK CLIMATE,2202578,2022-11-02,,-13.7,-16.7,-15.2,33.2,0.0,,,0.1,9.0,15.0,36.0,104.8
2022-11-03,-12.36955,546.0602167506147,-14.873314939573845,-133.532794,68.317527,INUVIK CLIMATE,2202578,2022-11-03,,-11.4,-14.2,-12.8,30.8,0.0,,,0.6,9.0,,,104.8
2022-11-04,-12.052900000000001,548.8038058262399,-12.129725863948693,-133.532794,68.317527,INUVIK CLIMATE,2202578,2022-11-04,,-10.6,-13.4,-12.0,30.0,0.0,,,0.9,10.0,1.0,37.0,104.8
2022-11-05,-14.39575,551.353231922575,-9.58029976761361,-133.532794,68.317527,INUVIK CLIMATE,2202578,2022-11-05,,-12.4,-15.5,-13.9,31.9,0.0,,,0.0,12.0,29.0,36.0,104.8
2022-11-06,-13.00715,553.5137182296284,-7.419813460560249,-133.532794,68.317527,INUVIK CLIMATE,2202578,2022-11-06,,-12.4,-16.8,-14.6,32.6,0.0,,,0.9,14.0,30.0,35.0,104.8
2022-11-07,-23.953200000000002,555.9394288756222,-4.994102814566418,-133.532794,68.317527,INUVIK CLIMATE,2202578,2022-11-07,,-13.6,-19.6,-16.6,34.6,0.0,,,0.0,13.0,,,104.8
2022-11-08,-9.706095,556.846676966795,-4.0868547233935715,-133.532794,68.317527,INUVIK CLIMATE,2202578,2022-11-08,,-4.1,-13.8,-8.9,26.9,0.0,,,0.0,13.0,17.0,38.0,104.8
2022-11-09,-12.0508,558.704337522135,-2.2291941680535956,-133.532794,68.317527,INUVIK CLIMATE,2202578,2022-11-09,,-3.9,-8.7,-6.3,24.3,0.0,,,0.0,12.0,16.0,35.0,104.8
2022-11-10,-9.337565,560.0661896676462,-0.8673420225424024,-133.532794,68.317527,INUVIK CLIMATE,2202578,2022-11-10,,-4.7,-10.5,-7.6,25.6,0.0,,,0.2,12.0,19.0,31.0,104.8
2022-11-11,-9.08176,561.1799954358615,0.2464637456729406,-133.532794,68.317527,INUVIK CLIMATE,2202578,2022-11-11,,-6.8,-10.9,-8.9,26.9,0.0,,,1.2,14.0,,,104.8
2022-11-12,-12.21745,562.1989586642726,1.2654269740839936,-133.532794,68.317527,INUVIK CLIMATE,2202578,2022-11-12,,-4.6,-10.3,-7.5,25.5,0.0,,,0.0,13.0,,,104.8
2022-11-13,-14.14525,563.2575278368399,2.323996146651382,-133.532794,68.317527,INUVIK CLIMATE,2202578,2022-11-13,,-8.4,-17.9,-13.2,31.2,0.0,,,0.0,13.0,,,104.8
2022-11-14,-8.735990000000001,563.9031604764825,2.969628786293981,-133.532794,68.317527,INUVIK CLIMATE,2202578,2022-11-14,,-7.1,-13.2,-10.2,28.2,0.0,,,2.4,13.0,32.0,44.0,104.8
2022-11-15,-17.9487,565.086819670981,4.153287980792413,-133.532794,68.317527,INUVIK CLIMATE,2202578,2022-11-15,,-12.5,-17.2,-14.9,32.9,0.0,,,0.1,16.0,32.0,31.0,104.8
2022-11-16,-14.98335,565.7019178624666,4.768386172278042,-133.532794,68.317527,INUVIK CLIMATE,2202578,2022-11-16,,-3.8,-13.2,-8.5,26.5,0.0,,,0.0,16.0,,,104.8
2022-11-17,-10.733049999999999,565.5279853265439,4.594453636355297,-133.532794,68.317527,INUVIK CLIMATE,2202578,2022-11-17,,-2.3,-8.9,-5.6,23.6,0.0,,,0.0,16.0,,,104.8
2022-11-18,-8.680165,565.1386596352279,4.205127945039294,-133.532794,68.317527,INUVIK CLIMATE,2202578,2022-11-18,,0.2,-6.7,-3.2,21.2,0.0,,,0.0,15.0,,,104.8
2022-11-19,-3.134395,565.6477291368569,4.7141974466682655,-133.532794,68.317527,INUVIK CLIMATE,2202578,2022-11-19,,0.3,-4.9,-2.3,20.3,0.0,,,3.4,15.0,,,104.8
2022-11-20,-6.06747,566.9415050308141,6.007973340625483,-133.532794,68.317527,INUVIK CLIMATE,2202578,2022-11-20,,-4.6,-6.4,-5.5,23.5,0.0,,,0.3,19.0,,,104.8
2022-11-21,-9.378575,567.672561813442,6.739030123253428,-133.532794,68.317527,INUVIK CLIMATE,2202578,2022-11-21,,-6.2,-10.2,-8.2,26.2,0.0,,,0.0,19.0,,,104.8
2022-11-22,-8.67567,567.7119187317243,6.778387041535666,-133.532794,68.317527,INUVIK CLIMATE,2202578,2022-11-22,,-7.6,-9.1,-8.3,26.3,0.0,,,3.0,18.0,,,104.8
2022-11-23,-14.27695,568.2231638259441,7.2896321357554825,-133.532794,68.317527,INUVIK CLIMATE,2202578,2022-11-23,,-8.8,-17.2,-13.0,31.0,0.0,,,1.6,23.0,,,104.8
2022-11-24,-20.79495,568.8074332556653,7.873901565476729,-133.532794,68.317527,INUVIK CLIMATE,2202578,2022-11-24,,-13.1,-17.9,-15.5,33.5,0.0,,,0.0,23.0,,,104.8
2022-11-25,-13.63515,568.6026075659299,7.669075875741385,-133.532794,68.317527,INUVIK CLIMATE,2202578,2022-11-25,,-12.3,-14.3,-13.3,31.3,0.0,,,0.2,22.0,,,104.8
2022-11-26,-15.402899999999999,568.8673027259264,7.933771035737777,-133.532794,68.317527,INUVIK CLIMATE,2202578,2022-11-26,,-12.2,-20.1,-16.2,34.2,0.0,,,1.7,23.0,,,104.8
2022-11-27,-30.9659,569.7855235657455,8.851991875556905,-133.532794,68.317527,INUVIK CLIMATE,2202578,2022-11-27,,-20.0,-30.0,-25.0,43.0,0.0,,,0.3,25.0,,,104.8
2022-11-28,-29.079349999999998,570.3572859959361,9.423754305747423,-133.532794,68.317527,INUVIK CLIMATE,2202578,2022-11-28,,-25.0,-29.9,-27.4,45.4,0.0,,,0.0,25.0,,,104.8
2022-11-29,-29.60155,570.5079152844728,9.5743835942842,-133.532794,68.317527,INUVIK CLIMATE,2202578,2022-11-29,,-22.8,-30.8,-26.8,44.8,0.0,,,0.0,24.0,,,104.8
2022-11-30,-21.00025,570.0326033189222,9.099071628733554,-133.532794,68.317527,INUVIK CLIMATE,2202578,2022-11-30,,-14.9,-22.9,-18.9,36.9,0.0,,,0.3,24.0,,,104.8
2022-12-01,-16.15635,569.7140169975814,8.780485307392837,-133.532794,68.317527,INUVIK CLIMATE,2202578,2022-12-01,,-14.9,-20.7,-17.8,35.8,0.0,,,0.5,25.0,,,104.8
2022-12-02,-13.17225,569.5575665561179,8.624034865929275,-133.532794,68.317527,INUVIK CLIMATE,2202578,2022-12-02,,-3.4,-16.0,-9.7,27.7,0.0,,,2.8,25.0,,,104.8
2022-12-03,-3.31297,569.5741943647135,8.640662674524947,-133.532794,68.317527,INUVIK CLIMATE,2202578,2022-12-03,,1.4,-16.4,-7.5,25.5,0.0,,,0.8,29.0,32.0,96.0,104.8
2022-12-04,-27.248150000000003,570.8203986991174,9.886867008928789,-133.532794,68.317527,INUVIK CLIMATE,2202578,2022-12-04,,-16.3,-24.2,-20.2,38.2,0.0,,,0.0,16.0,11.0,33.0,104.8
2022-12-05,-24.3127,570.7508336898493,9.817301999660742,-133.532794,68.317527,INUVIK CLIMATE,2202578,2022-12-05,,-22.4,-24.8,-23.6,41.6,0.0,,,0.0,16.0,18.0,38.0,104.8
2022-12-06,-25.88065,570.846447622712,9.912915932523447,-133.532794,68.317527,INUVIK CLIMATE,2202578,2022-12-06,,-23.5,-26.6,-25.0,43.0,0.0,,,0.0,16.0,,,104.8
2022-12-07,-29.432000000000002,571.1349570595853,10.201425369396702,-133.532794,68.317527,INUVIK CLIMATE,2202578,2022-12-07,,-25.8,-30.0,-27.9,45.9,0.0,,,0.0,17.0,,,104.8
2022-12-08,-34.3791,571.3624848397485,10.428953149559959,-133.532794,68.317527,INUVIK CLIMATE,2202578,2022-12-08,,-28.0,-32.2,-30.1,48.1,0.0,,,0.0,17.0,,,104.8
2022-12-09,-28.1066,571.3454389211988,10.411907231010161,-133.532794,68.317527,INUVIK CLIMATE,2202578,2022-12-09,,-23.9,-30.2,-27.1,45.1,0.0,,,0.0,17.0,,,104.8
2022-12-10,-25.3145,571.2449765527901,10.31144486260149,-133.532794,68.317527,INUVIK CLIMATE,2202578,2022-12-10,,-16.8,-24.1,-20.5,38.5,0.0,,,0.0,16.0,,,104.8
2022-12-11,-28.34365,571.4001739856765,10.46664229548793,-133.532794,68.317527,INUVIK CLIMATE,2202578,2022-12-11,,-20.5,-25.2,-22.8,40.8,0.0,,,0.0,17.0,,,104.8
2022-12-12,-20.1553,571.0216001094365,10.088068419247861,-133.532794,68.317527,INUVIK CLIMATE,2202578,2022-12-12,,-18.2,-24.8,-21.5,39.5,0.0,,,1.8,17.0,13.0,33.0,104.8
2022-12-13,-17.94945,570.845755253504,9.912223563315308,-133.532794,68.317527,INUVIK CLIMATE,2202578,2022-12-13,,-12.4,-20.1,-16.2,34.2,0.0,,,0.0,18.0,,,104.8
2022-12-14,-21.19075,570.9417865090327,10.008254818844136,-133.532794,68.317527,INUVIK CLIMATE,2202578,2022-12-14,,-13.8,-19.7,-16.7,34.7,0.0,,,0.4,19.0,,,104.8
2022-12-15,-24.418799999999997,571.1172194663231,10.183687776134605,-133.532794,68.317527,INUVIK CLIMATE,2202578,2022-12-15,,-16.6,-22.0,-19.3,37.3,0.0,,,0.0,20.0,,,104.8
2022-12-16,-18.446550000000002,570.7559626634708,9.822430973282167,-133.532794,68.317527,INUVIK CLIMATE,2202578,2022-12-16,,-15.5,-23.5,-19.5,37.5,0.0,,,0.4,19.0,29.0,38.0,104.8
2022-12-17,-24.28305,571.045575072157,10.11204338196842,-133.532794,68.317527,INUVIK CLIMATE,2202578,2022-12-17,,-18.9,-26.1,-22.5,40.5,0.0,,,0.4,20.0,29.0,34.0,104.8
2022-12-18,-29.41405,571.3540357177615,10.42050402757286,-133.532794,68.317527,INUVIK CLIMATE,2202578,2022-12-18,,-24.5,-28.6,-26.5,44.5,0.0,,,0.0,20.0,,,104.8
2022-12-19,-30.84465,571.4549097272611,10.521378037072566,-133.532794,68.317527,INUVIK CLIMATE,2202578,2022-12-19,,-25.5,-29.9,-27.7,45.7,0.0,,,0.0,20.0,,,104.8
2022-12-20,-27.7984,571.2877931497644,10.354261459575866,-133.532794,68.317527,INUVIK CLIMATE,2202578,2022-12-20,,-25.2,-30.2,-27.7,45.7,0.0,,,0.0,20.0,,,104.8
2022-12-21,-24.44395,571.1094570371208,10.175925346932274,-133.532794,68.317527,INUVIK CLIMATE,2202578,2022-12-21,,-23.0,-26.3,-24.7,42.7,0.0,,,0.3,20.0,,,104.8
2022-12-22,-21.9431,570.9814166642991,10.047884974110445,-133.532794,68.317527,INUVIK CLIMATE,2202578,2022-12-22,,-19.4,-27.5,-23.4,41.4,0.0,,,2.9,21.0,34.0,33.0,104.8
2022-12-23,-33.885400000000004,571.3380925799268,10.40456088973815,-133.532794,68.317527,INUVIK CLIMATE,2202578,2022-12-23,,-27.5,-36.5,-32.0,50.0,0.0,,,0.0,24.0,,,104.8
2022-12-24,-40.61135,,,-133.532794,68.317527,INUVIK CLIMATE,2202578,2022-12-24,,-32.7,-37.0,-34.8,52.8,0.0,,,0.0,24.0,,,104.8
2022-12-25,-41.98255,,,-133.532794,68.317527,INUVIK CLIMATE,2202578,2022-12-25,,-34.2,-38.0,-36.1,54.1,0.0,,,0.0,24.0,,,104.8
2022-12-26,-30.9947,571.4248407984451,10.49130910825653,-133.532794,68.317527,INUVIK CLIMATE,2202578,2022-12-26,,-26.1,-35.5,-30.8,48.8,0.0,,,1.6,24.0,,,104.8
2022-12-27,-27.656599999999997,571.3112136697723,10.377681979583656,-133.532794,68.317527,INUVIK CLIMATE,2202578,2022-12-27,,-25.5,-32.7,-29.1,47.1,0.0,,,1.0,25.0,,,104.8
2022-12-28,-26.176450000000003,571.1518617913313,10.21833010114267,-133.532794,68.317527,INUVIK CLIMATE,2202578,2022-12-28,,-22.7,-32.6,-27.6,45.6,0.0,,,0.9,26.0,,,104.8
2022-12-29,-21.23545,570.988068395159,10.054536704970417,-133.532794,68.317527,INUVIK CLIMATE,2202578,2022-12-29,,-21.2,-23.5,-22.4,40.4,0.0,,,0.1,28.0,,,104.8
2022-12-30,-18.403750000000002,570.7874137384632,9.853882048274613,-133.532794,68.317527,INUVIK CLIMATE,2202578,2022-12-30,,-16.7,-22.3,-19.5,37.5,0.0,,,0.3,28.0,,,104.8
2022-12-31,-21.2108,570.9070049761926,9.97347328600398,-133.532794,68.317527,INUVIK CLIMATE,2202578,2022-12-31,,-16.5,-21.4,-18.9,36.9,0.0,,,0.0,28.0,,,104.8
2023-01-01,-17.25555,570.7166052977536,9.78307360756503,-133.532794,68.317527,INUVIK CLIMATE,2202578,2023-01-01,,-15.9,-20.1,-18.0,36.0,0.0,,,0.0,27.0,,,104.8
2023-01-02,-16.232,570.7247815002169,9.791249810028262,-133.532794,68.317527,INUVIK CLIMATE,2202578,2023-01-02,,-14.9,-18.3,-16.6,34.6,0.0,,,2.1,26.0,,,104.8
2023-01-03,-15.3394,570.5669505712692,9.633418881080672,-133.532794,68.317527,INUVIK CLIMATE,2202578,2023-01-03,,-14.7,-15.8,-15.2,33.2,0.0,,,0.1,30.0,,,104.8
2023-01-04,-15.344999999999999,570.5583559041784,9.624824213989768,-133.532794,68.317527,INUVIK CLIMATE,2202578,2023-01-04,,-14.3,-18.2,-16.3,34.3,0.0,,,0.2,29.0,,,104.8
2023-01-05,-16.253700000000002,570.6166963647969,9.683164674608292,-133.532794,68.317527,INUVIK CLIMATE,2202578,2023-01-05,,-15.2,-16.7,-16.0,34.0,0.0,,,0.0,29.0,,,104.8
2023-01-06,-19.932499999999997,570.8572581281347,9.92372643794613,-133.532794,68.317527,INUVIK CLIMATE,2202578,2023-01-06,,-15.6,-19.3,-17.4,35.4,0.0,,,0.0,27.0,,,104.8
2023-01-07,-19.48705,570.8389653766678,9.905433686479284,-133.532794,68.317527,INUVIK CLIMATE,2202578,2023-01-07,,-17.2,-21.8,-19.5,37.5,0.0,,,1.6,28.0,,,104.8
2023-01-08,-23.524050000000003,571.116525551645,10.182993861456396,-133.532794,68.317527,INUVIK CLIMATE,2202578,2023-01-08,,-17.6,-23.1,-20.3,38.3,0.0,,,1.5,31.0,,,104.8
2023-01-09,-18.57725,570.7714837619249,9.83795207173631,-133.532794,68.317527,INUVIK CLIMATE,2202578,2023-01-09,,-16.9,-20.0,-18.4,36.4,0.0,,,0.7,35.0,,,104.8
2023-01-10,-27.95155,571.0928236765906,10.159291986401968,-133.532794,68.317527,INUVIK CLIMATE,2202578,2023-01-10,,-16.5,-28.1,-22.3,40.3,0.0,,,0.0,34.0,32.0,34.0,104.8
2023-01-11,-26.4275,571.3314480809458,10.397916390757302,-133.532794,68.317527,INUVIK CLIMATE,2202578,2023-01-11,,-23.0,-28.5,-25.7,43.7,0.0,,,0.0,34.0,,,104.8
2023-01-12,-30.837,571.4363403040247,10.50280861383618,-133.532794,68.317527,INUVIK CLIMATE,2202578,2023-01-12,,-21.9,-25.6,-23.7,41.7,0.0,,,0.0,33.0,,,104.8
2023-01-13,-23.24495,571.1928770722734,10.259345382084803,-133.532794,68.317527,INUVIK CLIMATE,2202578,2023-01-13,,-21.7,-26.2,-23.9,41.9,0.0,,,0.0,33.0,,,104.8
2023-01-14,-29.965850000000003,571.1535227288474,10.219991038658804,-133.532794,68.317527,INUVIK CLIMATE,2202578,2023-01-14,,-22.6,-29.3,-26.0,44.0,0.0,,,0.0,32.0,,,104.8
2023-01-15,-26.84415,571.3382378709146,10.404706180725952,-133.532794,68.317527,INUVIK CLIMATE,2202578,2023-01-15,,-26.3,-29.7,-28.0,46.0,0.0,,,0.0,32.0,,,104.8
2023-01-16,-22.9341,571.116943970286,10.183412280097343,-133.532794,68.317527,INUVIK CLIMATE,2202578,2023-01-16,,-21.0,-26.4,-23.7,41.7,0.0,,,0.9,31.0,,,104.8
2023-01-17,-20.442050000000002,570.9959697902714,10.062438100082773,-133.532794,68.317527,INUVIK CLIMATE,2202578,2023-01-17,,-17.7,-25.2,-21.4,39.4,0.0,,,0.0,31.0,,,104.8
2023-01-18,-16.44975,570.6653344907361,9.731802800547484,-133.532794,68.317527,INUVIK CLIMATE,2202578,2023-01-18,,-16.6,-21.0,-18.8,36.8,0.0,,,0.9,32.0,,,104.8
2023-01-19,-23.610599999999998,571.0271482742119,10.093616584023266,-133.532794,68.317527,INUVIK CLIMATE,2202578,2023-01-19,,-20.0,-23.5,-21.7,39.7,0.0,,,0.0,35.0,,,104.8
2023-01-20,-25.3958,571.175831840204,10.24230015001541,-133.532794,68.317527,INUVIK CLIMATE,2202578,2023-01-20,,-19.6,-23.2,-21.4,39.4,0.0,,,0.0,34.0,,,104.8
2023-01-21,-18.2479,570.7847849433749,9.851253253186371,-133.532794,68.317527,INUVIK CLIMATE,2202578,2023-01-21,,-16.8,-21.7,-19.3,37.3,0.0,,,0.0,33.0,,,104.8
2023-01-22,-19.1545,570.6995597651992,9.766028075010524,-133.532794,68.317527,INUVIK CLIMATE,2202578,2023-01-22,,-16.5,-21.5,-19.0,37.0,0.0,,,5.7,33.0,,,104.8
2023-01-23,-21.33335,570.9236327587912,9.990101068602655,-133.532794,68.317527,INUVIK CLIMATE,2202578,2023-01-23,,-21.1,-23.2,-22.1,40.1,0.0,,,0.6,36.0,,,104.8
2023-01-24,-21.4098,570.9750428113878,10.041511121199164,-133.532794,68.317527,INUVIK CLIMATE,2202578,2023-01-24,,-19.7,-22.9,-21.3,39.3,0.0,,,6.0,37.0,,,104.8
2023-01-25,-22.295749999999998,570.9979030775203,10.064371387331732,-133.532794,68.317527,INUVIK CLIMATE,2202578,2023-01-25,,-21.0,-23.8,-22.4,40.4,0.0,,,0.4,42.0,,,104.8
2023-01-26,-27.4775,571.2876581794814,10.354126489292753,-133.532794,68.317527,INUVIK CLIMATE,2202578,2023-01-26,,-23.7,-29.5,-26.6,44.6,0.0,,,0.5,41.0,,,104.8
2023-01-27,-37.9722,571.731630617656,10.798098927467493,-133.532794,68.317527,INUVIK CLIMATE,2202578,2023-01-27,,-28.0,-33.4,-30.7,48.7,0.0,,,0.0,42.0,,,104.8
2023-01-28,-35.1209,571.6387899621084,10.705258271919774,-133.532794,68.317527,INUVIK CLIMATE,2202578,2023-01-28,,-17.3,-30.7,-24.0,42.0,0.0,,,1.5,41.0,,,104.8
2023-01-29,,,,-133.532794,68.317527,INUVIK CLIMATE,2202578,2023-01-29,,-10.9,-24.7,-17.8,35.8,0.0,,,0.1,42.0,,,104.8
2023-01-30,-33.98885,571.4966168640096,10.563085173821037,-133.532794,68.317527,INUVIK CLIMATE,2202578,2023-01-30,,-24.7,-33.4,-29.1,47.1,0.0,,,0.0,43.0,,,104.8
2023-01-31,-38.9661,571.6296454427065,10.696113752517931,-133.532794,68.317527,INUVIK CLIMATE,2202578,2023-01-31,,-27.6,-33.3,-30.5,48.5,0.0,,,0.0,43.0,,,104.8
2023-02-01,-36.534850000000006,571.7709841949666,10.837452504778014,-133.532794,68.317527,INUVIK CLIMATE,2202578,2023-02-01,,-28.7,-32.3,-30.5,48.5,0.0,,,0.0,43.0,,,104.8
2023-02-02,-38.931700000000006,571.5315371448658,10.59800545467715,-133.532794,68.317527,INUVIK CLIMATE,2202578,2023-02-02,,-30.9,-35.1,-33.0,51.0,0.0,,,0.0,42.0,,,104.8
2023-02-03,-42.4801,571.631857340116,10.69832564992737,-133.532794,68.317527,INUVIK CLIMATE,2202578,2023-02-03,,-32.6,-36.4,-34.5,52.5,0.0,,,0.0,42.0,,,104.8
2023-02-04,-44.78915,571.5780952289306,10.644563538742034,-133.532794,68.317527,INUVIK CLIMATE,2202578,2023-02-04,,-30.5,-35.9,-33.2,51.2,0.0,,,0.0,42.0,,,104.8
2023-02-05,-46.075649999999996,572.5458331625773,11.612301472388708,-133.532794,68.317527,INUVIK CLIMATE,2202578,2023-02-05,,-32.5,-38.4,-35.5,53.5,0.0,,,0.0,42.0,,,104.8
2023-02-06,-42.38305,566.1657669800649,5.232235289876257,-133.532794,68.317527,INUVIK CLIMATE,2202578,2023-02-06,,-31.8,-38.8,-35.3,53.3,0.0,,,0.0,42.0,,,104.8
2023-02-07,-31.456850000000003,569.9335223818772,8.999990691688595,-133.532794,68.317527,INUVIK CLIMATE,2202578,2023-02-07,,-29.1,-37.0,-33.1,51.1,0.0,,,0.6,41.0,,,104.8
2023-02-08,-26.982799999999997,569.7504642668637,8.816932576675129,-133.532794,68.317527,INUVIK CLIMATE,2202578,2023-02-08,,-26.9,-30.9,-28.9,46.9,0.0,,,0.0,42.0,,,104.8
2023-02-09,-25.88915,570.7365621581323,9.803030467943756,-133.532794,68.317527,INUVIK CLIMATE,2202578,2023-02-09,,-22.6,-31.1,-26.8,44.8,0.0,,,0.0,42.0,,,104.8
2023-02-10,-25.0468,571.6127370445406,10.679205354352064,-133.532794,68.317527,INUVIK CLIMATE,2202578,2023-02-10,,-22.1,-27.8,-25.0,43.0,0.0,,,5.1,41.0,,,104.8
2023-02-11,-31.5235,571.8427624239511,10.909230733762456,-133.532794,68.317527,INUVIK CLIMATE,2202578,2023-02-11,,-27.3,-31.9,-29.6,47.6,0.0,,,0.0,44.0,,,104.8
2023-02-12,-38.69175,571.3924108407908,10.458879150602229,-133.532794,68.317527,INUVIK CLIMATE,2202578,2023-02-12,,-28.7,-33.5,-31.1,49.1,0.0,,,0.0,43.0,,,104.8
2023-02-13,-33.61765,571.7968932566284,10.863361566439778,-133.532794,68.317527,INUVIK CLIMATE,2202578,2023-02-13,,-30.2,-38.5,-34.4,52.4,0.0,,,0.0,43.0,,,104.8
2023-02-14,-31.522750000000002,571.7637816836514,10.830249993462758,-133.532794,68.317527,INUVIK CLIMATE,2202578,2023-02-14,,-24.3,-31.4,-27.9,45.9,0.0,,,0.0,43.0,,,104.8
2023-02-15,-37.70525,571.7852518981266,10.851720207938001,-133.532794,68.317527,INUVIK CLIMATE,2202578,2023-02-15,,-26.5,-30.5,-28.5,46.5,0.0,,,0.0,43.0,,,104.8
2023-02-16,-38.445499999999996,571.1719509986428,10.238419308454183,-133.532794,68.317527,INUVIK CLIMATE,2202578,2023-02-16,,-26.3,-35.2,-30.8,48.8,0.0,,,0.0,43.0,,,104.8
2023-02-17,-39.731750000000005,571.1143092633669,10.180777573178261,-133.532794,68.317527,INUVIK CLIMATE,2202578,2023-02-17,,-26.1,-33.5,-29.8,47.8,0.0,,,0.0,43.0,,,104.8
2023-02-18,-31.3323,571.6426707052871,10.709139015098458,-133.532794,68.317527,INUVIK CLIMATE,2202578,2023-02-18,,-24.2,-31.5,-27.8,45.8,0.0,,,0.0,43.0,,,104.8
2023-02-19,-32.7846,571.7615555064574,10.828023816268797,-133.532794,68.317527,INUVIK CLIMATE,2202578,2023-02-19,,-23.3,-29.7,-26.5,44.5,0.0,,,0.0,43.0,,,104.8
2023-02-20,-27.265900000000002,571.415967033184,10.482435342995359,-133.532794,68.317527,INUVIK CLIMATE,2202578,2023-02-20,,-21.9,-27.8,-24.8,42.8,0.0,,,0.7,43.0,,,104.8
2023-02-21,-27.50155,571.4054393944471,10.471907704258513,-133.532794,68.317527,INUVIK CLIMATE,2202578,2023-02-21,,-24.3,-29.8,-27.1,45.1,0.0,,,0.0,44.0,,,104.8
2023-02-22,-28.477800000000002,571.4231791777352,10.489647487546563,-133.532794,68.317527,INUVIK CLIMATE,2202578,2023-02-22,,-20.8,-32.1,-26.5,44.5,0.0,,,0.0,43.0,13.0,32.0,104.8
2023-02-23,-19.4989,570.8586411897904,9.925109499601888,-133.532794,68.317527,INUVIK CLIMATE,2202578,2023-02-23,,-12.9,-23.0,-18.0,36.0,0.0,,,6.2,43.0,14.0,48.0,104.8
2023-02-24,-8.71667,569.7205340744331,8.787002384244431,-133.532794,68.317527,INUVIK CLIMATE,2202578,2023-02-24,,-5.5,-13.8,-9.6,27.6,0.0,,,4.5,46.0,31.0,49.0,104.8
2023-02-25,-14.667750000000002,569.8889060126211,8.955374322432476,-133.532794,68.317527,INUVIK CLIMATE,2202578,2023-02-25,,-8.6,-14.1,-11.4,29.4,0.0,,,1.7,50.0,,,104.8
2023-02-26,-17.74445,569.8600788642152,8.92654717402661,-133.532794,68.317527,INUVIK CLIMATE,2202578,2023-02-26,,-12.7,-22.2,-17.5,35.5,0.0,,,0.2,50.0,35.0,34.0,104.8
2023-02-27,-26.0344,570.3144647501538,9.380933059965116,-133.532794,68.317527,INUVIK CLIMATE,2202578,2023-02-27,,-21.6,-26.7,-24.1,42.1,0.0,,,0.0,49.0,,,104.8
2023-02-28,-34.45155,570.6484278687112,9.714896178522622,-133.532794,68.317527,INUVIK CLIMATE,2202578,2023-02-28,,-22.6,-28.1,-25.3,43.3,0.0,,,0.0,49.0,,,104.8
2023-03-01,-35.498400000000004,569.4174604613773,8.483928771188744,-133.532794,68.317527,INUVIK CLIMATE,2202578,2023-03-01,,-24.6,-28.8,-26.7,44.7,0.0,,,0.0,49.0,,,104.8
2023-03-02,-31.438049999999997,570.4344772880643,9.50094559787567,-133.532794,68.317527,INUVIK CLIMATE,2202578,2023-03-02,,-27.7,-33.5,-30.6,48.6,0.0,,,0.0,47.0,,,104.8
2023-03-03,-39.60265,569.1192338226151,8.185702132426513,-133.532794,68.317527,INUVIK CLIMATE,2202578,2023-03-03,,-25.5,-34.6,-30.0,48.0,0.0,,,0.0,48.0,,,104.8
2023-03-04,-37.53935,569.4867509664195,8.553219276230948,-133.532794,68.317527,INUVIK CLIMATE,2202578,2023-03-04,,-25.5,-35.1,-30.3,48.3,0.0,,,0.0,48.0,,,104.8
2023-03-05,-36.7127,568.6322628249395,7.698731134750915,-133.532794,68.317527,INUVIK CLIMATE,2202578,2023-03-05,,-19.4,-29.9,-24.6,42.6,0.0,,,0.0,47.0,,,104.8
2023-03-06,-35.112700000000004,568.2852522700821,7.351720579893424,-133.532794,68.317527,INUVIK CLIMATE,2202578,2023-03-06,,-18.3,-29.1,-23.7,41.7,0.0,,,0.0,47.0,,,104.8
2023-03-07,-23.8185,567.5230209092877,6.58948921909905,-133.532794,68.317527,INUVIK CLIMATE,2202578,2023-03-07,,-16.3,-27.8,-22.1,40.1,0.0,,,0.0,47.0,15.0,37.0,104.8
2023-03-08,-16.556600000000003,566.9381802562971,6.0046485661085285,-133.532794,68.317527,INUVIK CLIMATE,2202578,2023-03-08,,-13.4,-21.4,-17.4,35.4,0.0,,,0.0,46.0,15.0,38.0,104.8
2023-03-09,-16.79685,566.9528681380314,6.019336447842818,-133.532794,68.317527,INUVIK CLIMATE,2202578,2023-03-09,,-12.9,-17.6,-15.3,33.3,0.0,,,0.9,47.0,33.0,62.0,104.8
2023-03-10,-18.40925,567.356722263394,6.423190573205318,-133.532794,68.317527,INUVIK CLIMATE,2202578,2023-03-10,,-14.2,-18.6,-16.4,34.4,0.0,,,0.0,47.0,31.0,43.0,104.8
2023-03-11,-23.21165,567.8668620622639,6.933330372075204,-133.532794,68.317527,INUVIK CLIMATE,2202578,2023-03-11,,-10.0,-20.0,-15.0,33.0,0.0,,,0.0,46.0,,,104.8
2023-03-12,-19.238100000000003,567.624055815751,6.69052412556249,-133.532794,68.317527,INUVIK CLIMATE,2202578,2023-03-12,,-14.2,-19.5,-16.9,34.9,0.0,,,0.1,46.0,31.0,39.0,104.8
2023-03-13,-22.753700000000002,567.9500116349753,7.016479944786738,-133.532794,68.317527,INUVIK CLIMATE,2202578,2023-03-13,,-19.5,-24.6,-22.1,40.1,0.0,,,0.5,46.0,33.0,33.0,104.8
2023-03-14,-32.47325,568.4906368894121,7.5571051992235425,-133.532794,68.317527,INUVIK CLIMATE,2202578,2023-03-14,,-23.9,-32.5,-28.2,46.2,0.0,,,0.0,46.0,,,104.8
2023-03-15,-34.785700000000006,567.7273105156173,6.793778825428717,-133.532794,68.317527,INUVIK CLIMATE,2202578,2023-03-15,,-25.8,-33.7,-29.7,47.7,0.0,,,0.0,46.0,,,104.8
2023-03-16,-34.327799999999996,567.405786936306,6.472255246117356,-133.532794,68.317527,INUVIK CLIMATE,2202578,2023-03-16,,-22.7,-32.2,-27.4,45.4,0.0,,,0.0,46.0,,,104.8
2023-03-17,-28.177,566.1292121002434,5.195680410054877,-133.532794,68.317527,INUVIK CLIMATE,2202578,2023-03-17,,-18.1,-29.8,-24.0,42.0,0.0,,,0.0,46.0,,,104.8
2023-03-18,-19.1669,565.5322766738955,4.598744983706808,-133.532794,68.317527,INUVIK CLIMATE,2202578,2023-03-18,,-10.0,-21.9,-15.9,33.9,0.0,,,0.0,46.0,,,104.8
2023-03-19,-13.940999999999999,562.4336331291777,1.500101438989077,-133.532794,68.317527,INUVIK CLIMATE,2202578,2023-03-19,,-4.8,-14.6,-9.7,27.7,0.0,,,0.0,46.0,,,104.8
2023-03-20,-11.53335,561.9692763468754,1.0357446566867452,-133.532794,68.317527,INUVIK CLIMATE,2202578,2023-03-20,,0.0,-9.1,-4.5,22.5,0.0,,,0.0,45.0,,,104.8
2023-03-21,-8.8717,561.344540497372,0.4110088071834639,-133.532794,68.317527,INUVIK CLIMATE,2202578,2023-03-21,,-3.4,-8.8,-6.1,24.1,0.0,,,0.0,45.0,,,104.8
2023-03-22,-14.093350000000001,561.2972710963637,0.3637394061751138,-133.532794,68.317527,INUVIK CLIMATE,2202578,2023-03-22,,-0.6,-12.3,-6.5,24.5,0.0,,,0.0,45.0,,,104.8
2023-03-23,-9.09074,561.0589824503174,0.12545076012884238,-133.532794,68.317527,INUVIK CLIMATE,2202578,2023-03-23,,-3.8,-10.6,-7.2,25.2,0.0,,,0.0,45.0,,,104.8
2023-03-24,-13.84525,560.7824411349748,-0.15109055521389791,-133.532794,68.317527,INUVIK CLIMATE,2202578,2023-03-24,,0.5,-11.3,-5.4,23.4,0.0,,,0.0,45.0,,,104.8
2023-03-25,-11.59315,560.8363660498874,-0.0971656403011707,-133.532794,68.317527,INUVIK CLIMATE,2202578,2023-03-25,,-3.8,-13.8,-8.8,26.8,0.0,,,0.0,44.0,29.0,37.0,104.8
2023-03-26,-8.710855,561.4081633906543,0.47463170046569303,-133.532794,68.317527,INUVIK CLIMATE,2202578,2023-03-26,,-4.4,-17.1,-10.8,28.8,0.0,,,0.0,45.0,19.0,36.0,104.8
2023-03-27,-3.797885,561.4550163740014,0.5214846838128437,-133.532794,68.317527,INUVIK CLIMATE,2202578,2023-03-27,,5.2,-4.4,0.4,17.6,0.0,,,0.0,44.0,31.0,38.0,104.8
2023-03-28,-5.52514,562.3621069561555,1.428575265966856,-133.532794,68.317527,INUVIK CLIMATE,2202578,2023-03-28,,-0.8,-13.7,-7.3,25.3,0.0,,,4.6,46.0,35.0,50.0,104.8
2023-03-29,-17.7365,561.0115740883575,0.07804239816891823,-133.532794,68.317527,INUVIK CLIMATE,2202578,2023-03-29,,-9.1,-18.3,-13.7,31.7,0.0,,,0.0,50.0,,,104.8
2023-03-30,-18.637050000000002,560.0606458290483,-0.8728858611403325,-133.532794,68.317527,INUVIK CLIMATE,2202578,2023-03-30,,-9.5,-18.3,-13.9,31.9,0.0,,,0.0,48.0,12.0,34.0,104.8
2023-03-31,-20.8037,560.0573179359862,-0.8762137542023538,-133.532794,68.317527,INUVIK CLIMATE,2202578,2023-03-31,,-11.6,-19.2,-15.4,33.4,0.0,,,0.0,48.0,,,104.8
2023-04-01,-20.9413,559.8887516920236,-1.0447799981650405,-133.532794,68.317527,INUVIK CLIMATE,2202578,2023-04-01,,-11.7,-20.7,-16.2,34.2,0.0,,,0.0,47.0,,,104.8
2023-04-02,-18.4812,559.686080123841,-1.2474515663476495,-133.532794,68.317527,INUVIK CLIMATE,2202578,2023-04-02,,-5.1,-19.7,-12.4,30.4,0.0,,,0.0,47.0,,,104.8
2023-04-03,-16.58095,559.3438253823288,-1.5897063078598421,-133.532794,68.317527,INUVIK CLIMATE,2202578,2023-04-03,,-8.5,-20.9,-14.7,32.7,0.0,,,0.0,47.0,,,104.8
2023-04-04,-12.13625,559.5893253248169,-1.3442063653717469,-133.532794,68.317527,INUVIK CLIMATE,2202578,2023-04-04,,-1.9,-15.1,-8.5,26.5,0.0,,,0.0,47.0,,,104.8
2023-04-05,-14.50025,560.0592590758641,-0.8742726143244681,-133.532794,68.317527,INUVIK CLIMATE,2202578,2023-04-05,,-13.6,-17.2,-15.4,33.4,0.0,,,0.5,46.0,,,104.8
2023-04-06,-15.13915,560.755552481301,-0.1779792088875638,-133.532794,68.317527,INUVIK CLIMATE,2202578,2023-04-06,,-12.8,-19.5,-16.2,34.2,0.0,,,0.0,48.0,,,104.8
2023-04-07,-14.1532,561.111937962117,0.1784062719283952,-133.532794,68.317527,INUVIK CLIMATE,2202578,2023-04-07,,-13.8,-19.0,-16.4,34.4,0.0,,,1.4,48.0,29.0,37.0,104.8
2023-04-08,-17.48065,561.391250616726,0.45771892653732493,-133.532794,68.317527,INUVIK CLIMATE,2202578,2023-04-08,,-10.8,-21.4,-16.1,34.1,0.0,,,0.0,48.0,,,104.8
2023-04-09,-8.043925,560.9489269436694,0.015395253480846804,-133.532794,68.317527,INUVIK CLIMATE,2202578,2023-04-09,,-6.0,-14.8,-10.4,28.4,0.0,,,0.0,48.0,7.0,31.0,104.8
2023-04-10,-11.78335,561.5495496956346,0.6160180054460511,-133.532794,68.317527,INUVIK CLIMATE,2202578,2023-04-10,,-6.1,-14.4,-10.3,28.3,0.0,,,0.9,48.0,30.0,33.0,104.8
2023-04-11,-15.18065,562.4064592125964,1.4729275224077583,-133.532794,68.317527,INUVIK CLIMATE,2202578,2023-04-11,,-11.7,-21.1,-16.4,34.4,0.0,,,0.0,50.0,,,104.8
2023-04-12,-17.80925,562.347968010465,1.4144363202764225,-133.532794,68.317527,INUVIK CLIMATE,2202578,2023-04-12,,-15.9,-21.0,-18.4,36.4,0.0,,,0.5,51.0,,,104.8
2023-04-13,-18.358199999999997,562.1031772226529,1.1696455324642443,-133.532794,68.317527,INUVIK CLIMATE,2202578,2023-04-13,,-17.0,-22.7,-19.8,37.8,0.0,,,0.0,51.0,,,104.8
2023-04-14,-17.405549999999998,561.8905424295533,0.9570107393647618,-133.532794,68.317527,INUVIK CLIMATE,2202578,2023-04-14,,-14.2,-21.2,-17.7,35.7,0.0,,,0.0,52.0,,,104.8
2023-04-15,-12.88515,561.551492311397,0.6179606212084536,-133.532794,68.317527,INUVIK CLIMATE,2202578,2023-04-15,,-13.0,-19.6,-16.3,34.3,0.0,,,0.0,52.0,,,104.8
2023-04-16,-12.835149999999999,561.8818095131193,0.9482778229306632,-133.532794,68.317527,INUVIK CLIMATE,2202578,2023-04-16,,-11.5,-15.4,-13.5,31.5,0.0,,,0.2,52.0,32.0,33.0,104.8
2023-04-17,-14.90555,562.7122351336355,1.7787034434469433,-133.532794,68.317527,INUVIK CLIMATE,2202578,2023-04-17,,-14.6,-17.0,-15.8,33.8,0.0,,,0.0,52.0,33.0,39.0,104.8
2023-04-18,-13.80745,562.9685310632387,2.034999373050084,-133.532794,68.317527,INUVIK CLIMATE,2202578,2023-04-18,,-13.8,-16.3,-15.1,33.1,0.0,,,0.5,52.0,34.0,32.0,104.8
2023-04-19,-9.40477,562.8055257358953,1.8719940457066855,-133.532794,68.317527,INUVIK CLIMATE,2202578,2023-04-19,,-8.1,-13.9,-11.0,29.0,0.0,,,0.0,53.0,,,104.8
2023-04-20,-7.283605,562.2641062549698,1.330574564781159,-133.532794,68.317527,INUVIK CLIMATE,2202578,2023-04-20,,-3.9,-11.2,-7.5,25.5,0.0,,,0.0,52.0,,,104.8
2023-04-21,-7.96561,561.0045114810241,0.07097979083556538,-133.532794,68.317527,INUVIK CLIMATE,2202578,2023-04-21,,-3.7,-10.5,-7.1,25.1,0.0,,,2.0,52.0,1.0,38.0,104.8
2023-04-22,-13.9971,561.1267716168633,0.19323992667466428,-133.532794,68.317527,INUVIK CLIMATE,2202578,2023-04-22,,-10.5,-19.9,-15.2,33.2,0.0,,,0.0,53.0,2.0,46.0,104.8
2023-04-23,-19.945,561.5883661897401,0.6548344995514981,-133.532794,68.317527,INUVIK CLIMATE,2202578,2023-04-23,,-17.7,-27.8,-22.8,40.8,0.0,,,0.0,53.0,,,104.8
2023-04-24,-17.4947,561.4530776559702,0.5195459657816173,-133.532794,68.317527,INUVIK CLIMATE,2202578,2023-04-24,,-17.3,-23.0,-20.2,38.2,0.0,,,0.0,52.0,,,104.8
2023-04-25,-14.74235,560.9213377320928,-0.01219395809590651,-133.532794,68.317527,INUVIK CLIMATE,2202578,2023-04-25,,-12.8,-22.7,-17.8,35.8,0.0,,,0.0,52.0,,,104.8
2023-04-26,-8.6889,560.2635878335575,-0.6699438566311642,-133.532794,68.317527,INUVIK CLIMATE,2202578,2023-04-26,,-3.2,-14.4,-8.8,26.8,0.0,,,0.0,52.0,,,104.8
2023-04-27,-13.14125,560.8823867327155,-0.05114495747301362,-133.532794,68.317527,INUVIK CLIMATE,2202578,2023-04-27,,-6.6,-18.2,-12.4,30.4,0.0,,,0.0,52.0,,,104.8
2023-04-28,-9.02937,561.5035306628503,0.569998972661665,-133.532794,68.317527,INUVIK CLIMATE,2202578,2023-04-28,,-5.1,-14.8,-9.9,27.9,0.0,,,0.0,52.0,,,104.8
2023-04-29,-6.46509,561.3143181540152,0.38078646382649595,-133.532794,68.317527,INUVIK CLIMATE,2202578,2023-04-29,,-5.2,-12.6,-8.9,26.9,0.0,,,0.0,51.0,,,104.8
2023-04-30,-6.579895,560.9473996420171,0.013867951828501646,-133.532794,68.317527,INUVIK CLIMATE,2202578,2023-04-30,,-4.0,-14.5,-9.2,27.2,0.0,,,0.9,51.0,,,104.8
2023-05-01,-4.93016,561.1309309166763,0.19739922648773245,-133.532794,68.317527,INUVIK CLIMATE,2202578,2023-05-01,,1.8,-8.2,-3.2,21.2,0.0,,,2.3,54.0,,,104.8
2023-05-02,-0.689161,561.2803551710231,0.3468234808344164,-133.532794,68.317527,INUVIK CLIMATE,2202578,2023-05-02,,7.0,-5.4,0.8,17.2,0.0,,,0.0,53.0,,,104.8
2023-05-03,-0.03916249999999999,561.2962974708469,0.36276578065832155,-133.532794,68.317527,INUVIK CLIMATE,2202578,2023-05-03,,3.0,-3.5,-0.3,18.3,0.0,,,0.0,49.0,,,104.8
2023-05-04,8.552885,562.1659683208561,1.2324366306675643,-133.532794,68.317527,INUVIK CLIMATE,2202578,2023-05-04,,11.6,-3.6,4.0,14.0,0.0,,,0.0,48.0,,,104.8
2023-05-05,-0.09577699999999999,562.2664649224573,1.332933232268772,-133.532794,68.317527,INUVIK CLIMATE,2202578,2023-05-05,,7.2,-4.6,1.3,16.7,0.0,,,0.0,43.0,,,104.8
2023-05-06,1.16904,561.3001795369232,0.3666478467345655,-133.532794,68.317527,INUVIK CLIMATE,2202578,2023-05-06,,4.7,-0.7,2.0,16.0,0.0,,,1.4,42.0,6.0,33.0,104.8
2023-05-07,-0.6838690000000001,557.000695187688,-3.9328365025006065,-133.532794,68.317527,INUVIK CLIMATE,2202578,2023-05-07,,2.4,-3.8,-0.7,18.7,0.0,,,0.0,39.0,,,104.8
2023-05-08,0.49337685000000003,557.3231578274039,-3.6103738627847406,-133.532794,68.317527,INUVIK CLIMATE,2202578,2023-05-08,,1.7,-2.2,-0.3,18.3,0.0,,,0.0,37.0,,,104.8
2023-05-09,5.077235,557.9323067661783,-3.0012249240102733,-133.532794,68.317527,INUVIK CLIMATE,2202578,2023-05-09,,6.4,-0.4,3.0,15.0,0.0,,,0.0,33.0,,,104.8
2023-05-10,9.69815,558.2653022033849,-2.668229486803682,-133.532794,68.317527,INUVIK CLIMATE,2202578,2023-05-10,,10.4,0.4,5.4,12.6,0.0,,,0.0,28.0,,,104.8
2023-05-11,5.48438,559.5609075760644,-1.3726241141241644,-133.532794,68.317527,INUVIK CLIMATE,2202578,2023-05-11,,7.4,-4.2,1.6,16.4,0.0,,,0.0,21.0,,,104.8
2023-05-12,-0.009799500000000017,561.3392692898157,0.40573759962705935,-133.532794,68.317527,INUVIK CLIMATE,2202578,2023-05-12,,1.8,-3.3,-0.8,18.8,0.0,,,0.0,17.0,33.0,33.0,104.8
2023-05-13,4.19364,562.5909556595848,1.6574239693961772,-133.532794,68.317527,INUVIK CLIMATE,2202578,2023-05-13,,11.0,-3.9,3.6,14.4,0.0,,,0.0,15.0,,,104.8
2023-05-14,12.8844,563.8130641095117,2.879532419323084,-133.532794,68.317527,INUVIK CLIMATE,2202578,2023-05-14,,19.0,4.7,11.8,6.2,0.0,,,0.0,10.0,,,104.8
2023-05-15,13.082,566.653647183368,5.720115493179378,-133.532794,68.317527,INUVIK CLIMATE,2202578,2023-05-15,,20.4,9.4,14.9,3.1,0.0,,,0.0,,,,104.8
2023-05-16,2.175915,566.5361253706387,5.602593680450127,-133.532794,68.317527,INUVIK CLIMATE,2202578,2023-05-16,,12.1,-0.3,5.9,12.1,0.0,,,0.0,0.0,1.0,36.0,104.8
2023-05-17,5.20157,564.8374783423967,3.903946652208049,-133.532794,68.317527,INUVIK CLIMATE,2202578,2023-05-17,,8.9,-1.5,3.7,14.3,0.0,,,0.0,0.0,1.0,33.0,104.8
2023-05-18,0.8735355,565.6800205123116,4.746488822122956,-133.532794,68.317527,INUVIK CLIMATE,2202578,2023-05-18,,5.8,-1.6,2.1,15.9,0.0,,,2.5,0.0,35.0,36.0,104.8
2023-05-19,9.42644,567.4509617512477,6.5174300610591445,-133.532794,68.317527,INUVIK CLIMATE,2202578,2023-05-19,,13.8,-2.2,5.8,12.2,0.0,,,0.0,0.0,,,104.8
2023-05-20,7.695494999999999,566.6600249776661,5.726493287477524,-133.532794,68.317527,INUVIK CLIMATE,2202578,2023-05-20,,12.6,1.0,6.8,11.2,0.0,,,0.0,0.0,34.0,37.0,104.8
2023-05-21,3.72168,566.5885121207987,5.65498043061001,-133.532794,68.317527,INUVIK CLIMATE,2202578,2023-05-21,,13.0,-0.8,6.1,11.9,0.0,,,0.0,,,,104.8
2023-05-22,17.110300000000002,565.2647832328385,4.331251542649795,-133.532794,68.317527,INUVIK CLIMATE,2202578,2023-05-22,,21.5,7.1,14.3,3.7,0.0,,,0.0,,,,104.8
2023-05-23,12.8468,563.9287978124115,2.9952661222229153,-133.532794,68.317527,INUVIK CLIMATE,2202578,2023-05-23,,17.5,1.6,9.6,8.4,0.0,,,0.0,,,,104.8
2023-05-24,1.3092495,563.540287674171,2.6067559839824526,-133.532794,68.317527,INUVIK CLIMATE,2202578,2023-05-24,,10.0,-1.0,4.5,13.5,0.0,,,0.0,,8.0,33.0,104.8
2023-05-25,0.3116285,563.8570064967271,2.923474806538536,-133.532794,68.317527,INUVIK CLIMATE,2202578,2023-05-25,,3.0,-1.3,0.9,17.1,0.0,,,1.0,,4.0,37.0,104.8
2023-05-26,5.5727400000000005,563.2734649233512,2.339933233162583,-133.532794,68.317527,INUVIK CLIMATE,2202578,2023-05-26,,11.9,-2.1,4.9,13.1,0.0,,,0.0,,12.0,31.0,104.8
2023-05-27,4.91401,562.4250324612735,1.4915007710848727,-133.532794,68.317527,INUVIK CLIMATE,2202578,2023-05-27,,9.7,1.6,5.6,12.4,0.0,,,3.4,,29.0,33.0,104.8
2023-05-28,8.068775,559.9478063825816,-0.9857253076070265,-133.532794,68.317527,INUVIK CLIMATE,2202578,2023-05-28,,13.6,-2.7,5.5,12.5,0.0,,,0.0,,,,104.8
2023-05-29,17.30525,559.6767992632149,-1.2567324269737128,-133.532794,68.317527,INUVIK CLIMATE,2202578,2023-05-29,,20.5,5.3,12.9,5.1,0.0,,,0.0,,,,104.8
2023-05-30,12.250250000000001,560.6188692963099,-0.31466239387867745,-133.532794,68.317527,INUVIK CLIMATE,2202578,2023-05-30,,17.7,9.5,13.6,4.4,0.0,,,5.2,,,,104.8
2023-05-31,8.766919999999999,569.8189208451229,8.885389154934273,-133.532794,68.317527,INUVIK CLIMATE,2202578,2023-05-31,,14.3,2.7,8.5,9.5,0.0,,,0.0,,33.0,38.0,104.8
2023-06-01,3.84179,570.4993269449574,9.56579525476883,-133.532794,68.317527,INUVIK CLIMATE,2202578,2023-06-01,,6.8,0.3,3.5,14.5,0.0,,,1.1,,33.0,34.0,104.8
2023-06-02,11.0714,567.7649984245603,6.831466734371702,-133.532794,68.317527,INUVIK CLIMATE,2202578,2023-06-02,,17.2,2.6,9.9,8.1,0.0,,,0.0,,26.0,48.0,104.8
2023-06-03,16.3759,562.8631837660612,1.929652075872582,-133.532794,68.317527,INUVIK CLIMATE,2202578,2023-06-03,,20.4,5.3,12.8,5.2,0.0,,,0.0,,24.0,35.0,104.8
2023-06-04,13.9235,560.4328395045882,-0.5006921856004851,-133.532794,68.317527,INUVIK CLIMATE,2202578,2023-06-04,,21.5,5.0,13.3,4.7,0.0,,,0.1,,33.0,46.0,104.8
2023-06-05,10.530899999999999,558.8765114502587,-2.057020239929898,-133.532794,68.317527,INUVIK CLIMATE,2202578,2023-06-05,,15.9,1.8,8.9,9.1,0.0,,,0.0,,7.0,32.0,104.8
2023-06-06,18.33625,556.8666304444978,-4.066901245690872,-133.532794,68.317527,INUVIK CLIMATE,2202578,2023-06-06,,21.2,8.6,14.9,3.1,0.0,,,0.0,,,,104.8
2023-06-07,16.842299999999998,554.2884774205556,-6.645054269632965,-133.532794,68.317527,INUVIK CLIMATE,2202578,2023-06-07,,23.4,10.6,17.0,1.0,0.0,,,0.0,,,,104.8
2023-06-08,7.68677,553.5806818831662,-7.3528498070223804,-133.532794,68.317527,INUVIK CLIMATE,2202578,2023-06-08,,16.6,3.3,10.0,8.0,0.0,,,0.0,,36.0,36.0,104.8
2023-06-09,3.948405,552.1326111506696,-8.800920539518927,-133.532794,68.317527,INUVIK CLIMATE,2202578,2023-06-09,,13.3,2.6,8.0,10.0,0.0,,,0.2,,35.0,39.0,104.8
2023-06-10,2.352105,547.6234723042934,-13.310059385895215,-133.532794,68.317527,INUVIK CLIMATE,2202578,2023-06-10,,7.6,-0.1,3.7,14.3,0.0,,,0.3,,2.0,40.0,104.8
2023-06-11,11.532499999999999,547.5965682941221,-13.336963396066551,-133.532794,68.317527,INUVIK CLIMATE,2202578,2023-06-11,,16.1,6.2,11.2,6.8,0.0,,,0.0,,13.0,38.0,104.8
2023-06-12,16.47435,547.793754596946,-13.139777093242628,-133.532794,68.317527,INUVIK CLIMATE,2202578,2023-06-12,,19.6,9.0,14.3,3.7,0.0,,,0.0,,,,104.8
2023-06-13,14.13675,548.4421658981607,-12.491365792027807,-133.532794,68.317527,INUVIK CLIMATE,2202578,2023-06-13,,16.7,10.6,13.6,4.4,0.0,,,2.7,,31.0,43.0,104.8
2023-06-14,17.1148,548.3126488519279,-12.620882838260798,-133.532794,68.317527,INUVIK CLIMATE,2202578,2023-06-14,,18.7,9.1,13.9,4.1,0.0,,,0.0,,,,104.8
2023-06-15,18.348399999999998,546.7660679614044,-14.167463728784185,-133.532794,68.317527,INUVIK CLIMATE,2202578,2023-06-15,,21.3,10.3,15.8,2.2,0.0,,,0.0,,8.0,40.0,104.8
2023-06-16,17.6209,544.2755756918989,-16.65795599828965,-133.532794,68.317527,INUVIK CLIMATE,2202578,2023-06-16,,22.5,12.6,17.5,0.5,0.0,,,0.0,,3.0,40.0,104.8
2023-06-17,13.62435,542.5952922503337,-18.338239439854874,-133.532794,68.317527,INUVIK CLIMATE,2202578,2023-06-17,,16.2,4.3,10.3,7.7,0.0,,,0.0,,4.0,35.0,104.8
2023-06-18,10.920885,542.50569979083,-18.42783189935858,-133.532794,68.317527,INUVIK CLIMATE,2202578,2023-06-18,,15.6,4.2,9.9,8.1,0.0,,,0.0,,,,104.8
2023-06-19,16.23095,540.3650373366766,-20.56849435351205,-133.532794,68.317527,INUVIK CLIMATE,2202578,2023-06-19,,21.8,6.8,14.3,3.7,0.0,,,0.7,,,,104.8
2023-06-20,10.39203,540.0095711629378,-20.923960527250813,-133.532794,68.317527,INUVIK CLIMATE,2202578,2023-06-20,,12.8,7.9,10.3,7.7,0.0,,,3.2,,,,104.8
2023-06-21,13.487549999999999,540.466421873696,-20.467109816492552,-133.532794,68.317527,INUVIK CLIMATE,2202578,2023-06-21,,20.2,7.0,13.6,4.4,0.0,,,0.2,,,,104.8
2023-06-22,8.76877,538.386281308477,-22.547250381711592,-133.532794,68.317527,INUVIK CLIMATE,2202578,2023-06-22,,,,,,,,,,,,,104.8
2023-06-23,9.746545000000001,538.4131873398305,-22.52034435035813,-133.532794,68.317527,INUVIK CLIMATE,2202578,2023-06-23,,12.0,3.9,8.0,10.0,0.0,,,0.0,,33.0,34.0,104.8
2023-06-24,17.526699999999998,536.2964850230179,-24.637046667170694,-133.532794,68.317527,INUVIK CLIMATE,2202578,2023-06-24,,21.8,3.7,12.8,5.2,0.0,,,0.0,,,,104.8
2023-06-25,24.57535,534.2365684580395,-26.696963232149074,-133.532794,68.317527,INUVIK CLIMATE,2202578,2023-06-25,,27.6,12.5,20.1,0.0,2.1,,,0.0,,,,104.8
2023-06-26,21.51505,532.9723689383768,-27.961162751811855,-133.532794,68.317527,INUVIK CLIMATE,2202578,2023-06-26,,25.5,16.4,20.9,0.0,2.9,,,0.0,,30.0,39.0,104.8
2023-06-27,15.166649999999999,530.8852859957576,-30.04824569443099,-133.532794,68.317527,INUVIK CLIMATE,2202578,2023-06-27,,21.8,10.8,16.3,1.7,0.0,,,11.1,,1.0,35.0,104.8
2023-06-28,16.25605,519.2562059364438,-41.6773257537447,-133.532794,68.317527,INUVIK CLIMATE,2202578,2023-06-28,,21.0,9.3,15.2,2.8,0.0,,,0.0,,1.0,31.0,104.8
2023-06-29,27.25105,521.7304589498694,-39.2030727403191,-133.532794,68.317527,INUVIK CLIMATE,2202578,2023-06-29,,29.7,11.9,20.8,0.0,2.8,,,0.0,,,,104.8
2023-06-30,29.70025,521.7533343637525,-39.18019732643609,-133.532794,68.317527,INUVIK CLIMATE,2202578,2023-06-30,,30.0,18.9,24.4,0.0,6.4,,,0.0,,,,104.8
2023-07-01,18.83175,521.507016615186,-39.42651507500261,-133.532794,68.317527,INUVIK CLIMATE,2202578,2023-07-01,,25.1,13.0,19.0,0.0,1.0,,,0.0,,31.0,41.0,104.8
2023-07-02,20.705550000000002,521.8623241413825,-39.07120754880606,-133.532794,68.317527,INUVIK CLIMATE,2202578,2023-07-02,,26.0,9.0,17.5,0.5,0.0,,,0.0,,,,104.8
2023-07-03,26.24045,518.9630957535305,-41.970435936658134,-133.532794,68.317527,INUVIK CLIMATE,2202578,2023-07-03,,30.8,18.4,24.6,0.0,6.6,,,0.0,,,,104.8
2023-07-04,26.67725,516.7254765853095,-44.20805510487918,-133.532794,68.317527,INUVIK CLIMATE,2202578,2023-07-04,,33.0,19.0,26.0,0.0,8.0,,,0.0,,35.0,39.0,104.8
2023-07-05,18.94525,516.5831571750817,-44.350374515106864,-133.532794,68.317527,INUVIK CLIMATE,2202578,2023-07-05,,23.3,17.0,20.2,0.0,2.2,,,0.0,,31.0,35.0,104.8
2023-07-06,23.600250000000003,515.1844518425845,-45.749079847604094,-133.532794,68.317527,INUVIK CLIMATE,2202578,2023-07-06,,28.4,13.8,21.1,0.0,3.1,,,0.0,,,,104.8
2023-07-07,24.9325,513.3024689815086,-47.63106270868002,-133.532794,68.317527,INUVIK CLIMATE,2202578,2023-07-07,,28.7,20.7,24.7,0.0,6.7,,,0.0,,,,104.8
2023-07-08,19.83915,511.16386620713877,-49.769665483049835,-133.532794,68.317527,INUVIK CLIMATE,2202578,2023-07-08,,26.3,18.7,22.5,0.0,4.5,,,0.2,,4.0,43.0,104.8
2023-07-09,21.332549999999998,509.7834443906515,-51.15008729953712,-133.532794,68.317527,INUVIK CLIMATE,2202578,2023-07-09,,25.0,13.3,19.1,0.0,1.1,,,0.0,,23.0,36.0,104.8
2023-07-10,25.3291,508.74357102537647,-52.189960664812105,-133.532794,68.317527,INUVIK CLIMATE,2202578,2023-07-10,,30.6,16.0,23.3,0.0,5.3,,,0.0,,,,104.8
2023-07-11,20.2042,509.5197007742471,-51.41383091594153,-133.532794,68.317527,INUVIK CLIMATE,2202578,2023-07-11,,27.4,18.5,23.0,0.0,5.0,,,0.0,,,,104.8
2023-07-12,19.184350000000002,511.5216777866956,-49.41185390349301,-133.532794,68.317527,INUVIK CLIMATE,2202578,2023-07-12,,26.1,13.8,20.0,0.0,2.0,,,0.1,,31.0,36.0,104.8
2023-07-13,11.23625,512.8815343036824,-48.05199738650617,-133.532794,68.317527,INUVIK CLIMATE,2202578,2023-07-13,,,,,,,,,,,,,104.8
2023-07-14,17.53835,508.9015365676272,-52.03199512256137,-133.532794,68.317527,INUVIK CLIMATE,2202578,2023-07-14,,,,,,,,,,,,,104.8
2023-07-15,18.881999999999998,511.62523800700455,-49.30829368318402,-133.532794,68.317527,INUVIK CLIMATE,2202578,2023-07-15,,26.8,14.8,20.8,0.0,2.8,,,14.7,,1.0,37.0,104.8
2023-07-16,17.2812,516.3920832479491,-44.54144844223953,-133.532794,68.317527,INUVIK CLIMATE,2202578,2023-07-16,,22.2,13.2,17.7,0.3,0.0,,,0.0,,4.0,31.0,104.8
2023-07-17,17.28645,515.101428970243,-45.83210271994568,-133.532794,68.317527,INUVIK CLIMATE,2202578,2023-07-17,,26.0,14.0,20.0,0.0,2.0,,,3.1,,5.0,36.0,104.8
2023-07-18,14.9833,514.9664595080742,-45.96707218211441,-133.532794,68.317527,INUVIK CLIMATE,2202578,2023-07-18,,21.0,13.0,17.0,1.0,0.0,,,0.0,,,,104.8
2023-07-19,13.47775,516.9581859948513,-43.975345695337296,-133.532794,68.317527,INUVIK CLIMATE,2202578,2023-07-19,,15.2,11.4,13.3,4.7,0.0,,,0.0,,,,104.8
2023-07-20,15.5664,517.7654830589511,-43.168048631237525,-133.532794,68.317527,INUVIK CLIMATE,2202578,2023-07-20,,25.0,13.5,19.2,0.0,1.2,,,0.0,,,,104.8
2023-07-21,27.458199999999998,512.6140452196411,-48.31948647054756,-133.532794,68.317527,INUVIK CLIMATE,2202578,2023-07-21,,30.5,18.5,24.5,0.0,6.5,,,0.0,,,,104.8
2023-07-22,24.313200000000002,506.75932042362047,-54.174211266568165,-133.532794,68.317527,INUVIK CLIMATE,2202578,2023-07-22,,27.4,19.7,23.5,0.0,5.5,,,0.0,,3.0,35.0,104.8
2023-07-23,21.545450000000002,506.32157800928206,-54.61195368090654,-133.532794,68.317527,INUVIK CLIMATE,2202578,2023-07-23,,25.2,16.3,20.8,0.0,2.8,,,0.0,,,,104.8
2023-07-24,15.66715,505.77341657066347,-55.1601151195251,-133.532794,68.317527,INUVIK CLIMATE,2202578,2023-07-24,,24.8,12.1,18.4,0.0,0.4,,,0.0,,1.0,31.0,104.8
2023-07-25,22.82005,505.71776480610185,-55.215766884086776,-133.532794,68.317527,INUVIK CLIMATE,2202578,2023-07-25,,26.1,14.6,20.4,0.0,2.4,,,0.0,,4.0,32.0,104.8
2023-07-26,16.73305,513.5607280461555,-47.37280364403307,-133.532794,68.317527,INUVIK CLIMATE,2202578,2023-07-26,,23.7,15.4,19.6,0.0,1.6,,,0.0,,,,104.8
2023-07-27,23.38595,504.9395529088167,-55.99397878137191,-133.532794,68.317527,INUVIK CLIMATE,2202578,2023-07-27,,28.2,14.6,21.4,0.0,3.4,,,0.0,,,,104.8
2023-07-28,21.717950000000002,501.31775721629504,-59.615774473893595,-133.532794,68.317527,INUVIK CLIMATE,2202578,2023-07-28,,25.3,15.6,20.4,0.0,2.4,,,0.0,,,,104.8
2023-07-29,19.7603,500.68487853434425,-60.24865315584435,-133.532794,68.317527,INUVIK CLIMATE,2202578,2023-07-29,,27.3,15.0,21.2,0.0,3.2,,,0.0,,,,104.8
2023-07-30,20.296799999999998,499.6865925239767,-61.24693916621192,-133.532794,68.317527,INUVIK CLIMATE,2202578,2023-07-30,,28.0,14.1,21.1,0.0,3.1,,,0.0,,,,104.8
2023-07-31,15.48015,501.5350160913805,-59.398515598808075,-133.532794,68.317527,INUVIK CLIMATE,2202578,2023-07-31,,21.6,15.3,18.5,0.0,0.5,,,0.0,,,,104.8
2023-08-01,14.3717,501.95250860104284,-58.981023089145765,-133.532794,68.317527,INUVIK CLIMATE,2202578,2023-08-01,,26.2,13.3,19.7,0.0,1.7,,,0.0,,,,104.8
