<FG2 'FG2-SHELL V4.03' (Nov 25 2020) NOW(UTC):23.09.2022 17:56:59>,,,,,,
<FILE: C:\FG2_Shell_V3\data/A543D4/raw/A543D4_20220923105653.f2b>,,,,,,
<LOGGER: $A543D4>,,,,,,
<FILESIZE: 25695 Bytes>,,,,,,
<NEW PAR>,,,,,,
<PARAMETER_SET: C:\FG2_Shell_V3\data/A543D4/par/A543D4_20220723160138.f2p>,,,,,,
<PERIOD: 3600 sec>,,,,,,
<TIME: 23.07.2022 09:02:22>,,,,,,
<HK-BATUSED: 3.5 % (CALC)>,,,,,,
NO,TIME,#1:oC,#2:X,#3:Y,HK-TEMP:oC,HK-BAT:V
1,23.07.2022 09:02:22,14.7288,0.0858032,4.08059,14.72,3.407
<TIME: 23.07.2022 10:00:00>,,,,,,
2,23.07.2022 10:00:00,11.6167,0.0211487,4.07998,11.61,3.391
3,23.07.2022 11:00:00,10.4928,0.0430115,4.08572,,
4,23.07.2022 12:00:00,10.6505,0.0280701,4.08838,,
5,23.07.2022 13:00:00,10.7886,0.0230164,4.08107,,
6,23.07.2022 14:00:00,10.0405,0.0561401,4.0832,,
7,23.07.2022 15:00:00,10.1685,0.0543823,4.07466,,
8,23.07.2022 16:00:00,10.4458,0.0791016,4.06524,10.44,3.446
9,23.07.2022 17:00:00,10.4336,0.0854736,4.06426,,
10,23.07.2022 18:00:00,10.3939,0.107281,4.06689,,
11,23.07.2022 19:00:00,9.72036,0.0981628,4.06408,,
12,23.07.2022 20:00:00,8.97857,0.106567,4.06197,,
13,23.07.2022 21:00:00,8.62089,0.114038,4.05414,,
14,23.07.2022 22:00:00,8.04205,0.117059,4.04822,8.04,3.402
15,23.07.2022 23:00:00,7.61295,0.13244,4.04212,,
16,24.07.2022 00:00:00,7.232,0.124146,4.03419,,
17,24.07.2022 01:00:00,7.09761,0.137549,4.02504,,
18,24.07.2022 02:00:00,6.89709,0.142603,4.01713,,
19,24.07.2022 03:00:00,6.55263,0.139636,4.00967,,
20,24.07.2022 04:00:00,6.0939,0.147052,3.99985,6.09,3.344
21,24.07.2022 05:00:00,6.06534,0.149194,3.98782,,
22,24.07.2022 06:00:00,6.80925,0.154028,3.97084,,
23,24.07.2022 07:00:00,7.36005,0.153864,3.9588,,
24,24.07.2022 08:00:00,8.28014,0.151556,3.94414,,
25,24.07.2022 09:00:00,10.0463,0.143756,3.92252,,
26,24.07.2022 10:00:00,12.4648,0.129803,3.90595,12.46,3.417
27,24.07.2022 11:00:00,14.1341,0.13667,3.91179,,
28,24.07.2022 12:00:00,13.6743,0.141559,3.93345,,
29,24.07.2022 13:00:00,14.5563,0.144031,3.9397,,
30,24.07.2022 14:00:00,16.5553,0.139526,3.94309,,
31,24.07.2022 15:00:00,19.5246,0.135626,3.93919,,
32,24.07.2022 16:00:00,16.687,0.131726,3.99115,16.68,3.348
33,24.07.2022 17:00:00,18.1685,0.129858,3.97682,,
34,24.07.2022 18:00:00,22.4272,0.127441,3.94802,,
35,24.07.2022 19:00:00,18.8743,0.0965698,4.00218,,
36,24.07.2022 20:00:00,16.741,0.0762451,4.01623,,
37,24.07.2022 21:00:00,16.5563,0.077124,4.02301,,
38,24.07.2022 22:00:00,13.4288,0.0447693,4.04149,13.42,3.449
39,24.07.2022 23:00:00,10.3145,0.0237854,4.05079,,
40,25.07.2022 00:00:00,7.08914,0.00922852,4.04704,,
41,25.07.2022 01:00:00,4.21454,-0.000823975,4.03327,,
42,25.07.2022 02:00:00,3.4193,0.00148315,4.01893,,
43,25.07.2022 03:00:00,3.04046,0.00214233,4.00823,,
44,25.07.2022 04:00:00,3.06163,0.00181274,3.99688,3.06,3.375
45,25.07.2022 05:00:00,4.42353,0.0041748,3.97782,,
46,25.07.2022 06:00:00,6.88068,0.0031311,3.9612,,
47,25.07.2022 07:00:00,10.2119,0.00703125,3.96317,,
48,25.07.2022 08:00:00,14.7034,0.00269165,3.93395,,
49,25.07.2022 09:00:00,14.1717,0.00791016,3.94455,,
50,25.07.2022 10:00:00,17.5849,-0.00401001,3.9214,17.58,3.458
51,25.07.2022 11:00:00,22.3696,-0.0123596,3.89128,,
52,25.07.2022 12:00:00,23.7584,-0.0259277,3.89003,,
53,25.07.2022 13:00:00,25.196,-0.0357605,3.88008,,
54,25.07.2022 14:00:00,26.805,-0.0596558,3.86436,,
55,25.07.2022 15:00:00,26.9939,-0.0853638,3.8604,,
56,25.07.2022 16:00:00,29.0304,-0.109479,3.82976,29.03,3.431
57,25.07.2022 17:00:00,28.9309,-0.141394,3.82956,,
58,25.07.2022 18:00:00,27.9976,-0.162872,3.83225,,
59,25.07.2022 19:00:00,27.4484,-0.189349,3.83544,,
60,25.07.2022 20:00:00,23.0542,-0.228461,3.87592,,
61,25.07.2022 21:00:00,20.3362,-0.23725,3.89603,,
62,25.07.2022 22:00:00,19.3341,-0.260815,3.89834,19.33,3.445
63,25.07.2022 23:00:00,17.5177,-0.250543,3.90721,,
64,26.07.2022 00:00:00,16.1145,-0.246973,3.90596,,
65,26.07.2022 01:00:00,15.1992,-0.249939,3.90947,,
66,26.07.2022 02:00:00,16.4622,-0.242413,3.89641,,
67,26.07.2022 03:00:00,16.8394,-0.239886,3.88966,,
68,26.07.2022 04:00:00,15.1415,-0.231372,3.90937,15.14,3.419
69,26.07.2022 05:00:00,13.6939,-0.20072,3.93749,,
70,26.07.2022 06:00:00,14.6595,-0.189185,3.93778,,
71,26.07.2022 07:00:00,14.9548,-0.19248,3.93412,,
72,26.07.2022 08:00:00,15.641,-0.179297,3.92929,,
73,26.07.2022 09:00:00,18.9881,-0.165564,3.90012,,
74,26.07.2022 10:00:00,17.913,-0.166058,3.91544,17.91,3.343
75,26.07.2022 11:00:00,15.514,-0.154687,3.93952,,
76,26.07.2022 12:00:00,15.8431,-0.0727295,3.93114,,
77,26.07.2022 13:00:00,16.7341,-0.115631,3.91561,,
78,26.07.2022 14:00:00,17.4442,-0.0886047,3.90434,,
79,26.07.2022 15:00:00,18.2267,-0.049823,3.87651,,
80,26.07.2022 16:00:00,18.2304,-0.125079,3.87274,18.23,3.408
81,26.07.2022 17:00:00,19.0939,-0.109753,3.86423,,
82,26.07.2022 18:00:00,21.2579,-0.0343872,3.82164,,
83,26.07.2022 19:00:00,20.6801,-0.0268616,3.82527,,
84,26.07.2022 20:00:00,16.751,-0.061908,3.86041,,
85,26.07.2022 21:00:00,15.1759,-0.119696,3.85756,,
86,26.07.2022 22:00:00,14.2955,-0.139197,3.85959,14.29,3.347
87,26.07.2022 23:00:00,12.1056,-0.159796,3.87655,,
88,27.07.2022 00:00:00,10.7241,-0.166772,3.87943,,
89,27.07.2022 01:00:00,9.67115,-0.166333,3.8769,,
90,27.07.2022 02:00:00,10.6844,-0.154303,3.86316,,
91,27.07.2022 03:00:00,9.22935,-0.158093,3.87191,,
92,27.07.2022 04:00:00,10.1452,-0.150568,3.8723,10.14,3.429
93,27.07.2022 05:00:00,10.9717,-0.160236,3.86101,,
94,27.07.2022 06:00:00,11.2473,-0.17287,3.86018,,
95,27.07.2022 07:00:00,11.7304,-0.149799,3.85516,,
96,27.07.2022 08:00:00,11.5458,-0.165564,3.85599,,
97,27.07.2022 09:00:00,11.969,-0.169849,3.85319,,
98,27.07.2022 10:00:00,12.7167,-0.131122,3.85794,12.71,3.435
99,27.07.2022 11:00:00,14.8378,-0.140845,3.829,,
100,27.07.2022 12:00:00,14.8436,-0.105853,3.82433,,
101,27.07.2022 13:00:00,15.5685,-0.151556,3.82529,,
102,27.07.2022 14:00:00,16.7114,-0.154193,3.83189,,
103,27.07.2022 15:00:00,18.2156,-0.121454,3.81701,,
104,27.07.2022 16:00:00,17.3489,-0.154193,3.83357,17.34,3.417
105,27.07.2022 17:00:00,17.277,-0.146118,3.8191,,
106,27.07.2022 18:00:00,17.2124,-0.149579,3.82763,,
107,27.07.2022 19:00:00,14.1754,-0.16106,3.84706,,
108,27.07.2022 20:00:00,12.659,-0.171057,3.85009,,
109,27.07.2022 21:00:00,11.9749,-0.181165,3.8555,,
110,27.07.2022 22:00:00,10.9627,-0.182098,3.85456,10.96,3.393
111,27.07.2022 23:00:00,10.2246,-0.185779,3.86099,,
112,28.07.2022 00:00:00,7.59443,-0.185229,3.84844,,
113,28.07.2022 01:00:00,6.10925,-0.173969,3.83491,,
114,28.07.2022 02:00:00,4.89708,-0.162982,3.82935,,
115,28.07.2022 03:00:00,6.55422,-0.15705,3.81069,,
116,28.07.2022 04:00:00,5.95369,-0.146283,3.81426,5.95,3.348
117,28.07.2022 05:00:00,5.99761,-0.1487,3.80626,,
118,28.07.2022 06:00:00,6.27327,-0.141614,3.80153,,
119,28.07.2022 07:00:00,6.98385,-0.128265,3.79322,,
120,28.07.2022 08:00:00,6.92354,-0.109259,3.78243,,
121,28.07.2022 09:00:00,7.08385,-0.0599304,3.75244,,
122,28.07.2022 10:00:00,8.10079,-0.0207092,3.72949,8.1,3.355
123,28.07.2022 11:00:00,8.48332,0.019281,3.72065,,
124,28.07.2022 12:00:00,10.6637,0.0680054,3.69846,,
125,28.07.2022 13:00:00,10.5971,0.101239,3.69981,,
126,28.07.2022 14:00:00,11.4442,0.139856,3.69959,,
127,28.07.2022 15:00:00,16.8288,0.20116,3.66471,,
128,28.07.2022 16:00:00,12.3061,0.215936,3.70318,12.3,3.422
129,28.07.2022 17:00:00,10.0722,0.243292,3.70568,,
130,28.07.2022 18:00:00,9.89391,0.251862,3.69525,,
131,28.07.2022 19:00:00,7.92035,0.261035,3.69705,,
132,28.07.2022 20:00:00,7.38385,0.284656,3.68798,,
133,28.07.2022 21:00:00,6.78491,0.295862,3.68807,,
134,28.07.2022 22:00:00,5.94205,0.30163,3.6871,5.94,3.357
135,28.07.2022 23:00:00,5.05633,0.318604,3.68917,,
136,29.07.2022 00:00:00,3.95369,0.326239,3.68652,,
137,29.07.2022 01:00:00,3.92883,0.338983,3.68302,,
138,29.07.2022 02:00:00,3.83147,0.3453,3.6789,,
139,29.07.2022 03:00:00,3.823,0.359747,3.67432,,
140,29.07.2022 04:00:00,3.61242,0.368262,3.67266,3.61,3.408
141,29.07.2022 05:00:00,3.75211,0.374194,3.6695,,
142,29.07.2022 06:00:00,4.05158,0.381445,3.66602,,
143,29.07.2022 07:00:00,4.37803,0.381775,3.66168,,
144,29.07.2022 08:00:00,4.71242,0.393805,3.65677,,
145,29.07.2022 09:00:00,5.35157,0.383698,3.65409,,
146,29.07.2022 10:00:00,5.6648,0.368317,3.65949,5.66,3.38
147,29.07.2022 11:00:00,6.09443,0.361066,3.6502,,
148,29.07.2022 12:00:00,5.66691,0.339423,3.65453,,
149,29.07.2022 13:00:00,5.97433,0.352496,3.65943,,
150,29.07.2022 14:00:00,5.25157,0.395343,3.67038,,
151,29.07.2022 15:00:00,5.70765,0.37738,3.66699,,
152,29.07.2022 16:00:00,5.83147,0.377216,3.65366,5.83,3.419
153,29.07.2022 17:00:00,6.20554,0.429401,3.65177,,
154,29.07.2022 18:00:00,5.01242,0.436487,3.62791,,
155,29.07.2022 19:00:00,4.832,0.426984,3.6236,,
156,29.07.2022 20:00:00,4.51348,0.441211,3.61517,,
157,29.07.2022 21:00:00,5.04417,0.456537,3.60541,,
158,29.07.2022 22:00:00,4.26798,0.461096,3.60347,4.26,3.381
159,29.07.2022 23:00:00,3.33094,0.467413,3.60093,,
160,30.07.2022 00:00:00,2.5738,0.45412,3.60171,,
161,30.07.2022 01:00:00,1.96745,0.449506,3.60001,,
162,30.07.2022 02:00:00,1.5902,0.448901,3.59836,,
163,30.07.2022 03:00:00,1.30449,0.448352,3.5983,,
164,30.07.2022 04:00:00,1.2664,0.455713,3.59531,1.26,3.41
165,30.07.2022 05:00:00,1.26057,0.46181,3.59647,,
166,30.07.2022 06:00:00,1.59549,0.461426,3.59402,,
167,30.07.2022 07:00:00,2.15264,0.455383,3.59208,,
168,30.07.2022 08:00:00,3.03041,0.452692,3.58387,,
169,30.07.2022 09:00:00,4.24364,0.449176,3.57547,,
170,30.07.2022 10:00:00,4.54576,0.450604,3.57086,4.54,3.389
171,30.07.2022 11:00:00,6.46957,0.455768,3.55223,,
172,30.07.2022 12:00:00,10.4484,0.444342,3.5282,,
173,30.07.2022 13:00:00,9.18385,0.442749,3.52403,,
174,30.07.2022 14:00:00,10.5569,0.441541,3.50651,,
175,30.07.2022 15:00:00,12.4839,0.437201,3.49114,,
176,30.07.2022 16:00:00,12.087,0.434949,3.4988,12.08,3.447
177,30.07.2022 17:00:00,13.5246,0.436816,3.49291,,
178,30.07.2022 18:00:00,16.7944,0.450055,3.47629,,
179,30.07.2022 19:00:00,17.9638,0.473291,3.48545,,
180,30.07.2022 20:00:00,18.1558,0.463184,3.50085,,
181,30.07.2022 21:00:00,15.0876,0.444397,3.5302,,
182,30.07.2022 22:00:00,11.387,0.433905,3.54413,11.38,3.361
183,30.07.2022 23:00:00,7.92617,0.431873,3.55632,,
184,31.07.2022 00:00:00,4.08385,0.42616,3.55646,,
185,31.07.2022 01:00:00,1.77909,0.420996,3.54903,,
186,31.07.2022 02:00:00,1.13994,0.422754,3.54346,,
187,31.07.2022 03:00:00,0.251576,0.427863,3.54238,,
188,31.07.2022 04:00:00,0.758457,0.429401,3.54163,0.75,3.347
189,31.07.2022 05:00:00,1.15211,0.432642,3.5428,,
190,31.07.2022 06:00:00,3.96957,0.418085,3.54025,,
191,31.07.2022 07:00:00,8.81189,0.406659,3.54166,,
192,31.07.2022 08:00:00,14.1828,0.399738,3.53256,,
193,31.07.2022 09:00:00,19.5521,0.377875,3.52947,,
194,31.07.2022 10:00:00,21.7817,0.345026,3.53537,21.78,3.414
195,31.07.2022 11:00:00,22.7664,0.308112,3.53443,,
196,31.07.2022 12:00:00,24.1066,0.298114,3.53496,,
197,31.07.2022 13:00:00,25.1542,0.289545,3.52331,,
198,31.07.2022 14:00:00,25.3092,0.268616,3.53473,,
199,31.07.2022 15:00:00,22.6452,0.246808,3.5574,,
200,31.07.2022 16:00:00,29.3378,0.230493,3.50199,29.33,3.459
201,31.07.2022 17:00:00,30.305,0.218079,3.51594,,
202,31.07.2022 18:00:00,24.4013,0.168915,3.59932,,
203,31.07.2022 19:00:00,24.6854,0.152435,3.57714,,
204,31.07.2022 20:00:00,22.5209,0.133319,3.59479,,
205,31.07.2022 21:00:00,18.7278,0.102832,3.63357,,
206,31.07.2022 22:00:00,19.4685,0.0923401,3.63492,19.46,3.446
207,31.07.2022 23:00:00,12.7458,0.0135132,3.66221,,
208,01.08.2022 00:00:00,8.36162,-0.00708618,3.65673,,
209,01.08.2022 01:00:00,8.58121,-0.00774536,3.65325,,
210,01.08.2022 02:00:00,6.65528,-0.00906372,3.6574,,
211,01.08.2022 03:00:00,5.73781,0.00175781,3.65846,,
212,01.08.2022 04:00:00,4.04099,0.00697632,3.66459,4.04,3.35
213,01.08.2022 05:00:00,3.941,0.0114807,3.66137,,
214,01.08.2022 06:00:00,5.09125,0.0179077,3.66077,,
215,01.08.2022 07:00:00,7.47538,0.0309814,3.65529,,
216,01.08.2022 08:00:00,8.38966,0.0358154,3.65921,,
217,01.08.2022 09:00:00,12.2108,0.0331238,3.63939,,
218,01.08.2022 10:00:00,17.5479,0.0403748,3.63638,17.54,3.453
219,01.08.2022 11:00:00,22.6092,0.0430664,3.6118,,
220,01.08.2022 12:00:00,24.323,0.0635559,3.59804,,
221,01.08.2022 13:00:00,26.7843,0.0674011,3.58039,,
222,01.08.2022 14:00:00,28.496,0.0784973,3.57759,,
223,01.08.2022 15:00:00,28.3098,0.0922302,3.58075,,
224,01.08.2022 16:00:00,25.4595,0.0731689,3.62684,25.45,3.438
225,01.08.2022 17:00:00,26.2939,0.0791016,3.61878,,
226,01.08.2022 18:00:00,21.1923,0.0503174,3.67297,,
227,01.08.2022 19:00:00,19.4796,0.0428467,3.67612,,
228,01.08.2022 20:00:00,17.2156,0.0363647,3.68791,,
229,01.08.2022 21:00:00,15.486,0.0294983,3.69627,,
230,01.08.2022 22:00:00,13.4331,0.0190063,3.70165,13.43,3.356
231,01.08.2022 23:00:00,11.1844,0.0097229,3.70626,,
232,02.08.2022 00:00:00,10.542,0.00983276,3.70677,,
233,02.08.2022 01:00:00,8.64524,0.00774536,3.71196,,
234,02.08.2022 02:00:00,7.52935,0.0115906,3.7096,,
235,02.08.2022 03:00:00,6.79285,0.0204895,3.71183,,
236,02.08.2022 04:00:00,6.35052,0.0190613,3.71394,6.35,3.427
237,02.08.2022 05:00:00,6.82036,0.0266418,3.70866,,
238,02.08.2022 06:00:00,7.632,0.0367493,3.704,,
239,02.08.2022 07:00:00,8.38861,0.0367493,3.70113,,
240,02.08.2022 08:00:00,8.97433,0.0431213,3.70039,,
241,02.08.2022 09:00:00,10.3352,0.0553162,3.69584,,
242,02.08.2022 10:00:00,13.6092,0.0346619,3.68441,13.6,3.343
243,02.08.2022 11:00:00,16.5775,0.0450439,3.6814,,
244,02.08.2022 12:00:00,19.8092,0.0475708,3.65137,,
245,02.08.2022 13:00:00,21.2368,0.0571838,3.64469,,
246,02.08.2022 14:00:00,19.1495,0.0745972,3.66819,,
247,02.08.2022 15:00:00,20.8817,0.0985474,3.64431,,
248,02.08.2022 16:00:00,19.0696,0.0714111,3.67533,19.06,3.375
249,02.08.2022 17:00:00,16.9759,0.0665222,3.69032,,
250,02.08.2022 18:00:00,16.6706,0.0806946,3.69787,,
251,02.08.2022 19:00:00,16.451,0.0606445,3.69168,,
252,02.08.2022 20:00:00,14.651,0.0569092,3.70445,,
253,02.08.2022 21:00:00,13.6733,0.0680054,3.69813,,
254,02.08.2022 22:00:00,13.1918,0.0607544,3.7088,13.19,3.385
255,02.08.2022 23:00:00,8.53888,0.0448242,3.73001,,
256,03.08.2022 00:00:00,5.01559,0.0494934,3.73065,,
257,03.08.2022 01:00:00,4.64417,0.053833,3.7268,,
258,03.08.2022 02:00:00,4.64999,0.0564697,3.72433,,
259,03.08.2022 03:00:00,4.97221,0.0595459,3.72162,,
260,03.08.2022 04:00:00,4.36692,0.0622375,3.72474,4.36,3.426
261,03.08.2022 05:00:00,3.78914,0.0676209,3.72326,,
262,03.08.2022 06:00:00,5.05739,0.0693237,3.7213,,
263,03.08.2022 07:00:00,5.60501,0.0844849,3.72076,,
264,03.08.2022 08:00:00,8.72407,0.0919006,3.70703,,
265,03.08.2022 09:00:00,9.84418,0.0954163,3.70358,,
266,03.08.2022 10:00:00,16.3521,0.0639404,3.67642,16.35,3.451
267,03.08.2022 11:00:00,18.8949,0.0557007,3.65932,,
268,03.08.2022 12:00:00,21.4262,0.0780579,3.65013,,
269,03.08.2022 13:00:00,22.7193,0.0952515,3.63837,,
270,03.08.2022 14:00:00,22.8796,0.118652,3.63848,,
271,03.08.2022 15:00:00,23.3981,0.125464,3.63751,,
272,03.08.2022 16:00:00,23.95,0.138867,3.63968,23.94,3.362
273,03.08.2022 17:00:00,25.1219,0.144635,3.63942,,
274,03.08.2022 18:00:00,24.1029,0.140735,3.6531,,
275,03.08.2022 19:00:00,23.0119,0.138263,3.66533,,
276,03.08.2022 20:00:00,22.5537,0.127771,3.67852,,
277,03.08.2022 21:00:00,21.8124,0.114587,3.69871,,
278,03.08.2022 22:00:00,16.6246,0.0961304,3.73121,16.62,3.426
279,03.08.2022 23:00:00,10.05,0.065918,3.72874,,
280,04.08.2022 00:00:00,8.0775,0.0671265,3.72587,,
281,04.08.2022 01:00:00,7.00924,0.0606445,3.72673,,
282,04.08.2022 02:00:00,6.8992,0.0656982,3.71823,,
283,04.08.2022 03:00:00,5.68596,0.0644897,3.7251,,
284,04.08.2022 04:00:00,4.73941,0.076355,3.72292,4.73,3.35
285,04.08.2022 05:00:00,5.71295,0.0841553,3.71325,,
286,04.08.2022 06:00:00,7.64311,0.0895935,3.70845,,
287,04.08.2022 07:00:00,7.83517,0.102887,3.70781,,
288,04.08.2022 08:00:00,16.2262,0.0954712,3.67846,,
289,04.08.2022 09:00:00,20.1913,0.107886,3.67121,,
290,04.08.2022 10:00:00,25.7368,0.117828,3.65044,25.73,3.42
291,04.08.2022 11:00:00,27.4468,0.147546,3.6438,,
292,04.08.2022 12:00:00,28.623,0.133539,3.63503,,
293,04.08.2022 13:00:00,28.6865,0.155621,3.63344,,
294,04.08.2022 14:00:00,28.6949,0.162762,3.63253,,
295,04.08.2022 15:00:00,29.7907,0.162817,3.62635,,
296,04.08.2022 16:00:00,29.4415,0.156281,3.63404,29.44,3.352
297,04.08.2022 17:00:00,27.7902,0.128046,3.6544,,
298,04.08.2022 18:00:00,28.2093,0.101898,3.65939,,
299,04.08.2022 19:00:00,28.8748,0.0729492,3.65849,,
300,04.08.2022 20:00:00,25.6373,0.0360352,3.68831,,
301,04.08.2022 21:00:00,24.1224,0.0254883,3.71131,,
302,04.08.2022 22:00:00,19.4362,0.00637207,3.72685,19.43,3.421
303,04.08.2022 23:00:00,14.3008,5.49E-05,3.73902,,
304,05.08.2022 00:00:00,13.8976,-0.00252686,3.72998,,
305,05.08.2022 01:00:00,14.1309,-0.00598755,3.7301,,
306,05.08.2022 02:00:00,13.0759,-0.00521851,3.73963,,
307,05.08.2022 03:00:00,13.7749,-0.00999756,3.73759,,
308,05.08.2022 04:00:00,12.7585,-0.0104919,3.74125,12.75,3.369
309,05.08.2022 05:00:00,11.0373,-0.0074707,3.74294,,
310,05.08.2022 06:00:00,13.9812,-0.00357056,3.73291,,
311,05.08.2022 07:00:00,17.2479,0.0020874,3.72627,,
312,05.08.2022 08:00:00,20.1532,0.00582275,3.71849,,
313,05.08.2022 09:00:00,22.0553,0.0114807,3.71478,,
314,05.08.2022 10:00:00,23.9537,0.00510864,3.69974,23.95,3.346
315,05.08.2022 11:00:00,26.6135,0.0153809,3.68915,,
316,05.08.2022 12:00:00,28.2971,0.014502,3.6792,,
317,05.08.2022 13:00:00,29.9558,0.0108765,3.66772,,
318,05.08.2022 14:00:00,30.1674,-0.00686646,3.67091,,
319,05.08.2022 15:00:00,29.4304,-0.0232361,3.67963,,
320,05.08.2022 16:00:00,29.9812,-0.0544922,3.67231,29.98,3.492
321,05.08.2022 17:00:00,27.2823,-0.10459,3.7047,,
322,05.08.2022 18:00:00,29.7262,-0.112775,3.67602,,
323,05.08.2022 19:00:00,28.7299,-0.125629,3.69822,,
324,05.08.2022 20:00:00,23.3764,-0.186823,3.73522,,
325,05.08.2022 21:00:00,20.3272,-0.199841,3.74521,,
326,05.08.2022 22:00:00,18.795,-0.215167,3.74894,18.79,3.354
327,05.08.2022 23:00:00,15.869,-0.215277,3.75346,,
328,06.08.2022 00:00:00,14.9278,-0.229504,3.75179,,
329,06.08.2022 01:00:00,13.9246,-0.236536,3.75049,,
330,06.08.2022 02:00:00,14.0167,-0.241479,3.74735,,
331,06.08.2022 03:00:00,12.5791,-0.217145,3.7495,,
332,06.08.2022 04:00:00,12.3198,-0.133813,3.73189,12.31,3.431
333,06.08.2022 05:00:00,12.1738,-0.0426819,3.72604,,
334,06.08.2022 06:00:00,12.1833,-0.014447,3.73858,,
335,06.08.2022 07:00:00,12.2214,0.0393311,3.7386,,
336,06.08.2022 08:00:00,11.6288,0.105249,3.74055,,
337,06.08.2022 09:00:00,11.713,0.146832,3.73947,,
338,06.08.2022 10:00:00,11.6421,0.184845,3.7423,11.64,3.436
339,06.08.2022 11:00:00,12.2701,0.265814,3.73522,,
340,06.08.2022 12:00:00,11.4611,0.288391,3.73837,,
341,06.08.2022 13:00:00,12.0182,0.393256,3.73874,,
342,06.08.2022 14:00:00,12.2071,0.348651,3.73061,,
343,06.08.2022 15:00:00,11.35,0.362659,3.75685,,
344,06.08.2022 16:00:00,12.0087,0.384631,3.76294,12,3.4
345,06.08.2022 17:00:00,10.7251,0.394519,3.7723,,
346,06.08.2022 18:00:00,9.99655,0.438025,3.78616,,
347,06.08.2022 19:00:00,10.5399,0.429291,3.77946,,
348,06.08.2022 20:00:00,8.81242,0.465601,3.79797,,
349,06.08.2022 21:00:00,7.91136,0.481641,3.80739,,
350,06.08.2022 22:00:00,7.47697,0.490979,3.81617,7.47,3.378
351,06.08.2022 23:00:00,7.11295,0.493121,3.82082,,
352,07.08.2022 00:00:00,6.76904,0.494824,3.82698,,
353,07.08.2022 01:00:00,6.44259,0.49433,3.82918,,
354,07.08.2022 02:00:00,6.1193,0.483508,3.83596,,
355,07.08.2022 03:00:00,5.98702,0.479114,3.8396,,
356,07.08.2022 04:00:00,5.91612,0.479608,3.84093,5.91,3.428
357,07.08.2022 05:00:00,4.21719,0.483069,3.84571,,
358,07.08.2022 06:00:00,6.74629,0.472797,3.83956,,
359,07.08.2022 07:00:00,6.18438,0.470874,3.83633,,
360,07.08.2022 08:00:00,8.87115,0.455658,3.82141,,
361,07.08.2022 09:00:00,12.7431,0.440717,3.81385,,
362,07.08.2022 10:00:00,11.3066,0.451978,3.80012,11.3,3.38
363,07.08.2022 11:00:00,12.0812,0.477081,3.80564,,
364,07.08.2022 12:00:00,14.423,0.471478,3.79245,,
365,07.08.2022 13:00:00,17.5616,0.508722,3.79725,,
366,07.08.2022 14:00:00,16.0494,0.522839,3.78139,,
367,07.08.2022 15:00:00,19.7256,0.543988,3.7461,,
368,07.08.2022 16:00:00,17.3876,0.540912,3.75245,17.38,3.347
369,07.08.2022 17:00:00,17.477,0.530035,3.75126,,
370,07.08.2022 18:00:00,20.0759,0.551898,3.72796,,
371,07.08.2022 19:00:00,18.6029,0.542999,3.72485,,
372,07.08.2022 20:00:00,16.9738,0.504218,3.73,,
373,07.08.2022 21:00:00,15.1743,0.476587,3.73904,,
374,07.08.2022 22:00:00,13.5987,0.444507,3.74862,13.59,3.407
375,07.08.2022 23:00:00,7.58703,0.393091,3.76842,,
376,08.08.2022 00:00:00,7.5066,0.392541,3.76326,,
377,08.08.2022 01:00:00,7.63253,0.388312,3.7648,,
378,08.08.2022 02:00:00,7.27856,0.389465,3.76435,,
379,08.08.2022 03:00:00,6.7865,0.382214,3.77007,,
380,08.08.2022 04:00:00,7.11983,0.387927,3.77077,7.11,3.397
381,08.08.2022 05:00:00,7.11665,0.389301,3.77129,,
382,08.08.2022 06:00:00,8.14153,0.392706,3.76892,,
383,08.08.2022 07:00:00,10.8897,0.400671,3.75941,,
384,08.08.2022 08:00:00,11.4701,0.399957,3.76361,,
385,08.08.2022 09:00:00,14.8971,0.402704,3.7339,,
386,08.08.2022 10:00:00,19.1505,0.38139,3.70817,19.15,3.394
387,08.08.2022 11:00:00,16.905,0.403693,3.72176,,
388,08.08.2022 12:00:00,15.5812,0.402429,3.7326,,
389,08.08.2022 13:00:00,20.3077,0.378699,3.69338,,
390,08.08.2022 14:00:00,19.3426,0.410779,3.70413,,
391,08.08.2022 15:00:00,22.896,0.402484,3.67232,,
392,08.08.2022 16:00:00,21.8145,0.409076,3.68891,21.81,3.395
393,08.08.2022 17:00:00,19.2923,0.388806,3.69637,,
394,08.08.2022 18:00:00,18.1505,0.372162,3.70113,,
395,08.08.2022 19:00:00,16.9188,0.356726,3.70669,,
396,08.08.2022 20:00:00,16.5505,0.344312,3.70984,,
397,08.08.2022 21:00:00,17.0823,0.357989,3.71243,,
398,08.08.2022 22:00:00,15.623,0.364636,3.72759,15.62,3.419
399,08.08.2022 23:00:00,11.5976,0.327283,3.73272,,
400,09.08.2022 00:00:00,11.1976,0.316077,3.73398,,
401,09.08.2022 01:00:00,10.6463,0.315088,3.73785,,
402,09.08.2022 02:00:00,8.33517,0.305475,3.74866,,
403,09.08.2022 03:00:00,7.10078,0.308826,3.75128,,
404,09.08.2022 04:00:00,7.06427,0.312616,3.75054,7.06,3.416
405,09.08.2022 05:00:00,8.16428,0.311682,3.74909,,
406,09.08.2022 06:00:00,7.58332,0.307013,3.75659,,
407,09.08.2022 07:00:00,12.1616,0.311133,3.74379,,
408,09.08.2022 08:00:00,11.3632,0.390399,3.74508,,
409,09.08.2022 09:00:00,12.8876,0.394189,3.73814,,
410,09.08.2022 10:00:00,17.6775,0.37749,3.69721,17.67,3.417
411,09.08.2022 11:00:00,18.196,0.416382,3.69591,,
412,09.08.2022 12:00:00,20.642,0.412042,3.67688,,
413,09.08.2022 13:00:00,19.9553,0.43429,3.67298,,
414,09.08.2022 14:00:00,16.65,0.437201,3.68702,,
415,09.08.2022 15:00:00,14.0733,0.436267,3.70033,,
416,09.08.2022 16:00:00,8.46216,0.410504,3.73904,8.46,3.398
417,09.08.2022 17:00:00,7.23253,0.408856,3.75557,,
418,09.08.2022 18:00:00,8.11349,0.456537,3.76744,,
419,09.08.2022 19:00:00,12.8674,0.546405,3.75948,,
420,09.08.2022 20:00:00,11.2114,0.588043,3.78823,,
421,09.08.2022 21:00:00,8.94946,0.574036,3.81286,,
422,09.08.2022 22:00:00,9.08228,0.578815,3.80746,9.08,3.406
423,09.08.2022 23:00:00,4.06375,0.557117,3.83966,,
424,10.08.2022 00:00:00,1.25793,0.556183,3.84325,,
425,10.08.2022 01:00:00,2.97962,0.563269,3.83018,,
426,10.08.2022 02:00:00,4.18173,0.571783,3.82891,,
427,10.08.2022 03:00:00,4.97009,0.585406,3.82244,,
428,10.08.2022 04:00:00,3.66745,0.568817,3.83022,3.66,3.362
429,10.08.2022 05:00:00,4.62723,0.565302,3.82375,,
430,10.08.2022 06:00:00,4.59232,0.580353,3.8259,,
431,10.08.2022 07:00:00,5.69231,0.577277,3.82221,,
432,10.08.2022 08:00:00,5.81295,0.562115,3.821,,
433,10.08.2022 09:00:00,7.00607,0.575189,3.80855,,
434,10.08.2022 10:00:00,8.27485,0.586285,3.8028,8.27,3.363
435,10.08.2022 11:00:00,10.3161,0.556238,3.78903,,
436,10.08.2022 12:00:00,14.987,0.553436,3.74869,,
437,10.08.2022 13:00:00,14.9484,0.585022,3.74802,,
438,10.08.2022 14:00:00,11.7738,0.5625,3.77564,,
439,10.08.2022 15:00:00,11.7384,0.552832,3.77362,,
440,10.08.2022 16:00:00,13.3458,0.532837,3.76192,13.34,3.349
441,10.08.2022 17:00:00,11.6712,0.521411,3.7719,,
442,10.08.2022 18:00:00,9.31613,0.547943,3.80033,,
443,10.08.2022 19:00:00,9.80131,0.588647,3.81759,,
444,10.08.2022 20:00:00,9.92936,0.620782,3.82075,,
445,10.08.2022 21:00:00,8.94788,0.613806,3.8327,,
446,10.08.2022 22:00:00,8.55899,0.626605,3.8343,8.55,3.436
447,10.08.2022 23:00:00,7.97591,0.6349,3.84,,
448,11.08.2022 00:00:00,8.04364,0.637921,3.83803,,
449,11.08.2022 01:00:00,8.24417,0.631494,3.83578,,
450,11.08.2022 02:00:00,8.77221,0.639679,3.83236,,
451,11.08.2022 03:00:00,8.83676,0.644073,3.83465,,
452,11.08.2022 04:00:00,8.78861,0.644128,3.83489,8.78,3.426
453,11.08.2022 05:00:00,8.11084,0.644238,3.83678,,
454,11.08.2022 06:00:00,7.45157,0.637317,3.83707,,
455,11.08.2022 07:00:00,8.0902,0.631824,3.83226,,
456,11.08.2022 08:00:00,9.13147,0.632373,3.82732,,
457,11.08.2022 09:00:00,11.378,0.630011,3.8175,,
458,11.08.2022 10:00:00,13.0696,0.621606,3.80775,13.06,3.387
459,11.08.2022 11:00:00,15.2939,0.642755,3.78749,,
460,11.08.2022 12:00:00,20.013,0.624133,3.73466,,
461,11.08.2022 13:00:00,20.8399,0.623199,3.72634,,
462,11.08.2022 14:00:00,21.4341,0.622046,3.71212,,
463,11.08.2022 15:00:00,22.9516,0.5987,3.68997,,
464,11.08.2022 16:00:00,24.8315,0.589911,3.66374,24.83,3.358
465,11.08.2022 17:00:00,23.5463,0.572388,3.66971,,
466,11.08.2022 18:00:00,22.8574,0.555414,3.67044,,
467,11.08.2022 19:00:00,21.7632,0.547064,3.67419,,
468,11.08.2022 20:00:00,16.877,0.521521,3.70341,,
469,11.08.2022 21:00:00,14.1786,0.518555,3.70839,,
470,11.08.2022 22:00:00,14.0764,0.515808,3.71283,14.07,3.413
471,11.08.2022 23:00:00,9.83359,0.508832,3.72796,,
472,12.08.2022 00:00:00,6.99813,0.515533,3.72903,,
473,12.08.2022 01:00:00,5.57644,0.509326,3.73631,,
474,12.08.2022 02:00:00,6.632,0.521246,3.72848,,
475,12.08.2022 03:00:00,5.83835,0.519818,3.74033,,
476,12.08.2022 04:00:00,4.86321,0.519653,3.73887,4.86,3.365
477,12.08.2022 05:00:00,3.9119,0.528607,3.74559,,
478,12.08.2022 06:00:00,5.87909,0.52663,3.73912,,
479,12.08.2022 07:00:00,8.74523,0.517566,3.73731,,
480,12.08.2022 08:00:00,15.2278,0.517511,3.7238,,
481,12.08.2022 09:00:00,17.4712,0.521136,3.70529,,
482,12.08.2022 10:00:00,20.5235,0.515588,3.6906,20.52,3.398
483,12.08.2022 11:00:00,22.6447,0.517181,3.66935,,
484,12.08.2022 12:00:00,23.296,0.525311,3.65634,,
485,12.08.2022 13:00:00,23.586,0.532562,3.64593,,
486,12.08.2022 14:00:00,25.1156,0.531683,3.62904,,
487,12.08.2022 15:00:00,26.2198,0.537176,3.62251,,
488,12.08.2022 16:00:00,27.0923,0.536133,3.61237,27.09,3.426
489,12.08.2022 17:00:00,27.696,0.533551,3.60279,,
490,12.08.2022 18:00:00,28.523,0.535199,3.60073,,
491,12.08.2022 19:00:00,26.5738,0.515753,3.61526,,
492,12.08.2022 20:00:00,25.2637,0.509326,3.62279,,
493,12.08.2022 21:00:00,19.9304,0.475159,3.65877,,
494,12.08.2022 22:00:00,16.7399,0.468127,3.66342,16.73,3.344
495,12.08.2022 23:00:00,13.4913,0.479004,3.67351,,
496,13.08.2022 00:00:00,11.2722,0.480487,3.68234,,
497,13.08.2022 01:00:00,8.24311,0.477576,3.68945,,
498,13.08.2022 02:00:00,7.27274,0.474115,3.69152,,
499,13.08.2022 03:00:00,6.48015,0.476807,3.69396,,
500,13.08.2022 04:00:00,5.78279,0.47851,3.69566,5.78,3.398
501,13.08.2022 05:00:00,6.34259,0.483179,3.69303,,
502,13.08.2022 06:00:00,6.70449,0.479059,3.68917,,
503,13.08.2022 07:00:00,10.9696,0.47829,3.67597,,
504,13.08.2022 08:00:00,17.7151,0.483838,3.66367,,
505,13.08.2022 09:00:00,23.1955,0.511633,3.63907,,
506,13.08.2022 10:00:00,26.242,0.505151,3.61861,26.24,3.393
507,13.08.2022 11:00:00,27.7256,0.521191,3.60388,,
508,13.08.2022 12:00:00,29.1299,0.536023,3.58705,,
509,13.08.2022 13:00:00,29.4627,0.539923,3.57819,,
510,13.08.2022 14:00:00,28.5569,0.537891,3.58184,,
511,13.08.2022 15:00:00,25.569,0.550745,3.58086,,
512,13.08.2022 16:00:00,24.2336,0.556183,3.59335,24.23,3.362
513,13.08.2022 17:00:00,25.1669,0.543494,3.5823,,
514,13.08.2022 18:00:00,24.0965,0.555963,3.59312,,
515,13.08.2022 19:00:00,22.9796,0.539154,3.60703,,
516,13.08.2022 20:00:00,17.5172,0.516467,3.63195,,
517,13.08.2022 21:00:00,11.8315,0.481421,3.64704,,
518,13.08.2022 22:00:00,10.114,0.471423,3.65364,10.11,3.439
519,13.08.2022 23:00:00,7.85633,0.460162,3.6535,,
520,14.08.2022 00:00:00,7.08385,0.460712,3.6512,,
521,14.08.2022 01:00:00,7.3611,0.4578,3.64134,,
522,14.08.2022 02:00:00,6.54152,0.479828,3.62614,,
523,14.08.2022 03:00:00,5.91242,0.475159,3.59707,,
524,14.08.2022 04:00:00,5.88914,0.47829,3.55352,5.88,3.379
525,14.08.2022 05:00:00,6.15845,0.483728,3.52242,,
526,14.08.2022 06:00:00,6.19866,0.463623,3.51836,,
527,14.08.2022 07:00:00,6.01983,0.427148,3.50788,,
528,14.08.2022 08:00:00,6.55898,0.412042,3.49567,,
529,14.08.2022 09:00:00,7.16533,0.357935,3.47403,,
530,14.08.2022 10:00:00,7.23835,0.319208,3.46075,7.23,3.379
531,14.08.2022 11:00:00,7.58808,0.298059,3.44619,,
532,14.08.2022 12:00:00,8.54311,0.286743,3.4307,,
533,14.08.2022 13:00:00,13.2087,0.264111,3.40146,,
534,14.08.2022 14:00:00,15.0965,0.237415,3.36801,,
535,14.08.2022 15:00:00,14.4627,0.204785,3.37019,,
536,14.08.2022 16:00:00,16.7923,0.19292,3.31954,16.79,3.403
537,14.08.2022 17:00:00,15.1738,0.15293,3.34128,,
538,14.08.2022 18:00:00,16.2225,0.138098,3.3277,,
539,14.08.2022 19:00:00,12.1791,0.126837,3.33746,,
540,14.08.2022 20:00:00,11.5399,0.121948,3.33986,,
541,14.08.2022 21:00:00,11.0611,0.124475,3.34275,,
542,14.08.2022 22:00:00,9.38492,0.13288,3.34473,9.38,3.421
543,14.08.2022 23:00:00,8.28173,0.151337,3.34658,,
544,15.08.2022 00:00:00,7.59443,0.176825,3.34741,,
545,15.08.2022 01:00:00,7.43358,0.199512,3.34352,,
546,15.08.2022 02:00:00,6.9939,0.213464,3.34845,,
547,15.08.2022 03:00:00,7.1066,0.228406,3.34715,,
548,15.08.2022 04:00:00,7.24735,0.24549,3.34959,7.24,3.416
549,15.08.2022 05:00:00,7.52247,0.258618,3.35057,,
550,15.08.2022 06:00:00,7.38702,0.27735,3.3499,,
551,15.08.2022 07:00:00,7.66428,0.282184,3.35086,,
552,15.08.2022 08:00:00,8.81348,0.292841,3.34851,,
553,15.08.2022 09:00:00,11.8283,0.290094,3.34599,,
554,15.08.2022 10:00:00,14.5399,0.304596,3.35094,14.53,3.369
555,15.08.2022 11:00:00,17.268,0.314648,3.32574,,
556,15.08.2022 12:00:00,14.078,0.323328,3.34829,,
557,15.08.2022 13:00:00,23.5574,0.311133,3.27508,,
558,15.08.2022 14:00:00,17.2256,0.334644,3.33609,,
559,15.08.2022 15:00:00,16.3198,0.325085,3.35401,,
560,15.08.2022 16:00:00,16.2891,0.33316,3.35892,16.28,3.414
561,15.08.2022 17:00:00,17.5114,0.340137,3.35988,,
562,15.08.2022 18:00:00,14.9611,0.349091,3.382,,
563,15.08.2022 19:00:00,14.278,0.354144,3.38965,,
564,15.08.2022 20:00:00,13.7156,0.367108,3.39796,,
565,15.08.2022 21:00:00,12.7426,0.368262,3.40621,,
566,15.08.2022 22:00:00,11.2712,0.372491,3.4172,11.27,3.426
567,15.08.2022 23:00:00,8.80871,0.374249,3.42507,,
568,16.08.2022 00:00:00,7.18967,0.391223,3.42562,,
569,16.08.2022 01:00:00,7.8648,0.396497,3.42463,,
570,16.08.2022 02:00:00,7.76904,0.395618,3.42813,,
571,16.08.2022 03:00:00,8.32247,0.40188,3.42776,,
572,16.08.2022 04:00:00,9.06693,0.40946,3.42924,9.06,3.352
573,16.08.2022 05:00:00,8.83993,0.410504,3.43406,,
574,16.08.2022 06:00:00,8.92883,0.418854,3.43919,,
575,16.08.2022 07:00:00,8.82406,0.419183,3.44487,,
576,16.08.2022 08:00:00,10.8167,0.430829,3.4326,,
577,16.08.2022 09:00:00,12.695,0.422095,3.43633,,
578,16.08.2022 10:00:00,15.3537,0.426709,3.42316,15.35,3.448
579,16.08.2022 11:00:00,21.2436,0.402155,3.39057,,
580,16.08.2022 12:00:00,21.278,0.424072,3.39408,,
581,16.08.2022 13:00:00,20.2225,0.420721,3.38796,,
582,16.08.2022 14:00:00,21.8383,0.417645,3.37151,,
583,16.08.2022 15:00:00,23.8383,0.403967,3.35852,,
584,16.08.2022 16:00:00,19.7034,0.402814,3.39777,19.7,3.381
585,16.08.2022 17:00:00,23.7611,0.387598,3.38645,,
586,16.08.2022 18:00:00,23.6452,0.396167,3.37575,,
587,16.08.2022 19:00:00,21.4568,0.393475,3.39566,,
588,16.08.2022 20:00:00,19.2278,0.375293,3.41173,,
589,16.08.2022 21:00:00,16.0828,0.375183,3.43632,,
590,16.08.2022 22:00:00,11.5309,0.365295,3.4614,11.53,3.372
591,16.08.2022 23:00:00,8.18333,0.364636,3.46546,,
592,17.08.2022 00:00:00,8.12089,0.375238,3.46249,,
593,17.08.2022 01:00:00,8.00713,0.381281,3.4615,,
594,17.08.2022 02:00:00,7.5611,0.383807,3.46622,,
595,17.08.2022 03:00:00,7.29073,0.385565,3.46832,,
596,17.08.2022 04:00:00,6.67221,0.395947,3.47151,6.67,3.424
597,17.08.2022 05:00:00,6.17644,0.391992,3.47429,,
598,17.08.2022 06:00:00,7.11083,0.399133,3.47224,,
599,17.08.2022 07:00:00,9.47116,0.398529,3.46513,,
600,17.08.2022 08:00:00,14.5278,0.395233,3.46306,,
601,17.08.2022 09:00:00,17.8066,0.408746,3.45927,,
602,17.08.2022 10:00:00,18.8696,0.415887,3.44753,18.86,3.417
603,17.08.2022 11:00:00,19.986,0.428906,3.44153,,
604,17.08.2022 12:00:00,20.4796,0.41792,3.44256,,
605,17.08.2022 13:00:00,20.3188,0.420447,3.44949,,
606,17.08.2022 14:00:00,19.432,0.394244,3.46443,,
607,17.08.2022 15:00:00,21.6362,0.353485,3.44201,,
608,17.08.2022 16:00:00,21.8135,0.402264,3.45552,21.81,3.449
609,17.08.2022 17:00:00,22.6399,0.39375,3.45742,,
610,17.08.2022 18:00:00,22.0907,0.386829,3.46247,,
611,17.08.2022 19:00:00,20.7891,0.368921,3.47799,,
612,17.08.2022 20:00:00,18.9738,0.364307,3.48981,,
613,17.08.2022 21:00:00,17.4616,0.363373,3.49845,,
614,17.08.2022 22:00:00,15.923,0.364801,3.50432,15.92,3.355
615,17.08.2022 23:00:00,14.6061,0.374249,3.50565,,
616,18.08.2022 00:00:00,13.4944,0.38606,3.50918,,
617,18.08.2022 01:00:00,14.0219,0.403088,3.50796,,
618,18.08.2022 02:00:00,12.9061,0.427368,3.54526,,
619,18.08.2022 03:00:00,12.9151,0.477466,3.55655,,
620,18.08.2022 04:00:00,13.2907,0.504822,3.55261,13.29,3.385
621,18.08.2022 05:00:00,12.4907,0.560138,3.55958,,
622,18.08.2022 06:00:00,10.5256,0.463458,3.51845,,
623,18.08.2022 07:00:00,8.89549,0.483838,3.50131,,
624,18.08.2022 08:00:00,7.83464,0.487024,3.49518,,
625,18.08.2022 09:00:00,7.00025,0.540198,3.49901,,
626,18.08.2022 10:00:00,6.42301,0.513336,3.50587,6.42,3.38
627,18.08.2022 11:00:00,6.76692,0.5948,3.53707,,
628,18.08.2022 12:00:00,6.59231,0.619354,3.52694,,
629,18.08.2022 13:00:00,7.39655,0.626605,3.56179,,
630,18.08.2022 14:00:00,7.11877,0.604358,3.56407,,
631,18.08.2022 15:00:00,7.78597,0.696094,3.57035,,
632,18.08.2022 16:00:00,7.91612,0.665717,3.59124,7.91,3.384
633,18.08.2022 17:00:00,7.5865,0.696423,3.60122,,
634,18.08.2022 18:00:00,7.43729,0.68302,3.606,,
635,18.08.2022 19:00:00,7.4685,0.732898,3.62949,,
636,18.08.2022 20:00:00,7.01983,0.73147,3.63445,,
637,18.08.2022 21:00:00,6.66057,0.720538,3.64202,,
638,18.08.2022 22:00:00,6.06428,0.73504,3.64846,6.06,3.39
639,18.08.2022 23:00:00,5.69601,0.743665,3.65414,,
640,19.08.2022 00:00:00,5.83041,0.742676,3.65653,,
641,19.08.2022 01:00:00,5.88808,0.749268,3.659,,
642,19.08.2022 02:00:00,6.01348,0.756519,3.66186,,
643,19.08.2022 03:00:00,6.04787,0.764648,3.66345,,
644,19.08.2022 04:00:00,6.00184,0.763165,3.66785,6,3.418
645,19.08.2022 05:00:00,6.2484,0.773218,3.67009,,
646,19.08.2022 06:00:00,6.56321,0.781732,3.67245,,
647,19.08.2022 07:00:00,6.71137,0.785907,3.67658,,
648,19.08.2022 08:00:00,6.96322,0.78783,3.67872,,
649,19.08.2022 09:00:00,7.50501,0.781622,3.68006,,
650,19.08.2022 10:00:00,8.61031,0.789587,3.679,8.61,3.415
651,19.08.2022 11:00:00,9.44841,0.786786,3.67881,,
652,19.08.2022 12:00:00,9.50079,0.798212,3.68369,,
653,19.08.2022 13:00:00,9.26851,0.800793,3.68208,,
654,19.08.2022 14:00:00,8.56428,0.800958,3.69126,,
655,19.08.2022 15:00:00,10.5627,0.796838,3.67476,,
656,19.08.2022 16:00:00,12.5003,0.7992,3.66666,12.5,3.377
657,19.08.2022 17:00:00,9.6357,0.811395,3.68614,,
658,19.08.2022 18:00:00,8.19444,0.80343,3.68838,,
659,19.08.2022 19:00:00,8.1119,0.80365,3.68346,,
660,19.08.2022 20:00:00,7.71454,0.796893,3.68079,,
661,19.08.2022 21:00:00,6.85899,0.7953,3.68208,,
662,19.08.2022 22:00:00,5.98279,0.785468,3.68396,5.98,3.415
663,19.08.2022 23:00:00,5.69601,0.783325,3.68051,,
664,20.08.2022 00:00:00,5.46374,0.784534,3.67873,,
665,20.08.2022 01:00:00,5.02988,0.78382,3.67756,,
666,20.08.2022 02:00:00,5.04628,0.772833,3.67674,,
667,20.08.2022 03:00:00,4.94628,0.771845,3.67452,,
668,20.08.2022 04:00:00,5.28014,0.775195,3.67093,5.28,3.381
669,20.08.2022 05:00:00,5.03147,0.766241,3.67156,,
670,20.08.2022 06:00:00,4.89655,0.77179,3.67126,,
671,20.08.2022 07:00:00,4.94417,0.762946,3.67201,,
672,20.08.2022 08:00:00,5.21189,0.758331,3.67115,,
673,20.08.2022 09:00:00,5.5357,0.76734,3.66705,,
674,20.08.2022 10:00:00,6.52406,0.76377,3.66239,6.52,3.348
675,20.08.2022 11:00:00,9.59813,0.766132,3.64585,,
676,20.08.2022 12:00:00,10.0182,0.761407,3.64049,,
677,20.08.2022 13:00:00,9.37698,0.772394,3.65028,,
678,20.08.2022 14:00:00,11.3119,0.76734,3.62978,,
679,20.08.2022 15:00:00,12.2251,0.757672,3.63183,,
680,20.08.2022 16:00:00,10.5473,0.76355,3.64283,10.54,3.379
681,20.08.2022 17:00:00,9.49339,0.767999,3.64564,,
682,20.08.2022 18:00:00,10.0637,0.761023,3.64039,,
683,20.08.2022 19:00:00,9.81348,0.750421,3.639,,
684,20.08.2022 20:00:00,9.43994,0.749268,3.63858,,
685,20.08.2022 21:00:00,8.98651,0.745367,3.63408,,
686,20.08.2022 22:00:00,8.24364,0.742181,3.63462,8.24,3.434
687,20.08.2022 23:00:00,7.88331,0.745367,3.63391,,
688,21.08.2022 00:00:00,7.63253,0.741797,3.6333,,
689,21.08.2022 01:00:00,7.41348,0.737897,3.63062,,
690,21.08.2022 02:00:00,7.23782,0.742017,3.6328,,
691,21.08.2022 03:00:00,6.99813,0.737347,3.63049,,
692,21.08.2022 04:00:00,6.60819,0.742895,3.62978,6.6,3.37
693,21.08.2022 05:00:00,5.9521,0.73515,3.62751,,
694,21.08.2022 06:00:00,5.56903,0.738336,3.62531,,
695,21.08.2022 07:00:00,4.82618,0.734876,3.63695,,
696,21.08.2022 08:00:00,5.02036,0.729602,3.62074,,
697,21.08.2022 09:00:00,5.82723,0.735095,3.61635,,
698,21.08.2022 10:00:00,6.43835,0.738116,3.60504,6.43,3.353
699,21.08.2022 11:00:00,7.88173,0.731744,3.59185,,
700,21.08.2022 12:00:00,8.49391,0.71532,3.58493,,
701,21.08.2022 13:00:00,9.13095,0.712793,3.57502,,
702,21.08.2022 14:00:00,10.722,0.698401,3.55837,,
703,21.08.2022 15:00:00,10.4468,0.689996,3.55129,,
704,21.08.2022 16:00:00,10.6018,0.682196,3.53733,10.6,3.408
705,21.08.2022 17:00:00,8.53412,0.676373,3.54197,,
706,21.08.2022 18:00:00,7.85845,0.676099,3.53813,,
707,21.08.2022 19:00:00,7.04099,0.676044,3.53383,,
708,21.08.2022 20:00:00,6.28544,0.67478,3.53043,,
709,21.08.2022 21:00:00,5.60872,0.672363,3.52962,,
710,21.08.2022 22:00:00,4.52089,0.669067,3.52935,4.52,3.346
711,21.08.2022 23:00:00,3.09866,0.671979,3.52905,,
712,22.08.2022 00:00:00,2.78861,0.675769,3.52895,,
713,22.08.2022 01:00:00,1.89549,0.681812,3.52857,,
714,22.08.2022 02:00:00,2.36428,0.681757,3.52506,,
715,22.08.2022 03:00:00,2.81612,0.673132,3.52457,,
716,22.08.2022 04:00:00,2.62882,0.655609,3.5223,2.62,3.412
717,22.08.2022 05:00:00,2.13888,0.668353,3.52745,,
718,22.08.2022 06:00:00,1.89126,0.662036,3.52708,,
719,22.08.2022 07:00:00,1.51454,0.661212,3.52366,,
720,22.08.2022 08:00:00,1.63359,0.662476,3.52625,,
721,22.08.2022 09:00:00,2.64946,0.656873,3.51788,,
722,22.08.2022 10:00:00,3.76004,0.659125,3.50985,3.76,3.391
723,22.08.2022 11:00:00,3.69602,0.665442,3.51079,,
724,22.08.2022 12:00:00,6.43835,0.648358,3.49243,,
725,22.08.2022 13:00:00,8.75898,0.626056,3.4762,,
726,22.08.2022 14:00:00,11.3823,0.626056,3.45788,,
727,22.08.2022 15:00:00,11.5299,0.612653,3.44262,,
728,22.08.2022 16:00:00,10.0029,0.600952,3.45948,10,3.348
729,22.08.2022 17:00:00,9.05211,0.586285,3.46388,,
730,22.08.2022 18:00:00,9.39338,0.587329,3.44836,,
731,22.08.2022 19:00:00,9.26215,0.576947,3.4444,,
732,22.08.2022 20:00:00,8.53729,0.566949,3.44399,,
733,22.08.2022 21:00:00,8.09285,0.581287,3.43749,,
734,22.08.2022 22:00:00,7.423,0.579858,3.4358,7.42,3.391
735,22.08.2022 23:00:00,7.03358,0.571893,3.43547,,
736,23.08.2022 00:00:00,6.92407,0.575079,3.4335,,
737,23.08.2022 01:00:00,7.07115,0.569311,3.43165,,
738,23.08.2022 02:00:00,6.83306,0.574585,3.43064,,
739,23.08.2022 03:00:00,6.65581,0.576892,3.42827,,
740,23.08.2022 04:00:00,6.80502,0.57041,3.42871,6.8,3.413
741,23.08.2022 05:00:00,7.54364,0.560687,3.42409,,
742,23.08.2022 06:00:00,7.40924,0.564038,3.42357,,
743,23.08.2022 07:00:00,7.88173,0.557666,3.42145,,
744,23.08.2022 08:00:00,8.27538,0.557831,3.41322,,
745,23.08.2022 09:00:00,8.8775,0.555853,3.41156,,
746,23.08.2022 10:00:00,12.7722,0.525421,3.39197,12.77,3.411
747,23.08.2022 11:00:00,11.8029,0.532397,3.39435,,
748,23.08.2022 12:00:00,17.5674,0.510645,3.35143,,
749,23.08.2022 13:00:00,13.5463,0.510645,3.38294,,
750,23.08.2022 14:00:00,13.7701,0.501581,3.38036,,
751,23.08.2022 15:00:00,14.9606,0.495374,3.37184,,
752,23.08.2022 16:00:00,14.3738,0.490594,3.37758,14.37,3.364
753,23.08.2022 17:00:00,15.6669,0.477026,3.3717,,
754,23.08.2022 18:00:00,15.5373,0.468622,3.37339,,
755,23.08.2022 19:00:00,15.0341,0.462195,3.37833,,
756,23.08.2022 20:00:00,13.6823,0.457306,3.3873,,
757,23.08.2022 21:00:00,11.7934,0.469006,3.39395,,
758,23.08.2022 22:00:00,10.3648,0.475323,3.39723,10.36,3.438
759,23.08.2022 23:00:00,9.50291,0.473346,3.40424,,
760,24.08.2022 00:00:00,9.07381,0.480432,3.40638,,
761,24.08.2022 01:00:00,8.29231,0.488287,3.41124,,
762,24.08.2022 02:00:00,7.98226,0.491858,3.41257,,
763,24.08.2022 03:00:00,8.78861,0.496527,3.41291,,
764,24.08.2022 04:00:00,9.15634,0.490155,3.41844,9.15,3.381
765,24.08.2022 05:00:00,9.31295,0.496637,3.421,,
766,24.08.2022 06:00:00,9.58385,0.507568,3.43389,,
767,24.08.2022 07:00:00,9.86587,0.512842,3.45167,,
768,24.08.2022 08:00:00,10.687,0.530585,3.4645,,
769,24.08.2022 09:00:00,11.3701,0.537231,3.48036,,
770,24.08.2022 10:00:00,12.3891,0.543768,3.48414,12.38,3.435
771,24.08.2022 11:00:00,12.7468,0.540692,3.48867,,
772,24.08.2022 12:00:00,12.8801,0.540417,3.4903,,
773,24.08.2022 13:00:00,14.0442,0.537891,3.48709,,
774,24.08.2022 14:00:00,14.7574,0.539484,3.48563,,
775,24.08.2022 15:00:00,14.3124,0.531134,3.49633,,
776,24.08.2022 16:00:00,15.4823,0.530585,3.48642,15.48,3.365
777,24.08.2022 17:00:00,18.6749,0.520807,3.46901,,
778,24.08.2022 18:00:00,26.3902,0.532617,3.42262,,
779,24.08.2022 19:00:00,23.9685,0.476147,3.42516,,
780,24.08.2022 20:00:00,18.023,0.43775,3.44989,,
781,24.08.2022 21:00:00,13.8966,0.424622,3.4566,,
782,24.08.2022 22:00:00,11.0214,0.429126,3.46459,11.02,3.399
783,24.08.2022 23:00:00,8.36638,0.429401,3.47371,,
784,25.08.2022 00:00:00,7.25952,0.430554,3.4734,,
785,25.08.2022 01:00:00,7.25423,0.436487,3.46856,,
786,25.08.2022 02:00:00,7.78967,0.435114,3.46666,,
787,25.08.2022 03:00:00,8.31136,0.436816,3.46748,,
788,25.08.2022 04:00:00,8.82723,0.441266,3.46824,8.82,3.417
789,25.08.2022 05:00:00,8.94682,0.447858,3.4683,,
790,25.08.2022 06:00:00,9.36004,0.450659,3.46609,,
791,25.08.2022 07:00:00,10.2452,0.457416,3.46435,,
792,25.08.2022 08:00:00,11.4643,0.462305,3.46149,,
793,25.08.2022 09:00:00,13.4971,0.472797,3.45527,,
794,25.08.2022 10:00:00,15.778,0.472247,3.44688,15.77,3.347
795,25.08.2022 11:00:00,14.1225,0.477576,3.45822,,
796,25.08.2022 12:00:00,12.6542,0.511853,3.48495,,
797,25.08.2022 13:00:00,16.6246,0.477136,3.41926,,
798,25.08.2022 14:00:00,17.5415,0.464777,3.43803,,
799,25.08.2022 15:00:00,20.3426,0.47049,3.41229,,
800,25.08.2022 16:00:00,20.8849,0.423413,3.40577,20.88,3.364
801,25.08.2022 17:00:00,17.4685,0.402045,3.42082,,
802,25.08.2022 18:00:00,19.7452,0.427588,3.40764,,
803,25.08.2022 19:00:00,16.2124,0.397211,3.43096,,
804,25.08.2022 20:00:00,17.778,0.391718,3.42356,,
805,25.08.2022 21:00:00,14.3902,0.366669,3.44922,,
806,25.08.2022 22:00:00,8.60502,0.363922,3.46647,8.6,3.416
807,25.08.2022 23:00:00,6.72089,0.37793,3.47088,,
808,26.08.2022 00:00:00,7.13676,0.38551,3.4665,,
809,26.08.2022 01:00:00,7.94257,0.395178,3.46525,,
810,26.08.2022 02:00:00,7.21931,0.396552,3.47686,,
811,26.08.2022 03:00:00,3.89973,0.407977,3.49137,,
812,26.08.2022 04:00:00,4.06057,0.419458,3.48977,4.06,3.35
813,26.08.2022 05:00:00,2.97433,0.429511,3.49872,,
814,26.08.2022 06:00:00,2.08226,0.443463,3.49822,,
815,26.08.2022 07:00:00,5.00977,0.44187,3.48566,,
816,26.08.2022 08:00:00,8.13677,0.443134,3.48816,,
817,26.08.2022 09:00:00,15.1458,0.435773,3.47086,,
818,26.08.2022 10:00:00,17.9272,0.461041,3.44806,17.92,3.381
819,26.08.2022 11:00:00,18.6447,0.464612,3.44068,,
820,26.08.2022 12:00:00,22.3082,0.443079,3.41452,,
821,26.08.2022 13:00:00,22.9124,0.442639,3.39811,,
822,26.08.2022 14:00:00,23.5384,0.419513,3.38513,,
823,26.08.2022 15:00:00,24.1807,0.396552,3.37616,,
824,26.08.2022 16:00:00,24.4574,0.382489,3.37114,24.45,3.385
825,26.08.2022 17:00:00,24.8828,0.365625,3.36854,,
826,26.08.2022 18:00:00,22.8246,0.352222,3.37567,,
827,26.08.2022 19:00:00,23.3484,0.332336,3.38464,,
828,26.08.2022 20:00:00,20.1733,0.317065,3.41392,,
829,26.08.2022 21:00:00,18.1791,0.311847,3.42554,,
830,26.08.2022 22:00:00,10.9336,0.310968,3.44928,10.93,3.423
831,26.08.2022 23:00:00,7.32195,0.326184,3.4544,,
832,27.08.2022 00:00:00,4.89602,0.334094,3.46176,,
833,27.08.2022 01:00:00,4.90078,0.340082,3.45935,,
834,27.08.2022 02:00:00,3.63676,0.349365,3.45945,,
835,27.08.2022 03:00:00,3.18596,0.350299,3.4662,,
836,27.08.2022 04:00:00,4.39972,0.36156,3.46009,4.39,3.344
837,27.08.2022 05:00:00,5.12935,0.363702,3.46023,,
838,27.08.2022 06:00:00,6.60925,0.364856,3.45926,,
839,27.08.2022 07:00:00,8.03676,0.355078,3.45204,,
840,27.08.2022 08:00:00,13.859,0.337115,3.44443,,
841,27.08.2022 09:00:00,17.5357,0.343542,3.43556,,
842,27.08.2022 10:00:00,21.0928,0.332996,3.4163,21.09,3.349
843,27.08.2022 11:00:00,22.824,0.334534,3.4044,,
844,27.08.2022 12:00:00,21.7637,0.34173,3.40227,,
845,27.08.2022 13:00:00,24.0553,0.341235,3.3817,,
846,27.08.2022 14:00:00,22.9045,0.347827,3.38122,,
847,27.08.2022 15:00:00,24.9039,0.336841,3.36405,,
848,27.08.2022 16:00:00,24.8288,0.340521,3.36928,24.82,3.345
849,27.08.2022 17:00:00,23.724,0.32926,3.37983,,
850,27.08.2022 18:00:00,21.286,0.331677,3.39697,,
851,27.08.2022 19:00:00,18.2585,0.327832,3.41489,,
852,27.08.2022 20:00:00,15.078,0.322394,3.43471,,
853,27.08.2022 21:00:00,9.33517,0.331293,3.44798,,
854,27.08.2022 22:00:00,8.20131,0.334424,3.44964,8.2,3.431
855,27.08.2022 23:00:00,7.55845,0.352277,3.45075,,
856,28.08.2022 00:00:00,7.55369,0.359912,3.44833,,
857,28.08.2022 01:00:00,7.76322,0.377765,3.44401,,
858,28.08.2022 02:00:00,7.89072,0.386884,3.43768,,
859,28.08.2022 03:00:00,7.07009,0.39776,3.43424,,
860,28.08.2022 04:00:00,6.26692,0.417975,3.42899,6.26,3.358
861,28.08.2022 05:00:00,5.64046,0.429181,3.41693,,
862,28.08.2022 06:00:00,5.11189,0.440332,3.3964,,
863,28.08.2022 07:00:00,4.91771,0.439618,3.36937,,
864,28.08.2022 08:00:00,5.03782,0.45412,3.34394,,
865,28.08.2022 09:00:00,7.27539,0.462305,3.30713,,
866,28.08.2022 10:00:00,7.88067,0.464337,3.2894,7.88,3.358
867,28.08.2022 11:00:00,10.5373,0.465546,3.24577,,
868,28.08.2022 12:00:00,10.9172,0.478455,3.2224,,
869,28.08.2022 13:00:00,9.54417,0.493671,3.20806,,
870,28.08.2022 14:00:00,10.3696,0.502789,3.19294,,
871,28.08.2022 15:00:00,12.0696,0.496088,3.17135,,
872,28.08.2022 16:00:00,12.5426,0.492352,3.16318,12.54,3.389
873,28.08.2022 17:00:00,10.4473,0.500427,3.16473,,
874,28.08.2022 18:00:00,10.6018,0.489166,3.16622,,
875,28.08.2022 19:00:00,9.9082,0.495538,3.16518,,
876,28.08.2022 20:00:00,7.94734,0.49455,3.17033,,
877,28.08.2022 21:00:00,6.87698,0.507513,3.16704,,
878,28.08.2022 22:00:00,4.42671,0.504547,3.17463,4.42,3.39
879,28.08.2022 23:00:00,4.8865,0.510974,3.17445,,
880,29.08.2022 00:00:00,4.67856,0.519434,3.17496,,
881,29.08.2022 01:00:00,3.22618,0.524542,3.18396,,
882,29.08.2022 02:00:00,2.85422,0.5224,3.18649,,
883,29.08.2022 03:00:00,2.50872,0.528223,3.18832,,
884,29.08.2022 04:00:00,-0.0219666,0.533771,3.20031,-0.02,3.397
885,29.08.2022 05:00:00,-1.06958,0.540802,3.20229,,
886,29.08.2022 06:00:00,-0.800801,0.542725,3.2029,,
887,29.08.2022 07:00:00,0.229885,0.543384,3.20207,,
888,29.08.2022 08:00:00,3.3156,0.53877,3.19365,,
889,29.08.2022 09:00:00,5.47803,0.541681,3.19343,,
890,29.08.2022 10:00:00,6.67803,0.543658,3.19416,6.67,3.354
891,29.08.2022 11:00:00,7.50131,0.54646,3.19444,,
892,29.08.2022 12:00:00,8.88544,0.562061,3.19209,,
893,29.08.2022 13:00:00,12.3389,0.574475,3.16761,,
894,29.08.2022 14:00:00,11.2579,0.584198,3.17601,,
895,29.08.2022 15:00:00,12.0071,0.57486,3.17047,,
896,29.08.2022 16:00:00,12.7902,0.570959,3.16257,12.79,3.356
897,29.08.2022 17:00:00,11.6981,0.56283,3.16492,,
898,29.08.2022 18:00:00,11.3833,0.555084,3.16811,,
899,29.08.2022 19:00:00,10.8114,0.554755,3.16953,,
900,29.08.2022 20:00:00,9.76269,0.544482,3.17839,,
901,29.08.2022 21:00:00,8.67116,0.541956,3.18508,,
902,29.08.2022 22:00:00,7.09179,0.54668,3.19195,7.09,3.397
903,29.08.2022 23:00:00,4.27909,0.544702,3.20093,,
904,30.08.2022 00:00:00,3.70343,0.550525,3.20014,,
905,30.08.2022 01:00:00,5.78438,0.548877,3.19802,,
906,30.08.2022 02:00:00,6.0029,0.549316,3.20394,,
907,30.08.2022 03:00:00,5.36797,0.55459,3.21014,,
908,30.08.2022 04:00:00,5.65475,0.554041,3.21321,5.65,3.352
909,30.08.2022 05:00:00,4.93253,0.550195,3.21949,,
910,30.08.2022 06:00:00,3.62406,0.561731,3.22562,,
911,30.08.2022 07:00:00,3.6992,0.562939,3.22309,,
912,30.08.2022 08:00:00,7.39708,0.54646,3.21467,,
913,30.08.2022 09:00:00,8.56269,0.550909,3.21705,,
914,30.08.2022 10:00:00,9.25845,0.545416,3.21092,9.25,3.419
915,30.08.2022 11:00:00,11.3913,0.544318,3.20104,,
916,30.08.2022 12:00:00,13.5828,0.529871,3.19143,,
917,30.08.2022 13:00:00,17.0632,0.51438,3.17302,,
918,30.08.2022 14:00:00,23.1341,0.481696,3.11737,,
919,30.08.2022 15:00:00,21.8521,0.464282,3.11172,,
920,30.08.2022 16:00:00,24.4859,0.439728,3.08956,24.48,3.362
921,30.08.2022 17:00:00,22.3336,0.414514,3.09578,,
922,30.08.2022 18:00:00,20.7875,0.394849,3.10612,,
923,30.08.2022 19:00:00,19.9854,0.374084,3.12085,,
924,30.08.2022 20:00:00,17.9569,0.356671,3.14301,,
925,30.08.2022 21:00:00,13.9971,0.342389,3.17174,,
926,30.08.2022 22:00:00,7.22407,0.354419,3.19018,7.22,3.41
927,30.08.2022 23:00:00,4.27221,0.362219,3.19386,,
928,31.08.2022 00:00:00,2.932,0.368481,3.19381,,
929,31.08.2022 01:00:00,2.38597,0.380511,3.19362,,
930,31.08.2022 02:00:00,1.76692,0.376501,3.20181,,
931,31.08.2022 03:00:00,1.52354,0.385181,3.20398,,
932,31.08.2022 04:00:00,1.59761,0.390399,3.20833,1.59,3.372
933,31.08.2022 05:00:00,0.44364,0.39765,3.21567,,
934,31.08.2022 06:00:00,1.59391,0.39787,3.21336,,
935,31.08.2022 07:00:00,3.68597,0.399518,3.20899,,
936,31.08.2022 08:00:00,8.7029,0.3776,3.20927,,
937,31.08.2022 09:00:00,12.7288,0.396881,3.19798,,
938,31.08.2022 10:00:00,14.9362,0.412921,3.20503,14.93,3.373
939,31.08.2022 11:00:00,19.2129,0.384027,3.171,,
940,31.08.2022 12:00:00,21.6796,0.38172,3.15512,,
941,31.08.2022 13:00:00,21.8674,0.389685,3.1643,,
942,31.08.2022 14:00:00,23.1426,0.365131,3.15102,,
943,31.08.2022 15:00:00,21.6262,0.360022,3.17014,,
944,31.08.2022 16:00:00,24.5807,0.351892,3.15012,24.58,3.402
945,31.08.2022 17:00:00,22.3389,0.339258,3.16978,,
946,31.08.2022 18:00:00,23.5024,0.323547,3.1747,,
947,31.08.2022 19:00:00,20.0997,0.314209,3.20204,,
948,31.08.2022 20:00:00,19.1955,0.299982,3.22714,,
949,31.08.2022 21:00:00,13.6616,0.29707,3.24429,,
950,31.08.2022 22:00:00,9.49127,0.30575,3.25834,9.49,3.381
951,31.08.2022 23:00:00,6.84999,0.315527,3.26376,,
952,01.09.2022 00:00:00,6.32565,0.318823,3.26582,,
953,01.09.2022 01:00:00,5.01559,0.328162,3.27269,,
954,01.09.2022 02:00:00,4.17168,0.330194,3.27189,,
955,01.09.2022 03:00:00,3.88756,0.338269,3.27517,,
956,01.09.2022 04:00:00,3.79179,0.346509,3.27449,3.79,3.381
957,01.09.2022 05:00:00,3.21242,0.347662,3.2806,,
958,01.09.2022 06:00:00,3.62671,0.361505,3.27926,,
959,01.09.2022 07:00:00,3.03782,0.363647,3.28206,,
960,01.09.2022 08:00:00,8.40184,0.347058,3.2627,,
961,01.09.2022 09:00:00,13.4315,0.347607,3.26655,,
962,01.09.2022 10:00:00,17.523,0.348322,3.2488,17.52,3.457
963,01.09.2022 11:00:00,19.6489,0.326624,3.2279,,
964,01.09.2022 12:00:00,20.5468,0.316791,3.22796,,
965,01.09.2022 13:00:00,23.3971,0.307782,3.21158,,
966,01.09.2022 14:00:00,23.6696,0.297729,3.21583,,
967,01.09.2022 15:00:00,19.732,0.299432,3.24841,,
968,01.09.2022 16:00:00,19.66,0.292401,3.25685,19.66,3.386
969,01.09.2022 17:00:00,20.2256,0.278998,3.25697,,
970,01.09.2022 18:00:00,20.4378,0.264056,3.26246,,
971,01.09.2022 19:00:00,23.304,0.265649,3.24923,,
972,01.09.2022 20:00:00,17.0886,0.246478,3.29379,,
973,01.09.2022 21:00:00,13.877,0.251257,3.29666,,
974,01.09.2022 22:00:00,12.1399,0.260925,3.30531,12.13,3.442
975,01.09.2022 23:00:00,12.2595,0.260046,3.30515,,
976,02.09.2022 00:00:00,11.5251,0.267572,3.30951,,
977,02.09.2022 01:00:00,10.2738,0.274823,3.31345,,
978,02.09.2022 02:00:00,8.62619,0.275592,3.32064,,
979,02.09.2022 03:00:00,8.41983,0.292786,3.3168,,
980,02.09.2022 04:00:00,9.76851,0.286743,3.3144,9.76,3.423
981,02.09.2022 05:00:00,8.24046,0.293994,3.32737,,
982,02.09.2022 06:00:00,7.15951,0.308606,3.32874,,
983,02.09.2022 07:00:00,7.70238,0.314264,3.32847,,
984,02.09.2022 08:00:00,12.1585,0.292731,3.31502,,
985,02.09.2022 09:00:00,15.4844,0.287842,3.31133,,
986,02.09.2022 10:00:00,16.3595,0.279272,3.30068,16.35,3.358
987,02.09.2022 11:00:00,18.8547,0.278284,3.28699,,
988,02.09.2022 12:00:00,19.9675,0.277405,3.27483,,
989,02.09.2022 13:00:00,21.7341,0.268011,3.26759,,
990,02.09.2022 14:00:00,23.269,0.266199,3.25467,,
991,02.09.2022 15:00:00,24.0346,0.265375,3.24628,,
992,02.09.2022 16:00:00,22.033,0.262024,3.26401,22.03,3.397
993,02.09.2022 17:00:00,24.0521,0.244061,3.25819,,
994,02.09.2022 18:00:00,23.332,0.241479,3.27208,,
995,02.09.2022 19:00:00,21.9775,0.232416,3.28646,,
996,02.09.2022 20:00:00,20.7399,0.220001,3.30328,,
997,02.09.2022 21:00:00,15.2114,0.21275,3.33246,,
998,02.09.2022 22:00:00,7.06639,0.221649,3.34452,7.06,3.357
999,02.09.2022 23:00:00,4.4648,0.239777,3.3434,,
1000,03.09.2022 00:00:00,3.59867,0.243402,3.34023,,
1001,03.09.2022 01:00:00,4.4029,0.252356,3.3296,,
1002,03.09.2022 02:00:00,6.27433,0.259882,3.32147,,
1003,03.09.2022 03:00:00,7.49337,0.26076,3.32223,,
1004,03.09.2022 04:00:00,7.88914,0.271582,3.32382,7.88,3.362
1005,03.09.2022 05:00:00,8.07063,0.287183,3.32559,,
1006,03.09.2022 06:00:00,8.32723,0.294104,3.32467,,
1007,03.09.2022 07:00:00,8.48015,0.295972,3.32974,,
1008,03.09.2022 08:00:00,9.07275,0.296136,3.32773,,
1009,03.09.2022 09:00:00,10.7992,0.304651,3.32626,,
1010,03.09.2022 10:00:00,12.2801,0.30152,3.32248,12.28,3.35
1011,03.09.2022 11:00:00,17.0955,0.28938,3.30152,,
1012,03.09.2022 12:00:00,19.3129,0.274329,3.28188,,
1013,03.09.2022 13:00:00,17.1812,0.27312,3.30976,,
1014,03.09.2022 14:00:00,18.0299,0.271747,3.30387,,
1015,03.09.2022 15:00:00,17.9897,0.254443,3.30326,,
1016,03.09.2022 16:00:00,16.3828,0.252246,3.31226,16.38,3.431
1017,03.09.2022 17:00:00,14.9013,0.253949,3.31868,,
1018,03.09.2022 18:00:00,13.2156,0.264935,3.32311,,
1019,03.09.2022 19:00:00,12.8801,0.285809,3.32216,,
1020,03.09.2022 20:00:00,11.6463,0.307892,3.32818,,
1021,03.09.2022 21:00:00,10.5389,0.314813,3.33293,,
1022,03.09.2022 22:00:00,9.68649,0.320691,3.33441,9.68,3.404
1023,03.09.2022 23:00:00,9.25528,0.328821,3.33789,,
1024,04.09.2022 00:00:00,8.83782,0.326624,3.34163,,
1025,04.09.2022 01:00:00,8.2558,0.335413,3.34375,,
1026,04.09.2022 02:00:00,7.36745,0.338599,3.34756,,
1027,04.09.2022 03:00:00,5.58121,0.345795,3.35345,,
1028,04.09.2022 04:00:00,5.8812,0.352496,3.35512,5.88,3.374
1029,04.09.2022 05:00:00,4.64734,0.362933,3.35868,,
1030,04.09.2022 06:00:00,4.42406,0.365186,3.36159,,
1031,04.09.2022 07:00:00,5.47909,0.371338,3.35877,,
1032,04.09.2022 08:00:00,7.34946,0.373041,3.35932,,
1033,04.09.2022 09:00:00,9.55211,0.373041,3.35894,,
1034,04.09.2022 10:00:00,9.73358,0.376172,3.36489,9.73,3.392
1035,04.09.2022 11:00:00,10.6796,0.392541,3.36718,,
1036,04.09.2022 12:00:00,10.195,0.403802,3.37315,,
1037,04.09.2022 13:00:00,10.6886,0.407318,3.37099,,
1038,04.09.2022 14:00:00,9.81454,0.425006,3.37389,,
1039,04.09.2022 15:00:00,9.62512,0.427148,3.37357,,
1040,04.09.2022 16:00:00,9.04735,0.431213,3.37609,9.04,3.423
1041,04.09.2022 17:00:00,9.15528,0.458514,3.37088,,
1042,04.09.2022 18:00:00,8.49443,0.453186,3.37299,,
1043,04.09.2022 19:00:00,7.28227,0.468292,3.37859,,
1044,04.09.2022 20:00:00,6.93729,0.472302,3.3713,,
1045,04.09.2022 21:00:00,6.63041,0.494165,3.37968,,
1046,04.09.2022 22:00:00,6.19919,0.500427,3.37767,6.19,3.407
1047,04.09.2022 23:00:00,5.82459,0.520697,3.36687,,
1048,05.09.2022 00:00:00,5.62829,0.513281,3.36239,,
1049,05.09.2022 01:00:00,5.20131,0.522345,3.35874,,
1050,05.09.2022 02:00:00,4.78491,0.547009,3.34379,,
1051,05.09.2022 03:00:00,4.53941,0.581012,3.34713,,
1052,05.09.2022 04:00:00,4.43041,0.56261,3.33697,4.43,3.398
1053,05.09.2022 05:00:00,4.23517,0.583923,3.3227,,
1054,05.09.2022 06:00:00,4.20925,0.587824,3.3163,,
1055,05.09.2022 07:00:00,3.97962,0.617816,3.30774,,
1056,05.09.2022 08:00:00,4.02142,0.613257,3.29767,,
1057,05.09.2022 09:00:00,3.98332,0.637866,3.28683,,
1058,05.09.2022 10:00:00,4.06533,0.629736,3.26572,4.06,3.399
1059,05.09.2022 11:00:00,3.92988,0.710046,3.27569,,
1060,05.09.2022 12:00:00,3.76004,0.670001,3.23821,,
1061,05.09.2022 13:00:00,4.21136,0.662256,3.22614,,
1062,05.09.2022 14:00:00,4.75105,0.664014,3.2448,,
1063,05.09.2022 15:00:00,6.83941,0.695709,3.19124,,
1064,05.09.2022 16:00:00,5.25686,0.673517,3.18144,5.25,3.364
1065,05.09.2022 17:00:00,4.8738,0.660608,3.17616,,
1066,05.09.2022 18:00:00,4.50554,0.65929,3.17536,,
1067,05.09.2022 19:00:00,3.58174,0.662146,3.17571,,
1068,05.09.2022 20:00:00,2.76321,0.652588,3.1706,,
1069,05.09.2022 21:00:00,2.27221,0.654181,3.16741,,
1070,05.09.2022 22:00:00,1.96798,0.655609,3.16517,1.96,3.347
1071,05.09.2022 23:00:00,1.87221,0.656158,3.16361,,
1072,06.09.2022 00:00:00,1.50661,0.665332,3.16339,,
1073,06.09.2022 01:00:00,1.42089,0.664508,3.16388,,
1074,06.09.2022 02:00:00,1.26745,0.672253,3.16013,,
1075,06.09.2022 03:00:00,0.761103,0.671759,3.16236,,
1076,06.09.2022 04:00:00,0.147872,0.673572,3.1644,0.14,3.35
1077,06.09.2022 05:00:00,-0.38493,0.664453,3.16485,,
1078,06.09.2022 06:00:00,-0.994452,0.667584,3.16235,,
1079,06.09.2022 07:00:00,-1.71878,0.671814,3.16062,,
1080,06.09.2022 08:00:00,-0.763236,0.663025,3.15667,,
1081,06.09.2022 09:00:00,1.63888,0.651654,3.14498,,
1082,06.09.2022 10:00:00,2.50237,0.65896,3.1518,2.5,3.368
1083,06.09.2022 11:00:00,3.37697,0.673022,3.1451,,
1084,06.09.2022 12:00:00,5.4484,0.664673,3.13401,,
1085,06.09.2022 13:00:00,7.77063,0.665332,3.12061,,
1086,06.09.2022 14:00:00,9.63623,0.660937,3.09474,,
1087,06.09.2022 15:00:00,9.86693,0.658905,3.07154,,
1088,06.09.2022 16:00:00,10.4082,0.668243,3.05294,10.4,3.366
1089,06.09.2022 17:00:00,12.0526,0.645117,3.03446,,
1090,06.09.2022 18:00:00,11.9431,0.633362,3.03112,,
1091,06.09.2022 19:00:00,6.96057,0.619794,3.04192,,
1092,06.09.2022 20:00:00,9.45793,0.616718,3.03273,,
1093,06.09.2022 21:00:00,0.977506,0.606335,3.04998,,
1094,06.09.2022 22:00:00,-3.56323,0.617541,3.03748,-3.56,3.375
1095,06.09.2022 23:00:00,-4.26535,0.624078,3.02945,,
1096,07.09.2022 00:00:00,-5.98757,0.634351,3.03582,,
1097,07.09.2022 01:00:00,-4.93624,0.635065,3.02847,,
1098,07.09.2022 02:00:00,-1.81297,0.628418,3.02359,,
1099,07.09.2022 03:00:00,-0.809266,0.634131,3.02615,,
1100,07.09.2022 04:00:00,-0.383342,0.63891,3.02811,-0.38,3.389
1101,07.09.2022 05:00:00,0.472739,0.635614,3.03598,,
1102,07.09.2022 06:00:00,0.616126,0.636987,3.04026,,
1103,07.09.2022 07:00:00,0.591258,0.639624,3.04292,,
1104,07.09.2022 08:00:00,1.14893,0.658026,3.04526,,
1105,07.09.2022 09:00:00,2.05422,0.642535,3.0425,,
1106,07.09.2022 10:00:00,3.85211,0.632153,3.04194,3.85,3.35
1107,07.09.2022 11:00:00,9.12407,0.612982,3.02786,,
1108,07.09.2022 12:00:00,11.3426,0.592987,2.99568,,
1109,07.09.2022 13:00:00,12.8759,0.598755,2.97877,,
1110,07.09.2022 14:00:00,14.2929,0.588428,2.96132,,
1111,07.09.2022 15:00:00,13.3013,0.574365,2.95831,,
1112,07.09.2022 16:00:00,13.2595,0.561676,2.96201,13.25,3.377
1113,07.09.2022 17:00:00,15.495,0.548108,2.94373,,
1114,07.09.2022 18:00:00,7.79338,0.53844,2.98674,,
1115,07.09.2022 19:00:00,6.41666,0.543713,2.98985,,
1116,07.09.2022 20:00:00,5.4447,0.548108,2.99105,,
1117,07.09.2022 21:00:00,4.73623,0.547778,2.9933,,
1118,07.09.2022 22:00:00,4.22089,0.544977,2.99511,4.22,3.383
1119,07.09.2022 23:00:00,4.22724,0.556183,2.99489,,
1120,08.09.2022 00:00:00,4.30978,0.558105,2.99739,,
1121,08.09.2022 01:00:00,4.26851,0.56261,3.00053,,
1122,08.09.2022 02:00:00,4.27644,0.566675,3.00397,,
1123,08.09.2022 03:00:00,4.28121,0.573486,3.00761,,
1124,08.09.2022 04:00:00,4.29549,0.579694,3.01093,4.29,3.411
1125,08.09.2022 05:00:00,3.91824,0.575244,3.0168,,
1126,08.09.2022 06:00:00,4.09655,0.579913,3.01861,,
1127,08.09.2022 07:00:00,4.10396,0.578979,3.02068,,
1128,08.09.2022 08:00:00,4.27644,0.582825,3.02402,,
1129,08.09.2022 09:00:00,4.21189,0.58222,3.02338,,
1130,08.09.2022 10:00:00,5.55792,0.580847,3.02227,5.55,3.35
1131,08.09.2022 11:00:00,6.60237,0.576178,3.0207,,
1132,08.09.2022 12:00:00,10.0368,0.558435,3.00998,,
1133,08.09.2022 13:00:00,12.6563,0.544098,2.99246,,
1134,08.09.2022 14:00:00,17.1378,0.524872,2.96235,,
1135,08.09.2022 15:00:00,17.0431,0.520972,2.94288,,
1136,08.09.2022 16:00:00,17.2891,0.510754,2.9498,17.28,3.431
1137,08.09.2022 17:00:00,15.887,0.48653,2.95178,,
1138,08.09.2022 18:00:00,16.096,0.468292,2.95763,,
1139,08.09.2022 19:00:00,13.7754,0.442639,2.9709,,
1140,08.09.2022 20:00:00,9.97116,0.431323,2.99231,,
1141,08.09.2022 21:00:00,3.22353,0.421051,3.02095,,
1142,08.09.2022 22:00:00,-0.33149,0.43819,3.0186,-0.33,3.343
1143,08.09.2022 23:00:00,0.928302,0.432202,3.0131,,
1144,09.09.2022 00:00:00,0.242054,0.444232,3.01474,,
1145,09.09.2022 01:00:00,2.37221,0.442859,3.01632,,
1146,09.09.2022 02:00:00,2.64628,0.437476,3.02237,,
1147,09.09.2022 03:00:00,4.36216,0.441321,3.02226,,
1148,09.09.2022 04:00:00,4.9648,0.42561,3.01912,4.96,3.355
1149,09.09.2022 05:00:00,5.36004,0.452307,3.03081,,
1150,09.09.2022 06:00:00,5.67961,0.447693,3.03494,,
1151,09.09.2022 07:00:00,5.64416,0.448517,3.03891,,
1152,09.09.2022 08:00:00,4.91665,0.452362,3.04397,,
1153,09.09.2022 09:00:00,6.04417,0.448846,3.04342,,
1154,09.09.2022 10:00:00,6.79814,0.437146,3.04541,6.79,3.387
1155,09.09.2022 11:00:00,8.73464,0.431378,3.04291,,
1156,09.09.2022 12:00:00,9.78385,0.414294,3.04124,,
1157,09.09.2022 13:00:00,12.1934,0.403967,3.02003,,
1158,09.09.2022 14:00:00,12.5653,0.380951,3.03141,,
1159,09.09.2022 15:00:00,13.9479,0.36134,3.02648,,
1160,09.09.2022 16:00:00,12.4807,0.377271,3.042,12.48,3.345
1161,09.09.2022 17:00:00,12.2489,0.346399,3.03933,,
1162,09.09.2022 18:00:00,11.8008,0.34931,3.05511,,
1163,09.09.2022 19:00:00,10.4569,0.364087,3.06335,,
1164,09.09.2022 20:00:00,9.53201,0.362,3.06931,,
1165,09.09.2022 21:00:00,8.323,0.365131,3.07806,,
1166,09.09.2022 22:00:00,7.67803,0.370514,3.08014,7.67,3.422
1167,09.09.2022 23:00:00,6.41031,0.371942,3.08857,,
1168,10.09.2022 00:00:00,5.86374,0.37348,3.08794,,
1169,10.09.2022 01:00:00,5.84787,0.378699,3.08068,,
1170,10.09.2022 02:00:00,5.54417,0.386993,3.07129,,
1171,10.09.2022 03:00:00,5.40872,0.396387,3.05814,,
1172,10.09.2022 04:00:00,5.11453,0.417096,3.04734,5.11,3.396
1173,10.09.2022 05:00:00,5.10342,0.425226,3.04196,,
1174,10.09.2022 06:00:00,4.88702,0.436377,3.04304,,
1175,10.09.2022 07:00:00,4.57168,0.451648,3.04206,,
1176,10.09.2022 08:00:00,4.60343,0.457855,3.04088,,
1177,10.09.2022 09:00:00,4.45739,0.465656,3.04124,,
1178,10.09.2022 10:00:00,4.58385,0.467139,3.04085,4.58,3.349
1179,10.09.2022 11:00:00,4.35581,0.46994,3.04391,,
1180,10.09.2022 12:00:00,4.28491,0.482629,3.04256,,
1181,10.09.2022 13:00:00,5.05263,0.483289,3.04123,,
1182,10.09.2022 14:00:00,5.64311,0.477356,3.04018,,
1183,10.09.2022 15:00:00,5.64787,0.476147,3.03904,,
1184,10.09.2022 16:00:00,4.80343,0.48197,3.04148,4.8,3.412
1185,10.09.2022 17:00:00,4.92036,0.479938,3.0408,,
1186,10.09.2022 18:00:00,4.89814,0.48175,3.04069,,
1187,10.09.2022 19:00:00,4.15369,0.474884,3.04267,,
1188,10.09.2022 20:00:00,3.37697,0.480048,3.04178,,
1189,10.09.2022 21:00:00,3.03094,0.477686,3.04345,,
1190,10.09.2022 22:00:00,2.67909,0.4784,3.04232,2.67,3.404
1191,10.09.2022 23:00:00,2.59126,0.477411,3.04141,,
1192,11.09.2022 00:00:00,2.52829,0.473181,3.04306,,
1193,11.09.2022 01:00:00,2.27962,0.4745,3.04182,,
1194,11.09.2022 02:00:00,2.12406,0.467029,3.04172,,
1195,11.09.2022 03:00:00,1.73412,0.46604,3.04288,,
1196,11.09.2022 04:00:00,1.59655,0.472577,3.04189,1.59,3.375
1197,11.09.2022 05:00:00,0.936768,0.462799,3.04427,,
1198,11.09.2022 06:00:00,1.18703,0.469775,3.04264,,
1199,11.09.2022 07:00:00,1.36798,0.466315,3.04321,,
1200,11.09.2022 08:00:00,1.98015,0.46203,3.04156,,
1201,11.09.2022 09:00:00,2.99602,0.460712,3.03923,,
1202,11.09.2022 10:00:00,4.39443,0.452802,3.03173,4.39,3.402
1203,11.09.2022 11:00:00,5.65792,0.447363,3.0257,,
1204,11.09.2022 12:00:00,7.41136,0.457965,3.01667,,
1205,11.09.2022 13:00:00,7.36428,0.470819,3.00976,,
1206,11.09.2022 14:00:00,7.94628,0.47796,3.00736,,
1207,11.09.2022 15:00:00,8.0193,0.477081,3.00556,,
1208,11.09.2022 16:00:00,7.93305,0.473126,3.00205,7.93,3.417
1209,11.09.2022 17:00:00,7.70343,0.469501,3.00233,,
1210,11.09.2022 18:00:00,7.67962,0.46626,3.00014,,
1211,11.09.2022 19:00:00,6.61348,0.464832,2.99977,,
1212,11.09.2022 20:00:00,6.10237,0.471753,2.99661,,
1213,11.09.2022 21:00:00,4.74046,0.463898,3.00435,,
1214,11.09.2022 22:00:00,0.728298,0.471863,3.00359,0.72,3.402
1215,11.09.2022 23:00:00,-0.667997,0.480872,2.99936,,
1216,12.09.2022 00:00:00,-1.17435,0.483508,3.00054,,
1217,12.09.2022 01:00:00,-2.1008,0.493176,2.99944,,
1218,12.09.2022 02:00:00,-2.10027,0.49433,3.00086,,
1219,12.09.2022 03:00:00,-2.15847,0.493396,3.00444,,
1220,12.09.2022 04:00:00,-2.31932,0.498505,3.00352,-2.31,3.359
1221,12.09.2022 05:00:00,-0.51456,0.497461,3.00492,,
1222,12.09.2022 06:00:00,-0.243658,0.507129,3.00798,,
1223,12.09.2022 07:00:00,0.540462,0.505756,3.01144,,
1224,12.09.2022 08:00:00,1.94047,0.507733,3.01305,,
1225,12.09.2022 09:00:00,3.63147,0.502844,3.02044,,
1226,12.09.2022 10:00:00,7.28333,0.485431,3.00812,7.28,3.391
1227,12.09.2022 11:00:00,6.76692,0.493451,3.01934,,
1228,12.09.2022 12:00:00,8.15317,0.494824,3.00927,,
1229,12.09.2022 13:00:00,8.33517,0.490155,3.01099,,
1230,12.09.2022 14:00:00,10.2913,0.473346,3.00182,,
1231,12.09.2022 15:00:00,13.0717,0.47796,2.97216,,
1232,12.09.2022 16:00:00,15.4251,0.45824,2.94995,15.42,3.407
1233,12.09.2022 17:00:00,15.8341,0.448242,2.94328,,
1234,12.09.2022 18:00:00,13.5214,0.424182,2.95153,,
1235,12.09.2022 19:00:00,10.7521,0.417316,2.95757,,
1236,12.09.2022 20:00:00,7.21613,0.413525,2.96938,,
1237,12.09.2022 21:00:00,1.95211,0.407867,2.97438,,
1238,12.09.2022 22:00:00,0.607661,0.418909,2.97009,0.6,3.347
1239,12.09.2022 23:00:00,-0.238897,0.42561,2.97366,,
1240,13.09.2022 00:00:00,-0.515618,0.436652,2.97477,,
1241,13.09.2022 01:00:00,-1.1881,0.434619,2.97898,,
1242,13.09.2022 02:00:00,-0.846301,0.44231,2.97789,,
1243,13.09.2022 03:00:00,-0.182812,0.446155,2.98273,,
1244,13.09.2022 04:00:00,-0.0547717,0.450824,2.98787,-0.05,3.399
1245,13.09.2022 05:00:00,-0.152656,0.449341,2.99112,,
1246,13.09.2022 06:00:00,0.118772,0.455328,2.9967,,
1247,13.09.2022 07:00:00,0.296548,0.459888,3.0006,,
1248,13.09.2022 08:00:00,0.672215,0.459943,3.00287,,
1249,13.09.2022 09:00:00,1.43835,0.455273,3.00595,,
1250,13.09.2022 10:00:00,2.26586,0.448517,3.00921,2.26,3.386
1251,13.09.2022 11:00:00,3.3865,0.436981,3.00966,,
1252,13.09.2022 12:00:00,4.89919,0.455933,3.00354,,
1253,13.09.2022 13:00:00,4.75316,0.450439,3.00714,,
1254,13.09.2022 14:00:00,4.82776,0.432092,3.0023,,
1255,13.09.2022 15:00:00,5.08332,0.425226,3.00842,,
1256,13.09.2022 16:00:00,4.70925,0.414569,3.01047,4.7,3.395
1257,13.09.2022 17:00:00,3.97856,0.432697,3.01474,,
1258,13.09.2022 18:00:00,3.90078,0.430334,3.02323,,
1259,13.09.2022 19:00:00,3.47486,0.432202,3.02727,,
1260,13.09.2022 20:00:00,2.95739,0.44187,3.03059,,
1261,13.09.2022 21:00:00,2.7775,0.439124,3.03297,,
1262,13.09.2022 22:00:00,2.83253,0.449176,3.03832,2.83,3.348
1263,13.09.2022 23:00:00,2.91348,0.432806,3.04084,,
1264,14.09.2022 00:00:00,2.91295,0.448792,3.04683,,
1265,14.09.2022 01:00:00,2.72829,0.43808,3.04861,,
1266,14.09.2022 02:00:00,2.17063,0.453845,3.04819,,
1267,14.09.2022 03:00:00,1.91983,0.432092,3.0478,,
1268,14.09.2022 04:00:00,1.5701,0.44165,3.05269,1.57,3.368
1269,14.09.2022 05:00:00,1.23253,0.418579,3.05758,,
1270,14.09.2022 06:00:00,0.691791,0.445001,3.05865,,
1271,14.09.2022 07:00:00,0.158455,0.44566,3.05784,,
1272,14.09.2022 08:00:00,0.125121,0.426984,3.05531,,
1273,14.09.2022 09:00:00,0.349988,0.448352,3.06018,,
1274,14.09.2022 10:00:00,1.83888,0.44978,3.05033,1.83,3.374
1275,14.09.2022 11:00:00,1.99285,0.451154,3.05259,,
1276,14.09.2022 12:00:00,2.3738,0.432532,3.04992,,
1277,14.09.2022 13:00:00,3.26533,0.418359,3.05405,,
1278,14.09.2022 14:00:00,8.7902,0.426215,3.01607,,
1279,14.09.2022 15:00:00,11.0891,0.413141,2.99834,,
1280,14.09.2022 16:00:00,8.8394,0.404297,3.01796,8.83,3.383
1281,14.09.2022 17:00:00,10.0087,0.38985,3.00591,,
1282,14.09.2022 18:00:00,10.4722,0.347058,2.99822,,
1283,14.09.2022 19:00:00,6.65581,0.344257,3.01381,,
1284,14.09.2022 20:00:00,5.02088,0.349969,3.01144,,
1285,14.09.2022 21:00:00,3.2357,0.355243,3.01078,,
1286,14.09.2022 22:00:00,1.65422,0.367438,3.00591,1.65,3.353
1287,14.09.2022 23:00:00,2.3611,0.36178,3.00401,,
1288,15.09.2022 00:00:00,2.76374,0.364801,3.00306,,
1289,15.09.2022 01:00:00,2.19443,0.36947,3.0021,,
1290,15.09.2022 02:00:00,1.93147,0.369855,3.00012,,
1291,15.09.2022 03:00:00,1.88597,0.371063,3.00264,,
1292,15.09.2022 04:00:00,1.79655,0.38194,3.00421,1.79,3.355
1293,15.09.2022 05:00:00,1.73676,0.378864,3.01039,,
1294,15.09.2022 06:00:00,1.91401,0.378314,3.01566,,
1295,15.09.2022 07:00:00,1.98174,0.384521,3.01875,,
1296,15.09.2022 08:00:00,2.16692,0.38974,3.02433,,
1297,15.09.2022 09:00:00,2.65686,0.395343,3.02727,,
1298,15.09.2022 10:00:00,2.85951,0.396552,3.03317,2.85,3.356
1299,15.09.2022 11:00:00,3.39073,0.391443,3.03626,,
1300,15.09.2022 12:00:00,4.28491,0.38963,3.03597,,
1301,15.09.2022 13:00:00,4.93147,0.395398,3.03751,,
1302,15.09.2022 14:00:00,5.21507,0.395288,3.04039,,
1303,15.09.2022 15:00:00,4.98173,0.387103,3.04598,,
1304,15.09.2022 16:00:00,5.6775,0.389355,3.0476,5.67,3.371
1305,15.09.2022 17:00:00,5.52036,0.396002,3.05108,,
1306,15.09.2022 18:00:00,5.69866,0.390564,3.05541,,
1307,15.09.2022 19:00:00,5.52671,0.389301,3.05816,,
1308,15.09.2022 20:00:00,4.59708,0.398364,3.06115,,
1309,15.09.2022 21:00:00,4.1738,0.396057,3.0645,,
1310,15.09.2022 22:00:00,3.84893,0.400342,3.0685,3.84,3.383
1311,15.09.2022 23:00:00,3.55158,0.409021,3.06927,,
1312,16.09.2022 00:00:00,3.6537,0.407538,3.07323,,
1313,16.09.2022 01:00:00,4.03782,0.404077,3.07592,,
1314,16.09.2022 02:00:00,3.69655,0.406494,3.07974,,
1315,16.09.2022 03:00:00,1.29126,0.407977,3.0891,,
1316,16.09.2022 04:00:00,1.18385,0.412537,3.08469,1.18,3.383
1317,16.09.2022 05:00:00,1.0611,0.415009,3.08615,,
1318,16.09.2022 06:00:00,1.24047,0.418359,3.0864,,
1319,16.09.2022 07:00:00,1.69496,0.413141,3.0883,,
1320,16.09.2022 08:00:00,1.89179,0.41023,3.08965,,
1321,16.09.2022 09:00:00,2.37803,0.415887,3.09169,,
1322,16.09.2022 10:00:00,3.13252,0.40946,3.09191,3.13,3.387
1323,16.09.2022 11:00:00,3.98808,0.411768,3.09133,,
1324,16.09.2022 12:00:00,4.99337,0.407428,3.09322,,
1325,16.09.2022 13:00:00,5.03147,0.419843,3.0934,,
1326,16.09.2022 14:00:00,13.4352,0.39776,3.02948,,
1327,16.09.2022 15:00:00,6.41931,0.406879,3.08991,,
1328,16.09.2022 16:00:00,7.11824,0.392322,3.08403,7.11,3.404
1329,16.09.2022 17:00:00,8.47009,0.386224,3.07396,,
1330,16.09.2022 18:00:00,6.83518,0.377271,3.08251,,
1331,16.09.2022 19:00:00,5.67856,0.370459,3.08406,,
1332,16.09.2022 20:00:00,3.82406,0.381555,3.08055,,
1333,16.09.2022 21:00:00,2.78861,0.381445,3.07791,,
1334,16.09.2022 22:00:00,1.6775,0.377875,3.08067,1.67,3.359
1335,16.09.2022 23:00:00,2.66374,0.383258,3.08004,,
1336,17.09.2022 00:00:00,3.34576,0.386938,3.08097,,
1337,17.09.2022 01:00:00,3.46057,0.384796,3.0886,,
1338,17.09.2022 02:00:00,2.98332,0.387762,3.09725,,
1339,17.09.2022 03:00:00,3.38914,0.390564,3.09752,,
1340,17.09.2022 04:00:00,3.5574,0.403693,3.10124,3.55,3.395
1341,17.09.2022 05:00:00,3.65158,0.394739,3.11126,,
1342,17.09.2022 06:00:00,4.0283,0.404022,3.12155,,
1343,17.09.2022 07:00:00,3.84047,0.405286,3.13313,,
1344,17.09.2022 08:00:00,3.71772,0.401935,3.13842,,
1345,17.09.2022 09:00:00,6.94153,0.386499,3.13917,,
1346,17.09.2022 10:00:00,9.45211,0.386884,3.13221,9.45,3.389
1347,17.09.2022 11:00:00,12.5685,0.368976,3.12514,,
1348,17.09.2022 12:00:00,14.1119,0.361725,3.11505,,
1349,17.09.2022 13:00:00,11.6119,0.372986,3.13669,,
1350,17.09.2022 14:00:00,10.6622,0.368811,3.1407,,
1351,17.09.2022 15:00:00,10.9886,0.374469,3.14427,,
1352,17.09.2022 16:00:00,12.6759,0.347278,3.13801,12.67,3.411
1353,17.09.2022 17:00:00,17.0135,0.319702,3.10466,,
1354,17.09.2022 18:00:00,14.3653,0.310144,3.11322,,
1355,17.09.2022 19:00:00,14.8473,0.298004,3.1009,,
1356,17.09.2022 20:00:00,10.3415,0.295148,3.1106,,
1357,17.09.2022 21:00:00,7.32989,0.290753,3.11561,,
1358,17.09.2022 22:00:00,5.01877,0.309375,3.11132,5.01,3.344
1359,17.09.2022 23:00:00,7.16957,0.299597,3.10446,,
1360,18.09.2022 00:00:00,8.14735,0.294269,3.10139,,
1361,18.09.2022 01:00:00,7.35317,0.292566,3.10243,,
1362,18.09.2022 02:00:00,5.31824,0.29696,3.1107,,
1363,18.09.2022 03:00:00,4.04681,0.308276,3.10604,,
1364,18.09.2022 04:00:00,5.04152,0.304266,3.10517,5.04,3.405
1365,18.09.2022 05:00:00,3.14999,0.315363,3.10789,,
1366,18.09.2022 06:00:00,2.68279,0.315363,3.10837,,
1367,18.09.2022 07:00:00,1.90343,0.32168,3.10624,,
1368,18.09.2022 08:00:00,4.82194,0.311682,3.09783,,
1369,18.09.2022 09:00:00,5.67485,0.299268,3.10667,,
1370,18.09.2022 10:00:00,9.64046,0.296851,3.09508,9.64,3.365
1371,18.09.2022 11:00:00,10.3209,0.282788,3.09234,,
1372,18.09.2022 12:00:00,13.0764,0.277954,3.07253,,
1373,18.09.2022 13:00:00,10.9701,0.275812,3.09023,,
1374,18.09.2022 14:00:00,12.5881,0.251093,3.07755,,
1375,18.09.2022 15:00:00,12.2447,0.242303,3.08348,,
1376,18.09.2022 16:00:00,13.6304,0.230054,3.06771,13.63,3.369
1377,18.09.2022 17:00:00,14.7659,0.224066,3.0606,,
1378,18.09.2022 18:00:00,11.6765,0.210718,3.07949,,
1379,18.09.2022 19:00:00,9.75739,0.211487,3.08308,,
1380,18.09.2022 20:00:00,7.95316,0.231317,3.08519,,
1381,18.09.2022 21:00:00,5.77591,0.237469,3.08856,,
1382,18.09.2022 22:00:00,5.79813,0.244611,3.08478,5.79,3.415
1383,18.09.2022 23:00:00,4.88332,0.252301,3.08928,,
1384,19.09.2022 00:00:00,5.63729,0.250433,3.08457,,
1385,19.09.2022 01:00:00,5.83993,0.255597,3.08652,,
1386,19.09.2022 02:00:00,5.57909,0.258234,3.08996,,
1387,19.09.2022 03:00:00,3.70978,0.263892,3.09774,,
1388,19.09.2022 04:00:00,1.94205,0.279987,3.10125,1.94,3.384
1389,19.09.2022 05:00:00,2.49443,0.283063,3.09771,,
1390,19.09.2022 06:00:00,0.933063,0.283337,3.10896,,
1391,19.09.2022 07:00:00,1.16216,0.289545,3.10171,,
1392,19.09.2022 08:00:00,1.99285,0.287073,3.10901,,
1393,19.09.2022 09:00:00,5.47379,0.273285,3.08668,,
1394,19.09.2022 10:00:00,10.9267,0.259058,3.07878,10.92,3.398
1395,19.09.2022 11:00:00,13.587,0.25296,3.06779,,
1396,19.09.2022 12:00:00,15.5299,0.24549,3.05562,,
1397,19.09.2022 13:00:00,16.3177,0.241644,3.03993,,
1398,19.09.2022 14:00:00,16.7055,0.235986,3.0339,,
1399,19.09.2022 15:00:00,15.5542,0.229834,3.0399,,
1400,19.09.2022 16:00:00,16.8891,0.219946,3.03055,16.88,3.355
1401,19.09.2022 17:00:00,17.0442,0.207202,3.03043,,
1402,19.09.2022 18:00:00,16.1325,0.19704,3.03726,,
1403,19.09.2022 19:00:00,14.0817,0.19682,3.05091,,
1404,19.09.2022 20:00:00,6.54311,0.177155,3.08471,,
1405,19.09.2022 21:00:00,3.52777,0.197314,3.07834,,
1406,19.09.2022 22:00:00,1.08756,0.200226,3.08589,1.08,3.385
1407,19.09.2022 23:00:00,0.453163,0.211432,3.08501,,
1408,20.09.2022 00:00:00,1.14999,0.210059,3.08392,,
1409,20.09.2022 01:00:00,1.69232,0.222308,3.08228,,
1410,20.09.2022 02:00:00,3.41613,0.223132,3.07947,,
1411,20.09.2022 03:00:00,4.69496,0.215387,3.08411,,
1412,20.09.2022 04:00:00,4.80925,0.222968,3.0845,4.8,3.387
1413,20.09.2022 05:00:00,3.60661,0.225275,3.09395,,
1414,20.09.2022 06:00:00,3.02459,0.224451,3.09773,,
1415,20.09.2022 07:00:00,4.29708,0.231592,3.09221,,
1416,20.09.2022 08:00:00,5.73517,0.22088,3.09258,,
1417,20.09.2022 09:00:00,7.01559,0.215332,3.09303,,
1418,20.09.2022 10:00:00,8.29601,0.210663,3.09063,8.29,3.406
1419,20.09.2022 11:00:00,5.83517,0.228955,3.11617,,
1420,20.09.2022 12:00:00,5.41136,0.272351,3.1621,,
1421,20.09.2022 13:00:00,6.81402,0.190393,3.19132,,
1422,20.09.2022 14:00:00,6.69761,0.170837,3.23775,,
1423,20.09.2022 15:00:00,7.16798,0.155786,3.264,,
1424,20.09.2022 16:00:00,7.4193,0.144031,3.27818,7.41,3.378
1425,20.09.2022 17:00:00,7.62142,0.127112,3.29013,,
1426,20.09.2022 18:00:00,7.74841,0.12832,3.29216,,
1427,20.09.2022 19:00:00,7.22036,0.132275,3.29816,,
1428,20.09.2022 20:00:00,4.11772,0.124805,3.32025,,
1429,20.09.2022 21:00:00,1.3828,0.132935,3.32426,,
1430,20.09.2022 22:00:00,0.373798,0.134253,3.32774,0.37,3.383
1431,20.09.2022 23:00:00,-0.192864,0.133209,3.32708,,
1432,21.09.2022 00:00:00,0.317712,0.141119,3.31933,,
1433,21.09.2022 01:00:00,0.535701,0.136505,3.32025,,
1434,21.09.2022 02:00:00,1.32195,0.13244,3.31732,,
1435,21.09.2022 03:00:00,1.42406,0.142877,3.31447,,
1436,21.09.2022 04:00:00,2.33094,0.136945,3.31373,2.33,3.36
1437,21.09.2022 05:00:00,1.93465,0.143646,3.3177,,
1438,21.09.2022 06:00:00,0.432528,0.145404,3.32295,,
1439,21.09.2022 07:00:00,0.245756,0.15639,3.32254,,
1440,21.09.2022 08:00:00,-0.612441,0.154083,3.3237,,
1441,21.09.2022 09:00:00,3.12988,0.148535,3.30842,,
1442,21.09.2022 10:00:00,6.92671,0.135736,3.30219,6.92,3.39
1443,21.09.2022 11:00:00,5.18702,0.165894,3.31268,,
1444,21.09.2022 12:00:00,8.46533,0.161938,3.28961,,
1445,21.09.2022 13:00:00,11.1103,0.162488,3.27318,,
1446,21.09.2022 14:00:00,12.3579,0.180121,3.27603,,
1447,21.09.2022 15:00:00,11.3087,0.18468,3.2939,,
1448,21.09.2022 16:00:00,9.95846,0.181549,3.29813,9.95,3.364
1449,21.09.2022 17:00:00,13.2013,0.163092,3.27392,,
1450,21.09.2022 18:00:00,7.1484,0.157709,3.30802,,
1451,21.09.2022 19:00:00,5.92459,0.163092,3.31444,,
1452,21.09.2022 20:00:00,1.25423,0.171002,3.32313,,
1453,21.09.2022 21:00:00,-1.05635,0.188196,3.32032,,
1454,21.09.2022 22:00:00,-1.65053,0.187592,3.31998,-1.65,3.381
1455,21.09.2022 23:00:00,-0.930431,0.19704,3.31648,,
1456,22.09.2022 00:00:00,-0.509797,0.197589,3.31645,,
1457,22.09.2022 01:00:00,0.673273,0.202588,3.31262,,
1458,22.09.2022 02:00:00,1.08439,0.212256,3.31251,,
1459,22.09.2022 03:00:00,1.50502,0.208301,3.31446,,
1460,22.09.2022 04:00:00,1.60396,0.222198,3.31192,1.6,3.348
1461,22.09.2022 05:00:00,1.41137,0.213904,3.31448,,
1462,22.09.2022 06:00:00,1.31349,0.222473,3.31317,,
1463,22.09.2022 07:00:00,1.34682,0.222363,3.3073,,
1464,22.09.2022 08:00:00,1.33571,0.230054,3.29994,,
1465,22.09.2022 09:00:00,1.24153,0.23324,3.28667,,
1466,22.09.2022 10:00:00,1.46957,0.237305,3.2791,1.46,3.383
1467,22.09.2022 11:00:00,2.16163,0.248785,3.26257,,
1468,22.09.2022 12:00:00,2.42459,0.242303,3.26103,,
1469,22.09.2022 13:00:00,2.76163,0.252466,3.245,,
1470,22.09.2022 14:00:00,2.79814,0.262024,3.23827,,
1471,22.09.2022 15:00:00,3.00448,0.263342,3.2364,,
1472,22.09.2022 16:00:00,2.81136,0.258728,3.22853,2.81,3.372
1473,22.09.2022 17:00:00,2.56904,0.257629,3.22493,,
1474,22.09.2022 18:00:00,1.86533,0.274274,3.21954,,
1475,22.09.2022 19:00:00,1.31772,0.27746,3.21958,,
1476,22.09.2022 20:00:00,0.549988,0.281689,3.22124,,
1477,22.09.2022 21:00:00,0.480147,0.285205,3.21427,,
1478,22.09.2022 22:00:00,0.309776,0.277295,3.21657,0.3,3.345
1479,22.09.2022 23:00:00,-0.143662,0.290039,3.21873,,
1480,23.09.2022 00:00:00,0.129883,0.296191,3.21451,,
1481,23.09.2022 01:00:00,0.154222,0.288171,3.21021,,
1482,23.09.2022 02:00:00,0.184911,0.291687,3.21425,,
1483,23.09.2022 03:00:00,0.471681,0.302179,3.20991,,
1484,23.09.2022 04:00:00,0.510834,0.304156,3.21552,0.51,3.348
1485,23.09.2022 05:00:00,0.438349,0.302618,3.21078,,
1486,23.09.2022 06:00:00,0.53041,0.301794,3.21764,,
1487,23.09.2022 07:00:00,0.53623,0.291797,3.2144,,
1488,23.09.2022 08:00:00,0.803431,0.291907,3.2137,,
1489,23.09.2022 09:00:00,1.26269,0.284875,3.21324,,
1490,23.09.2022 10:00:00,2.12248,0.285645,3.21015,2.12,3.387
<INFO: Decode OK, 1490 Lines>,,,,,
