Model,IC6656L Tilt Logger,,,,,,,,,,,,,
Name,Tilt Logger,,,,,,,,,,,,,
Serial Number,5119,,,,,,,,,,,,,
Firmware Version,1.03,Software Version,1.14.0,,,,,,,,,,,
Sampling Status,LOGGING,,,,,,,,,,,,,
Sampling Rate,FIXED,STOP ON MEM FULL,,,,,,,,,,,,
Current Interval,24:00:00,,,,,,,,,,,,,
Start Time,6/8/2017,0:34:52,,,,,,,,,,,,
Current Time,3/13/2019,15:40:02,Logger Time,3/13/2019,15:11:45,,,,,,,,,
Number Of Sensors,2,,,,,,,,,,,,,
Number Of Records,644,USB,,,,,,,,,,,,
Sensor Upload Num / Status Code,1,2A,FFFFFFFF,10633410,,,WD 42,PO 0,EXT 2,BO 0,SW 255,PDI 255,,
,,,,,,,,,,,,,,
,,,,,,,,,,,,,,
TIMESTAMP,RECORD,BATTERY,Tilt 1,Tilt 2,,,,Tilt 1,Tilt 2,LOGGER TEMP,RESET,USB,RSSI,STATUS 0x
6/8/2017 0:34,1,3.71,-0.002098,0,,,,-0.002098,0,9.8,0,0,0,0
6/9/2017 0:34,2,3.51,0.005535,0,,,,0.005535,0,20.9,0,0,0,0
6/10/2017 0:34,3,3.51,-0.308802,0,,,,-0.308802,0,23.3,0,0,0,0
6/11/2017 0:34,4,3.46,-0.308847,0,,,,-0.308847,0,18.4,0,0,0,0
6/12/2017 0:34,5,3.46,-0.308033,0,,,,-0.308033,0,19.1,0,0,0,0
6/13/2017 0:34,6,3.46,-0.308853,0,,,,-0.308853,0,17.6,0,0,0,0
6/14/2017 0:34,7,3.41,-0.308857,0,,,,-0.308857,0,17.4,0,0,0,0
6/15/2017 0:34,8,3.41,-0.308884,0,,,,-0.308884,0,14.4,0,0,0,0
6/16/2017 0:34,9,3.41,-0.096756,0,,,,-0.096756,0,15,0,0,0,0
6/17/2017 0:34,10,3.36,-0.094913,0,,,,-0.094913,0,12,0,0,0,0
6/18/2017 0:34,11,3.36,-0.094429,0,,,,-0.094429,0,11.4,0,0,0,0
6/19/2017 0:34,12,3.41,-0.095766,0,,,,-0.095766,0,13.1,0,0,0,0
6/20/2017 0:34,13,3.41,-0.093596,0,,,,-0.093596,0,15.1,0,0,0,0
6/21/2017 0:34,14,3.41,-0.093616,0,,,,-0.093616,0,16,0,0,0,0
6/22/2017 0:34,15,3.36,-0.09318,0,,,,-0.09318,0,13,0,0,0,0
6/23/2017 0:34,16,3.36,-0.099644,0,,,,-0.099644,0,13.4,0,0,0,0
6/24/2017 0:34,17,3.41,-0.098921,0,,,,-0.098921,0,13.8,0,0,0,0
6/25/2017 0:34,18,3.41,-0.098848,0,,,,-0.098848,0,14.6,0,0,0,0
6/26/2017 0:34,19,3.41,-0.096039,0,,,,-0.096039,0,14.5,0,0,0,0
6/27/2017 0:34,20,3.41,-0.095957,0,,,,-0.095957,0,14.9,0,0,0,0
6/28/2017 0:34,21,3.36,-0.090384,0,,,,-0.090384,0,14.8,0,0,0,0
6/29/2017 0:34,22,3.41,-0.093702,0,,,,-0.093702,0,15.3,0,0,0,0
6/30/2017 0:34,23,3.41,-0.094391,0,,,,-0.094391,0,15.8,0,0,0,0
7/1/2017 0:34,24,3.36,-0.094128,0,,,,-0.094128,0,16,0,0,0,0
7/2/2017 0:34,25,3.36,-0.094086,0,,,,-0.094086,0,15.2,0,0,0,0
7/3/2017 0:34,26,3.36,-0.092705,0,,,,-0.092705,0,15.8,0,0,0,0
7/4/2017 0:34,27,3.36,-0.092869,0,,,,-0.092869,0,16.3,0,0,0,0
7/5/2017 0:34,28,3.36,-0.09226,0,,,,-0.09226,0,15.7,0,0,0,0
7/6/2017 0:34,29,3.41,-0.089922,0,,,,-0.089922,0,17.6,0,0,0,0
7/7/2017 0:34,30,3.41,-0.065044,0,,,,-0.065044,0,21.1,0,0,0,0
7/8/2017 0:34,31,3.41,0.036003,0,,,,0.036003,0,24.8,0,0,0,0
7/9/2017 0:34,32,3.41,-0.173353,0,,,,-0.173353,0,24.4,0,0,0,0
7/10/2017 0:34,33,3.36,-0.013514,0,,,,-0.013514,0,21.4,0,0,0,0
7/11/2017 0:34,34,3.36,-0.011234,0,,,,-0.011234,0,19.8,0,0,0,0
7/12/2017 0:34,35,3.36,-0.011261,0,,,,-0.011261,0,18.8,0,0,0,0
7/13/2017 0:34,36,3.36,-0.011246,0,,,,-0.011246,0,19.3,0,0,0,0
7/14/2017 0:34,37,3.36,-0.012104,0,,,,-0.012104,0,17.9,0,0,0,0
7/15/2017 0:34,38,3.36,-0.012045,0,,,,-0.012045,0,18.1,0,0,0,0
7/16/2017 0:34,39,3.36,-0.01214,0,,,,-0.01214,0,18.1,0,0,0,0
7/17/2017 0:34,40,3.36,-0.012264,0,,,,-0.012264,0,17.5,0,0,0,0
7/18/2017 0:34,41,3.41,-0.012547,0,,,,-0.012547,0,14.3,0,0,0,0
7/19/2017 0:34,42,3.41,-0.012693,0,,,,-0.012693,0,15.2,0,0,0,0
7/20/2017 0:34,43,3.41,-0.012428,0,,,,-0.012428,0,15.7,0,0,0,0
7/21/2017 0:34,44,3.41,-0.015278,0,,,,-0.015278,0,16.6,0,0,0,0
7/22/2017 0:34,45,3.41,-0.015209,0,,,,-0.015209,0,16.2,0,0,0,0
7/23/2017 0:34,46,3.41,-0.015152,0,,,,-0.015152,0,17.1,0,0,0,0
7/24/2017 0:34,47,3.41,-0.010458,0,,,,-0.010458,0,15.7,0,0,0,0
7/25/2017 0:34,48,3.41,-0.008657,0,,,,-0.008657,0,17.3,0,0,0,0
7/26/2017 0:34,49,3.36,-0.005665,0,,,,-0.005665,0,17.7,0,0,0,0
7/27/2017 0:34,50,3.36,-0.005568,0,,,,-0.005568,0,17.7,0,0,0,0
7/28/2017 0:34,51,3.36,-0.005558,0,,,,-0.005558,0,17.4,0,0,0,0
7/29/2017 0:34,52,3.36,-0.005268,0,,,,-0.005268,0,15.6,0,0,0,0
7/30/2017 0:34,53,3.41,-0.005198,0,,,,-0.005198,0,14.6,0,0,0,0
7/31/2017 0:34,54,3.41,-0.005146,0,,,,-0.005146,0,14.1,0,0,0,0
8/1/2017 0:34,55,3.41,-0.001089,0,,,,-0.001089,0,16.9,0,0,0,0
8/2/2017 0:34,56,3.41,-0.047159,0,,,,-0.047159,0,18.6,0,0,0,0
8/3/2017 0:34,57,3.36,-0.009991,0,,,,-0.009991,0,18.8,0,0,0,0
8/4/2017 0:34,58,3.36,0.048721,0,,,,0.048721,0,18.6,0,0,0,0
8/5/2017 0:34,59,3.36,-0.040056,0,,,,-0.040056,0,20.3,0,0,0,0
8/6/2017 0:34,60,3.36,0.00004,0,,,,0.00004,0,20.3,0,0,0,0
8/7/2017 0:34,61,3.36,-0.041784,0,,,,-0.041784,0,19,0,0,0,0
8/8/2017 0:34,62,3.36,-0.011786,0,,,,-0.011786,0,19.1,0,0,0,0
8/9/2017 0:34,63,3.36,-0.009224,0,,,,-0.009224,0,21.5,0,0,0,0
8/10/2017 0:34,64,3.36,-0.012331,0,,,,-0.012331,0,21.6,0,0,0,0
8/11/2017 0:34,65,3.36,-0.032915,0,,,,-0.032915,0,21.8,0,0,0,0
8/12/2017 0:34,66,3.36,-0.033155,0,,,,-0.033155,0,21.6,0,0,0,0
8/13/2017 0:34,67,3.36,-0.033255,0,,,,-0.033255,0,21.3,0,0,0,0
8/14/2017 0:34,68,3.36,-0.033045,0,,,,-0.033045,0,21.9,0,0,0,0
8/15/2017 0:34,69,3.36,-0.033142,0,,,,-0.033142,0,21.9,0,0,0,0
8/16/2017 0:34,70,3.36,-0.024317,0,,,,-0.024317,0,21.6,0,0,0,0
8/17/2017 0:34,71,3.36,-0.024128,0,,,,-0.024128,0,21.5,0,0,0,0
8/18/2017 0:34,72,3.36,-0.02417,0,,,,-0.02417,0,21.5,0,0,0,0
8/19/2017 0:34,73,3.36,0.097086,0,,,,0.097086,0,21.3,0,0,0,0
8/20/2017 0:34,74,3.36,0.1064,0,,,,0.1064,0,21.3,0,0,0,0
8/21/2017 0:34,75,3.36,0.10952,0,,,,0.10952,0,22.3,0,0,0,0
8/22/2017 0:34,76,3.36,0.110647,0,,,,0.110647,0,21.3,0,0,0,0
8/23/2017 0:34,77,3.36,0.111074,0,,,,0.111074,0,21.3,0,0,0,0
8/24/2017 0:34,78,3.36,0.112202,0,,,,0.112202,0,21.1,0,0,0,0
8/25/2017 0:34,79,3.36,0.113245,0,,,,0.113245,0,20.7,0,0,0,0
8/26/2017 0:34,80,3.36,0.114031,0,,,,0.114031,0,20.4,0,0,0,0
8/27/2017 0:34,81,3.36,0.114672,0,,,,0.114672,0,20.7,0,0,0,0
8/28/2017 0:34,82,3.36,0.115059,0,,,,0.115059,0,21.3,0,0,0,0
8/29/2017 0:34,83,3.36,0.116541,0,,,,0.116541,0,21,0,0,0,0
8/30/2017 0:34,84,3.36,0.116779,0,,,,0.116779,0,20.9,0,0,0,0
8/31/2017 0:34,85,3.36,0.116886,0,,,,0.116886,0,20.9,0,0,0,0
9/1/2017 0:34,86,3.36,0.161175,0,,,,0.161175,0,19.8,0,0,0,0
9/2/2017 0:34,87,3.41,0.025934,0,,,,0.025934,0,19.8,0,0,0,0
9/3/2017 0:34,88,3.41,0.025679,0,,,,0.025679,0,19.9,0,0,0,0
9/4/2017 0:34,89,3.41,0.025269,0,,,,0.025269,0,19.6,0,0,0,0
9/5/2017 0:34,90,3.41,0.016535,0,,,,0.016535,0,19.9,0,0,0,0
9/6/2017 0:34,91,3.41,0.01646,0,,,,0.01646,0,20,0,0,0,0
9/7/2017 0:34,92,3.41,0.016481,0,,,,0.016481,0,20.1,0,0,0,0
9/8/2017 0:34,93,3.41,0.016405,0,,,,0.016405,0,20.1,0,0,0,0
9/9/2017 0:34,94,3.41,0.016928,0,,,,0.016928,0,19.6,0,0,0,0
9/10/2017 0:34,95,3.41,0.017073,0,,,,0.017073,0,20.3,0,0,0,0
9/11/2017 0:34,96,3.41,0.017107,0,,,,0.017107,0,20.4,0,0,0,0
9/12/2017 0:34,97,3.41,0.016888,0,,,,0.016888,0,20.8,0,0,0,0
9/13/2017 0:34,98,3.36,0.016695,0,,,,0.016695,0,20.9,0,0,0,0
9/14/2017 0:34,99,3.41,0.016607,0,,,,0.016607,0,21.6,0,0,0,0
9/15/2017 0:34,100,3.36,0.017645,0,,,,0.017645,0,21.6,0,0,0,0
9/16/2017 0:34,101,3.36,0.017855,0,,,,0.017855,0,21.1,0,0,0,0
9/17/2017 0:34,102,3.36,0.018045,0,,,,0.018045,0,21.8,0,0,0,0
9/18/2017 0:34,103,3.36,0.018026,0,,,,0.018026,0,22.6,0,0,0,0
9/19/2017 0:34,104,3.36,0.018101,0,,,,0.018101,0,21.5,0,0,0,0
9/20/2017 0:34,105,3.36,0.018467,0,,,,0.018467,0,21.3,0,0,0,0
9/21/2017 0:34,106,3.36,0.01869,0,,,,0.01869,0,21.8,0,0,0,0
9/22/2017 0:34,107,3.36,0.018808,0,,,,0.018808,0,21.8,0,0,0,0
9/23/2017 0:34,108,3.36,0.019285,0,,,,0.019285,0,21.6,0,0,0,0
9/24/2017 0:34,109,3.36,0.019278,0,,,,0.019278,0,22,0,0,0,0
9/25/2017 0:34,110,3.36,0.019302,0,,,,0.019302,0,23.2,0,0,0,0
9/26/2017 0:34,111,3.36,0.019373,0,,,,0.019373,0,21.9,0,0,0,0
9/27/2017 0:34,112,3.36,0.019419,0,,,,0.019419,0,21.5,0,0,0,0
9/28/2017 0:34,113,3.36,0.019375,0,,,,0.019375,0,21.3,0,0,0,0
9/29/2017 0:34,114,3.41,0.019707,0,,,,0.019707,0,19.9,0,0,0,0
9/30/2017 0:34,115,3.41,0.019941,0,,,,0.019941,0,19.4,0,0,0,0
10/1/2017 0:34,116,3.41,0.020212,0,,,,0.020212,0,19.6,0,0,0,0
10/2/2017 0:34,117,3.41,0.020338,0,,,,0.020338,0,19.2,0,0,0,0
10/3/2017 0:34,118,3.41,0.020641,0,,,,0.020641,0,19.8,0,0,0,0
10/4/2017 0:34,119,3.41,-0.006212,0,,,,-0.006212,0,20.4,0,0,0,0
10/5/2017 0:34,120,3.41,-0.005947,0,,,,-0.005947,0,20.8,0,0,0,0
10/6/2017 0:34,121,3.41,-0.005571,0,,,,-0.005571,0,21,0,0,0,0
10/7/2017 0:34,122,3.41,-0.005297,0,,,,-0.005297,0,20.7,0,0,0,0
10/8/2017 0:34,123,3.41,-0.005285,0,,,,-0.005285,0,20.6,0,0,0,0
10/9/2017 0:34,124,3.41,-0.005056,0,,,,-0.005056,0,21.2,0,0,0,0
10/10/2017 0:34,125,3.41,-0.00486,0,,,,-0.00486,0,20.8,0,0,0,0
10/11/2017 0:34,126,3.41,-0.004519,0,,,,-0.004519,0,20.9,0,0,0,0
10/12/2017 0:34,127,3.41,-0.004057,0,,,,-0.004057,0,20.9,0,0,0,0
10/13/2017 0:34,128,3.41,-0.003849,0,,,,-0.003849,0,20.1,0,0,0,0
10/14/2017 0:34,129,3.41,-0.003796,0,,,,-0.003796,0,20.5,0,0,0,0
10/15/2017 0:34,130,3.41,-0.003761,0,,,,-0.003761,0,20.3,0,0,0,0
10/16/2017 0:34,131,3.41,-0.00408,0,,,,-0.00408,0,20.5,0,0,0,0
10/17/2017 0:34,132,3.41,-0.003431,0,,,,-0.003431,0,19.3,0,0,0,0
10/18/2017 0:34,133,3.41,-0.003546,0,,,,-0.003546,0,21.5,0,0,0,0
10/19/2017 0:34,134,3.41,-0.003447,0,,,,-0.003447,0,22.4,0,0,0,0
10/20/2017 0:34,135,3.41,-0.003384,0,,,,-0.003384,0,22.7,0,0,0,0
10/21/2017 0:34,136,3.41,-0.003172,0,,,,-0.003172,0,22.6,0,0,0,0
10/22/2017 0:34,137,3.36,-0.003016,0,,,,-0.003016,0,22.7,0,0,0,0
10/23/2017 0:34,138,3.36,-0.002914,0,,,,-0.002914,0,22.9,0,0,0,0
10/24/2017 0:34,139,3.36,-0.003008,0,,,,-0.003008,0,23.6,0,0,0,0
10/25/2017 0:34,140,3.36,-0.00308,0,,,,-0.00308,0,23.8,0,0,0,0
10/26/2017 0:34,141,3.36,-0.002817,0,,,,-0.002817,0,22.7,0,0,0,0
10/27/2017 0:34,142,3.36,-0.002672,0,,,,-0.002672,0,21.9,0,0,0,0
10/28/2017 0:34,143,3.41,-0.002449,0,,,,-0.002449,0,21.4,0,0,0,0
10/29/2017 0:34,144,3.41,-0.002481,0,,,,-0.002481,0,21.7,0,0,0,0
10/30/2017 0:34,145,3.41,-0.002504,0,,,,-0.002504,0,20.4,0,0,0,0
10/31/2017 0:34,146,3.41,-0.002516,0,,,,-0.002516,0,20.9,0,0,0,0
11/1/2017 0:34,147,3.41,-0.002071,0,,,,-0.002071,0,21.3,0,0,0,0
11/2/2017 0:34,148,3.41,-0.001898,0,,,,-0.001898,0,21.6,0,0,0,0
11/3/2017 0:34,149,3.41,-0.002106,0,,,,-0.002106,0,21.9,0,0,0,0
11/4/2017 0:34,150,3.41,-0.001713,0,,,,-0.001713,0,21.2,0,0,0,0
11/5/2017 0:34,151,3.41,-0.001585,0,,,,-0.001585,0,20.3,0,0,0,0
11/6/2017 0:34,152,3.41,-0.00174,0,,,,-0.00174,0,19.4,0,0,0,0
11/7/2017 0:34,153,3.41,-0.001583,0,,,,-0.001583,0,20.7,0,0,0,0
11/8/2017 0:34,154,3.41,-0.001492,0,,,,-0.001492,0,20.8,0,0,0,0
11/9/2017 0:34,155,3.41,-0.001431,0,,,,-0.001431,0,20.9,0,0,0,0
11/10/2017 0:34,156,3.41,-0.001469,0,,,,-0.001469,0,21.5,0,0,0,0
11/11/2017 0:34,157,3.41,-0.001148,0,,,,-0.001148,0,21,0,0,0,0
11/12/2017 0:34,158,3.41,-0.001024,0,,,,-0.001024,0,19.6,0,0,0,0
11/13/2017 0:34,159,3.41,-0.000971,0,,,,-0.000971,0,17.2,0,0,0,0
11/14/2017 0:34,160,3.41,-0.00099,0,,,,-0.00099,0,20.3,0,0,0,0
11/15/2017 0:34,161,3.41,-0.000998,0,,,,-0.000998,0,20.8,0,0,0,0
11/16/2017 0:34,162,3.41,-0.001131,0,,,,-0.001131,0,20.6,0,0,0,0
11/17/2017 0:34,163,3.41,-0.001196,0,,,,-0.001196,0,20.9,0,0,0,0
11/18/2017 0:34,164,3.41,-0.000986,0,,,,-0.000986,0,20.8,0,0,0,0
11/19/2017 0:34,165,3.41,-0.001238,0,,,,-0.001238,0,19.9,0,0,0,0
11/20/2017 0:34,166,3.41,-0.001045,0,,,,-0.001045,0,17.1,0,0,0,0
11/21/2017 0:34,167,3.41,-0.000967,0,,,,-0.000967,0,20.2,0,0,0,0
11/22/2017 0:34,168,3.41,-0.001045,0,,,,-0.001045,0,20.6,0,0,0,0
11/23/2017 0:34,169,3.41,-0.000839,0,,,,-0.000839,0,20.9,0,0,0,0
11/24/2017 0:34,170,3.41,-0.000916,0,,,,-0.000916,0,20.9,0,0,0,0
11/25/2017 0:34,171,3.41,-0.000998,0,,,,-0.000998,0,21.3,0,0,0,0
11/26/2017 0:34,172,3.41,-0.000965,0,,,,-0.000965,0,20.9,0,0,0,0
11/27/2017 0:34,173,3.41,-0.000772,0,,,,-0.000772,0,17.8,0,0,0,0
11/28/2017 0:34,174,3.41,-0.000578,0,,,,-0.000578,0,20.3,0,0,0,0
11/29/2017 0:34,175,3.41,-0.000668,0,,,,-0.000668,0,21,0,0,0,0
11/30/2017 0:34,176,3.41,-0.000439,0,,,,-0.000439,0,21.1,0,0,0,0
12/1/2017 0:34,177,3.41,-0.000578,0,,,,-0.000578,0,20.9,0,0,0,0
12/2/2017 0:34,178,3.41,-0.000418,0,,,,-0.000418,0,20.9,0,0,0,0
12/3/2017 0:34,179,3.41,-0.000427,0,,,,-0.000427,0,20.3,0,0,0,0
12/4/2017 0:34,180,3.41,-0.00032,0,,,,-0.00032,0,18.2,0,0,0,0
12/5/2017 0:34,181,3.41,-0.000305,0,,,,-0.000305,0,20.8,0,0,0,0
12/6/2017 0:34,182,3.41,-0.000565,0,,,,-0.000565,0,21.1,0,0,0,0
12/7/2017 0:34,183,3.41,-0.000429,0,,,,-0.000429,0,21.1,0,0,0,0
12/8/2017 0:34,184,3.41,-0.000286,0,,,,-0.000286,0,21.6,0,0,0,0
12/9/2017 0:34,185,3.41,-0.000248,0,,,,-0.000248,0,21.1,0,0,0,0
12/10/2017 0:34,186,3.41,-0.000248,0,,,,-0.000248,0,20.4,0,0,0,0
12/11/2017 0:34,187,3.41,-0.000153,0,,,,-0.000153,0,17.1,0,0,0,0
12/12/2017 0:34,188,3.41,-0.000053,0,,,,-0.000053,0,19.2,0,0,0,0
12/13/2017 0:34,189,3.41,-0.000229,0,,,,-0.000229,0,20.9,0,0,0,0
12/14/2017 0:34,190,3.41,-0.000185,0,,,,-0.000185,0,20.3,0,0,0,0
12/15/2017 0:34,191,3.41,-0.000036,0,,,,-0.000036,0,20.6,0,0,0,0
12/16/2017 0:34,192,3.41,-0.000065,0,,,,-0.000065,0,21.8,0,0,0,0
12/17/2017 0:34,193,3.41,0.000074,0,,,,0.000074,0,20.1,0,0,0,0
12/18/2017 0:34,194,3.41,0.000174,0,,,,0.000174,0,15.7,0,0,0,0
12/19/2017 0:34,195,3.41,0.000084,0,,,,0.000084,0,21.4,0,0,0,0
12/20/2017 0:34,196,3.41,0.000008,0,,,,0.000008,0,21.3,0,0,0,0
12/21/2017 0:34,197,3.41,0.000233,0,,,,0.000233,0,21.8,0,0,0,0
12/22/2017 0:34,198,3.41,0.000298,0,,,,0.000298,0,21.4,0,0,0,0
12/23/2017 0:34,199,3.41,0.000305,0,,,,0.000305,0,20.8,0,0,0,0
12/24/2017 0:34,200,3.41,0.000223,0,,,,0.000223,0,20.4,0,0,0,0
12/25/2017 0:34,201,3.41,0.000389,0,,,,0.000389,0,16.6,0,0,0,0
12/26/2017 0:34,202,3.41,0.000313,0,,,,0.000313,0,21.1,0,0,0,0
12/27/2017 0:34,203,3.41,0.000444,0,,,,0.000444,0,20.3,0,0,0,0
12/28/2017 0:34,204,3.41,0.000526,0,,,,0.000526,0,21.1,0,0,0,0
12/29/2017 0:34,205,3.41,0.000582,0,,,,0.000582,0,20.8,0,0,0,0
12/30/2017 0:34,206,3.41,0.000538,0,,,,0.000538,0,21,0,0,0,0
12/31/2017 0:34,207,3.41,0.000473,0,,,,0.000473,0,18.9,0,0,0,0
1/1/2018 0:34,208,3.41,0.000597,0,,,,0.000597,0,15.6,0,0,0,0
1/2/2018 0:34,209,3.41,0.000628,0,,,,0.000628,0,20.9,0,0,0,0
1/3/2018 0:34,210,3.41,0.000538,0,,,,0.000538,0,22,0,0,0,0
1/4/2018 0:34,211,3.41,0.000542,0,,,,0.000542,0,21.3,0,0,0,0
1/5/2018 0:34,212,3.41,0.000469,0,,,,0.000469,0,20.1,0,0,0,0
1/6/2018 0:34,213,3.41,0.000582,0,,,,0.000582,0,19.8,0,0,0,0
1/7/2018 0:34,214,3.41,0.000662,0,,,,0.000662,0,18.4,0,0,0,0
1/8/2018 0:34,215,3.41,0.000681,0,,,,0.000681,0,16.6,0,0,0,0
1/9/2018 0:34,216,3.41,0.000608,0,,,,0.000608,0,21.2,0,0,0,0
1/10/2018 0:34,217,3.41,0.000742,0,,,,0.000742,0,20.7,0,0,0,0
1/11/2018 0:34,218,3.41,0.000731,0,,,,0.000731,0,20.9,0,0,0,0
1/12/2018 0:34,219,3.41,0.000677,0,,,,0.000677,0,20.8,0,0,0,0
1/13/2018 0:34,220,3.41,0.000713,0,,,,0.000713,0,21,0,0,0,0
1/14/2018 0:34,221,3.41,0.000853,0,,,,0.000853,0,18.7,0,0,0,0
1/15/2018 0:34,222,3.41,0.000952,0,,,,0.000952,0,15.6,0,0,0,0
1/16/2018 0:34,223,3.41,0.000984,0,,,,0.000984,0,20.8,0,0,0,0
1/17/2018 0:34,224,3.41,0.000944,0,,,,0.000944,0,20.2,0,0,0,0
1/18/2018 0:34,225,3.41,0.000904,0,,,,0.000904,0,20.3,0,0,0,0
1/19/2018 0:34,226,3.41,0.000881,0,,,,0.000881,0,20.4,0,0,0,0
1/20/2018 0:34,227,3.41,0.000864,0,,,,0.000864,0,20.9,0,0,0,0
1/21/2018 0:34,228,3.41,0.000885,0,,,,0.000885,0,20.8,0,0,0,0
1/22/2018 0:34,229,3.41,0.000977,0,,,,0.000977,0,18.4,0,0,0,0
1/23/2018 0:34,230,3.41,0.000914,0,,,,0.000914,0,20.8,0,0,0,0
1/24/2018 0:34,231,3.41,0.000795,0,,,,0.000795,0,21.1,0,0,0,0
1/25/2018 0:34,232,3.41,0.001013,0,,,,0.001013,0,20.3,0,0,0,0
1/26/2018 0:34,233,3.41,0.00111,0,,,,0.00111,0,20.8,0,0,0,0
1/27/2018 0:34,234,3.41,0.001436,0,,,,0.001436,0,20.3,0,0,0,0
1/28/2018 0:34,235,3.41,0.001333,0,,,,0.001333,0,20.1,0,0,0,0
1/29/2018 0:34,236,3.41,0.001438,0,,,,0.001438,0,17.6,0,0,0,0
1/30/2018 0:34,237,3.41,0.012281,0,,,,0.012281,0,20.2,0,0,0,0
1/31/2018 0:34,238,3.41,0.012335,0,,,,0.012335,0,20.1,0,0,0,0
2/1/2018 0:34,239,3.41,0.012217,0,,,,0.012217,0,19.8,0,0,0,0
2/2/2018 0:34,240,3.41,0.012266,0,,,,0.012266,0,20.3,0,0,0,0
2/3/2018 0:34,241,3.41,0.01259,0,,,,0.01259,0,20.3,0,0,0,0
2/4/2018 0:34,242,3.41,0.012648,0,,,,0.012648,0,19.4,0,0,0,0
2/5/2018 0:34,243,3.41,0.012674,0,,,,0.012674,0,17.3,0,0,0,0
2/6/2018 0:34,244,3.41,0.012842,0,,,,0.012842,0,20.1,0,0,0,0
2/7/2018 0:34,245,3.41,0.013155,0,,,,0.013155,0,18.6,0,0,0,0
2/8/2018 0:34,246,3.41,0.013134,0,,,,0.013134,0,20.4,0,0,0,0
2/9/2018 0:34,247,3.41,0.012693,0,,,,0.012693,0,20.6,0,0,0,0
2/10/2018 0:34,248,3.41,0.01281,0,,,,0.01281,0,20.9,0,0,0,0
2/11/2018 0:34,249,3.41,0.012842,0,,,,0.012842,0,20.1,0,0,0,0
2/12/2018 0:34,250,3.41,0.012817,0,,,,0.012817,0,17.8,0,0,0,0
2/13/2018 0:34,251,3.41,0.013191,0,,,,0.013191,0,20.9,0,0,0,0
2/14/2018 0:34,252,3.41,0.013258,0,,,,0.013258,0,20.5,0,0,0,0
2/15/2018 0:34,253,3.41,0.012869,0,,,,0.012869,0,20.7,0,0,0,0
2/16/2018 0:34,254,3.41,0.012791,0,,,,0.012791,0,20.7,0,0,0,0
2/17/2018 0:34,255,3.41,0.013063,0,,,,0.013063,0,20.8,0,0,0,0
2/18/2018 0:34,256,3.41,0.013151,0,,,,0.013151,0,19.9,0,0,0,0
2/19/2018 0:34,257,3.41,0.013405,0,,,,0.013405,0,17.7,0,0,0,0
2/20/2018 0:34,258,3.41,0.013357,0,,,,0.013357,0,20.5,0,0,0,0
2/21/2018 0:34,259,3.41,0.013359,0,,,,0.013359,0,20.4,0,0,0,0
2/22/2018 0:34,260,3.41,0.013603,0,,,,0.013603,0,20.4,0,0,0,0
2/23/2018 0:34,261,3.41,0.013704,0,,,,0.013704,0,21,0,0,0,0
2/24/2018 0:34,262,3.41,0.01346,0,,,,0.01346,0,20.8,0,0,0,0
2/25/2018 0:34,263,3.41,0.013611,0,,,,0.013611,0,20.3,0,0,0,0
2/26/2018 0:34,264,3.41,0.013557,0,,,,0.013557,0,19,0,0,0,0
2/27/2018 0:34,265,3.41,0.013695,0,,,,0.013695,0,20.4,0,0,0,0
2/28/2018 0:34,266,3.41,0.013737,0,,,,0.013737,0,20.8,0,0,0,0
3/1/2018 0:34,267,3.41,0.013674,0,,,,0.013674,0,20.8,0,0,0,0
3/2/2018 0:34,268,3.41,0.0138,0,,,,0.0138,0,21,0,0,0,0
3/3/2018 0:34,269,3.41,0.013926,0,,,,0.013926,0,21.1,0,0,0,0
3/4/2018 0:34,270,3.41,0.01405,0,,,,0.01405,0,20.3,0,0,0,0
3/5/2018 0:34,271,3.41,0.014141,0,,,,0.014141,0,18.1,0,0,0,0
3/6/2018 0:34,272,3.41,0.014166,0,,,,0.014166,0,20.6,0,0,0,0
3/7/2018 0:34,273,3.41,0.014114,0,,,,0.014114,0,20.7,0,0,0,0
3/8/2018 0:34,274,3.41,0.014154,0,,,,0.014154,0,20.9,0,0,0,0
3/9/2018 0:34,275,3.46,0.014009,0,,,,0.014009,0,21.4,0,0,0,0
3/10/2018 0:34,276,3.41,0.014063,0,,,,0.014063,0,21.1,0,0,0,0
3/11/2018 0:34,277,3.41,0.014217,0,,,,0.014217,0,19.9,0,0,0,0
3/12/2018 0:34,278,3.41,0.014389,0,,,,0.014389,0,18.3,0,0,0,0
3/13/2018 0:34,279,3.46,0.014364,0,,,,0.014364,0,20.4,0,0,0,0
3/14/2018 0:34,280,3.41,0.014345,0,,,,0.014345,0,20.3,0,0,0,0
3/15/2018 0:34,281,3.41,0.014305,0,,,,0.014305,0,20.5,0,0,0,0
3/16/2018 0:34,282,3.41,0.014418,0,,,,0.014418,0,20.8,0,0,0,0
3/17/2018 0:34,283,3.46,0.014553,0,,,,0.014553,0,20.6,0,0,0,0
3/18/2018 0:34,284,3.41,0.014633,0,,,,0.014633,0,19.7,0,0,0,0
3/19/2018 0:34,285,3.41,0.014763,0,,,,0.014763,0,17,0,0,0,0
3/20/2018 0:34,286,3.46,0.014795,0,,,,0.014795,0,20.8,0,0,0,0
3/21/2018 0:34,287,3.46,0.014828,0,,,,0.014828,0,21.3,0,0,0,0
3/22/2018 0:34,288,3.41,0.01487,0,,,,0.01487,0,20.9,0,0,0,0
3/23/2018 0:34,289,3.46,0.014923,0,,,,0.014923,0,21.1,0,0,0,0
3/24/2018 0:34,290,3.41,0.015072,0,,,,0.015072,0,20.8,0,0,0,0
3/25/2018 0:34,291,3.41,0.015169,0,,,,0.015169,0,20,0,0,0,0
3/26/2018 0:34,292,3.41,0.015362,0,,,,0.015362,0,18.3,0,0,0,0
3/27/2018 0:34,293,3.41,0.015411,0,,,,0.015411,0,20.8,0,0,0,0
3/28/2018 0:34,294,3.41,0.015276,0,,,,0.015276,0,20.6,0,0,0,0
3/29/2018 0:34,295,3.41,0.015291,0,,,,0.015291,0,20.8,0,0,0,0
3/30/2018 0:34,296,3.46,0.015287,0,,,,0.015287,0,21.3,0,0,0,0
3/31/2018 0:34,297,3.41,0.015417,0,,,,0.015417,0,20.4,0,0,0,0
4/1/2018 0:34,298,3.46,0.0154,0,,,,0.0154,0,20.3,0,0,0,0
4/2/2018 0:34,299,3.41,0.015512,0,,,,0.015512,0,18.6,0,0,0,0
4/3/2018 0:34,300,3.46,0.015545,0,,,,0.015545,0,20.5,0,0,0,0
4/4/2018 0:34,301,3.41,0.015518,0,,,,0.015518,0,20.4,0,0,0,0
4/5/2018 0:34,302,3.46,0.015532,0,,,,0.015532,0,20.7,0,0,0,0
4/6/2018 0:34,303,3.46,0.036234,0,,,,0.036234,0,21.1,0,0,0,0
4/7/2018 0:34,304,3.41,0.035885,0,,,,0.035885,0,20.7,0,0,0,0
4/8/2018 0:34,305,3.41,0.03591,0,,,,0.03591,0,20.4,0,0,0,0
4/9/2018 0:34,306,3.41,0.035948,0,,,,0.035948,0,18.1,0,0,0,0
4/10/2018 0:34,307,3.46,0.03582,0,,,,0.03582,0,20.3,0,0,0,0
4/11/2018 0:34,308,3.41,0.035706,0,,,,0.035706,0,20.4,0,0,0,0
4/12/2018 0:34,309,3.41,0.035557,0,,,,0.035557,0,20.9,0,0,0,0
4/13/2018 0:34,310,3.41,0.035343,0,,,,0.035343,0,21.2,0,0,0,0
4/14/2018 0:34,311,3.46,0.035404,0,,,,0.035404,0,21.6,0,0,0,0
4/15/2018 0:34,312,3.41,0.035622,0,,,,0.035622,0,20.4,0,0,0,0
4/16/2018 0:34,313,3.41,0.035612,0,,,,0.035612,0,18.9,0,0,0,0
4/17/2018 0:34,314,3.46,0.035175,0,,,,0.035175,0,21.1,0,0,0,0
4/18/2018 0:34,315,3.41,0.035151,0,,,,0.035151,0,20.7,0,0,0,0
4/19/2018 0:34,316,3.41,0.03516,0,,,,0.03516,0,21.1,0,0,0,0
4/20/2018 0:34,317,3.41,0.035265,0,,,,0.035265,0,21.1,0,0,0,0
4/21/2018 0:34,318,3.46,0.035307,0,,,,0.035307,0,21.8,0,0,0,0
4/22/2018 0:34,319,3.46,0.035311,0,,,,0.035311,0,21.7,0,0,0,0
4/23/2018 0:34,320,3.41,0.035381,0,,,,0.035381,0,20.9,0,0,0,0
4/24/2018 0:34,321,3.46,0.035254,0,,,,0.035254,0,22.8,0,0,0,0
4/25/2018 0:34,322,3.46,0.035292,0,,,,0.035292,0,23.3,0,0,0,0
4/26/2018 0:34,323,3.46,0.035093,0,,,,0.035093,0,22.3,0,0,0,0
4/27/2018 0:34,324,3.41,0.035139,0,,,,0.035139,0,21.9,0,0,0,0
4/28/2018 0:34,325,3.46,0.035131,0,,,,0.035131,0,22.6,0,0,0,0
4/29/2018 0:34,326,3.41,0.035223,0,,,,0.035223,0,21.5,0,0,0,0
4/30/2018 0:34,327,3.41,0.035336,0,,,,0.035336,0,19.8,0,0,0,0
5/1/2018 0:34,328,3.46,0.035244,0,,,,0.035244,0,21.6,0,0,0,0
5/2/2018 0:34,329,3.46,0.035124,0,,,,0.035124,0,23.5,0,0,0,0
5/3/2018 0:34,330,3.46,0.034832,0,,,,0.034832,0,24.6,0,0,0,0
5/4/2018 0:34,331,3.46,0.034891,0,,,,0.034891,0,22.9,0,0,0,0
5/5/2018 0:34,332,3.41,0.093817,0,,,,0.093817,0,21.5,0,0,0,0
5/6/2018 0:34,333,3.46,0.093275,0,,,,0.093275,0,21.7,0,0,0,0
5/7/2018 0:34,334,3.46,0.093277,0,,,,0.093277,0,21.2,0,0,0,0
5/8/2018 0:34,335,3.46,0.09317,0,,,,0.09317,0,20.9,0,0,0,0
5/9/2018 0:34,336,3.46,0.09304,0,,,,0.09304,0,22.6,0,0,0,0
5/10/2018 0:34,337,3.46,0.092859,0,,,,0.092859,0,23.9,0,0,0,0
5/11/2018 0:34,338,3.41,0.092613,0,,,,0.092613,0,23.1,0,0,0,0
5/12/2018 0:34,339,3.41,0.092312,0,,,,0.092312,0,20.8,0,0,0,0
5/13/2018 0:34,340,3.46,0.092176,0,,,,0.092176,0,21.3,0,0,0,0
5/14/2018 0:34,341,3.46,0.092058,0,,,,0.092058,0,21.8,0,0,0,0
5/15/2018 0:34,342,3.46,0.005518,0,,,,0.005518,0,23.5,0,0,0,0
5/16/2018 0:34,343,3.46,0.005356,0,,,,0.005356,0,22.8,0,0,0,0
5/17/2018 0:34,344,3.46,0.005402,0,,,,0.005402,0,23.1,0,0,0,0
5/18/2018 0:34,345,3.46,0.005373,0,,,,0.005373,0,22.3,0,0,0,0
5/19/2018 0:34,346,3.41,0.005291,0,,,,0.005291,0,21.8,0,0,0,0
5/20/2018 0:34,347,3.46,0.005291,0,,,,0.005291,0,20.6,0,0,0,0
5/21/2018 0:34,348,3.46,0.005287,0,,,,0.005287,0,20.4,0,0,0,0
5/22/2018 0:34,349,3.46,0.005327,0,,,,0.005327,0,21.5,0,0,0,0
5/23/2018 0:34,350,3.46,0.005276,0,,,,0.005276,0,20.7,0,0,0,0
5/24/2018 0:34,351,3.46,0.005264,0,,,,0.005264,0,20.8,0,0,0,0
5/25/2018 0:34,352,3.46,0.005011,0,,,,0.005011,0,21.2,0,0,0,0
5/26/2018 0:34,353,3.41,0.005043,0,,,,0.005043,0,21.2,0,0,0,0
5/27/2018 0:34,354,3.46,0.005089,0,,,,0.005089,0,22.9,0,0,0,0
5/28/2018 0:34,355,3.46,0.005075,0,,,,0.005075,0,23.2,0,0,0,0
5/29/2018 0:34,356,3.46,0.005024,0,,,,0.005024,0,21.6,0,0,0,0
5/30/2018 0:34,357,3.46,0.004965,0,,,,0.004965,0,21,0,0,0,0
5/31/2018 0:34,358,3.46,0.00375,0,,,,0.00375,0,21.3,0,0,0,0
6/1/2018 0:34,359,3.41,0.00395,0,,,,0.00395,0,21,0,0,0,0
6/2/2018 0:34,360,3.41,0.004095,0,,,,0.004095,0,21.2,0,0,0,0
6/3/2018 0:34,361,3.46,0.004177,0,,,,0.004177,0,21.1,0,0,0,0
6/4/2018 0:34,362,3.46,0.004169,0,,,,0.004169,0,20.6,0,0,0,0
6/5/2018 0:34,363,3.41,0.00412,0,,,,0.00412,0,20.3,0,0,0,0
6/6/2018 0:34,364,3.46,0.004114,0,,,,0.004114,0,19.8,0,0,0,0
6/7/2018 0:34,365,3.41,0.004175,0,,,,0.004175,0,20.2,0,0,0,0
6/8/2018 0:34,366,3.46,0.004177,0,,,,0.004177,0,20.7,0,0,0,0
6/9/2018 0:34,367,3.46,0.0044,0,,,,0.0044,0,21,0,0,0,0
6/10/2018 0:34,368,3.46,0.004389,0,,,,0.004389,0,21.1,0,0,0,0
6/11/2018 0:34,369,3.46,0.004395,0,,,,0.004395,0,21.3,0,0,0,0
6/12/2018 0:34,370,3.46,0.004353,0,,,,0.004353,0,21.3,0,0,0,0
6/13/2018 0:34,371,3.46,0.004309,0,,,,0.004309,0,21.3,0,0,0,0
6/14/2018 0:34,372,3.46,0.004278,0,,,,0.004278,0,21.8,0,0,0,0
6/15/2018 0:34,373,3.46,-0.308825,0,,,,-0.308825,0,21.4,0,0,0,0
6/16/2018 0:34,374,3.46,-0.308813,0,,,,-0.308813,0,22.7,0,0,0,0
6/17/2018 0:34,375,3.51,-0.116282,0,,,,-0.116282,0,29.4,0,0,0,0
6/18/2018 0:34,376,3.46,-0.114399,0,,,,-0.114399,0,28.8,0,0,0,0
6/19/2018 0:34,377,3.46,-0.308769,0,,,,-0.308769,0,27.3,0,0,0,0
6/20/2018 0:34,378,3.46,-0.030003,0,,,,-0.030003,0,26.2,0,0,0,0
6/21/2018 0:34,379,3.46,-0.029263,0,,,,-0.029263,0,27.2,0,0,0,0
6/22/2018 0:34,380,3.41,-0.003361,0,,,,-0.003361,0,25.3,0,0,0,0
6/23/2018 0:34,381,3.46,0.241116,0,,,,0.241116,0,26.3,0,0,0,0
6/24/2018 0:34,382,3.46,0.2421,0,,,,0.2421,0,26.6,0,0,0,0
6/25/2018 0:34,383,3.46,0.243126,0,,,,0.243126,0,26.5,0,0,0,0
6/26/2018 0:34,384,3.46,0.245852,0,,,,0.245852,0,26,0,0,0,0
6/27/2018 0:34,385,3.46,0.265352,0,,,,0.265352,0,26.3,0,0,0,0
6/28/2018 0:34,386,3.46,0.26721,0,,,,0.26721,0,26.6,0,0,0,0
6/29/2018 0:34,387,3.46,-0.015676,0,,,,-0.015676,0,25.9,0,0,0,0
6/30/2018 0:34,388,3.46,0.316799,0,,,,0.316799,0,27.3,0,0,0,0
7/1/2018 0:34,389,3.46,0.316797,0,,,,0.316797,0,27.5,0,0,0,0
7/2/2018 0:34,390,3.46,0.316792,0,,,,0.316792,0,28.4,0,0,0,0
7/3/2018 0:34,391,3.46,0.316786,0,,,,0.316786,0,29.2,0,0,0,0
7/4/2018 0:34,392,3.46,0.316788,0,,,,0.316788,0,29.3,0,0,0,0
7/5/2018 0:34,393,3.46,0.31678,0,,,,0.31678,0,30.1,0,0,0,0
7/6/2018 0:34,394,3.46,0.316776,0,,,,0.316776,0,30.6,0,0,0,0
7/7/2018 0:34,395,3.46,0.316786,0,,,,0.316786,0,29.3,0,0,0,0
7/8/2018 0:34,396,3.46,0.316786,0,,,,0.316786,0,29.6,0,0,0,0
7/9/2018 0:34,397,3.46,0.316786,0,,,,0.316786,0,29.6,0,0,0,0
7/10/2018 0:34,398,3.46,0.316782,0,,,,0.316782,0,30.2,0,0,0,0
7/11/2018 0:34,399,3.46,0.316784,0,,,,0.316784,0,29.8,0,0,0,0
7/12/2018 0:34,400,3.41,0.316792,0,,,,0.316792,0,28.6,0,0,0,0
7/13/2018 0:34,401,3.41,0.316792,0,,,,0.316792,0,28.6,0,0,0,0
7/14/2018 0:34,402,3.41,0.316788,0,,,,0.316788,0,29.3,0,0,0,0
7/15/2018 0:34,403,3.46,0.316784,0,,,,0.316784,0,29.8,0,0,0,0
7/16/2018 0:34,404,3.46,0.31678,0,,,,0.31678,0,30.3,0,0,0,0
7/17/2018 0:34,405,3.46,0.316778,0,,,,0.316778,0,30.6,0,0,0,0
7/18/2018 0:34,406,3.41,0.316782,0,,,,0.316782,0,30.2,0,0,0,0
7/19/2018 0:34,407,3.41,0.316786,0,,,,0.316786,0,29.5,0,0,0,0
7/20/2018 0:34,408,3.41,0.316788,0,,,,0.316788,0,29.3,0,0,0,0
7/21/2018 0:34,409,3.41,0.316788,0,,,,0.316788,0,29.1,0,0,0,0
7/22/2018 0:34,410,3.41,0.316788,0,,,,0.316788,0,29.2,0,0,0,0
7/23/2018 0:34,411,3.41,0.316792,0,,,,0.316792,0,28.6,0,0,0,0
7/24/2018 0:34,412,3.41,0.316793,0,,,,0.316793,0,28.3,0,0,0,0
7/25/2018 0:34,413,3.41,0.316795,0,,,,0.316795,0,28.1,0,0,0,0
7/26/2018 0:34,414,3.41,0.316797,0,,,,0.316797,0,27.7,0,0,0,0
7/27/2018 0:34,415,3.41,0.316799,0,,,,0.316799,0,27.5,0,0,0,0
7/28/2018 0:34,416,3.41,0.316797,0,,,,0.316797,0,27.8,0,0,0,0
7/29/2018 0:34,417,3.41,0.316799,0,,,,0.316799,0,27.4,0,0,0,0
7/30/2018 0:34,418,3.41,0.316801,0,,,,0.316801,0,27.1,0,0,0,0
7/31/2018 0:34,419,3.46,0.078169,0,,,,0.078169,0,26.8,0,0,0,0
8/1/2018 0:34,420,3.46,0.045216,0,,,,0.045216,0,27.4,0,0,0,0
8/2/2018 0:34,421,3.46,-0.036283,0,,,,-0.036283,0,27.3,0,0,0,0
8/3/2018 0:34,422,3.46,0.059408,0,,,,0.059408,0,29.5,0,0,0,0
8/4/2018 0:34,423,3.41,-0.044554,0,,,,-0.044554,0,18.6,0,0,0,0
8/5/2018 0:34,424,3.46,0.119753,0,,,,0.119753,0,22.6,0,0,0,0
8/6/2018 0:34,425,3.46,0.115774,0,,,,0.115774,0,22.3,0,0,0,0
8/7/2018 0:34,426,3.41,0.032982,0,,,,0.032982,0,15.1,0,0,0,0
8/8/2018 0:34,427,3.46,0.222374,0,,,,0.222374,0,17.6,0,0,0,0
8/9/2018 0:34,428,3.46,-0.013803,0,,,,-0.013803,0,18.6,0,0,0,0
8/10/2018 0:34,429,3.46,-0.016573,0,,,,-0.016573,0,19.2,0,0,0,0
8/11/2018 0:34,430,3.46,-0.019323,0,,,,-0.019323,0,20.4,0,0,0,0
8/12/2018 0:34,431,3.46,-0.020519,0,,,,-0.020519,0,21.5,0,0,0,0
8/13/2018 0:34,432,3.46,-0.022503,0,,,,-0.022503,0,21.6,0,0,0,0
8/14/2018 0:34,433,3.41,0.048885,0,,,,0.048885,0,21.1,0,0,0,0
8/15/2018 0:34,434,3.46,0.130651,0,,,,0.130651,0,21.3,0,0,0,0
8/16/2018 0:34,435,3.46,0.133503,0,,,,0.133503,0,23.3,0,0,0,0
8/17/2018 0:34,436,3.41,-0.189875,0,,,,-0.189875,0,15.5,0,0,0,0
8/18/2018 0:34,437,3.41,0.316908,0,,,,0.316908,0,10.2,0,0,0,0
8/19/2018 0:34,438,3.46,-0.037693,0,,,,-0.037693,0,16.9,0,0,0,0
8/20/2018 0:34,439,3.41,-0.037342,0,,,,-0.037342,0,13.8,0,0,0,0
8/21/2018 0:34,440,3.41,-0.037132,0,,,,-0.037132,0,15.6,0,0,0,0
8/22/2018 0:34,441,3.36,-0.037544,0,,,,-0.037544,0,5,0,0,0,0
8/23/2018 0:34,442,3.41,-0.037584,0,,,,-0.037584,0,10.8,0,0,0,0
8/24/2018 0:34,443,3.41,-0.037796,0,,,,-0.037796,0,11.9,0,0,0,0
8/25/2018 0:34,444,3.41,-0.037889,0,,,,-0.037889,0,14,0,0,0,0
8/26/2018 0:34,445,3.41,-0.038054,0,,,,-0.038054,0,11.9,0,0,0,0
8/27/2018 0:34,446,3.36,-0.03813,0,,,,-0.03813,0,7.6,0,0,0,0
8/28/2018 0:34,447,3.41,-0.038139,0,,,,-0.038139,0,9.9,0,0,0,0
8/29/2018 0:34,448,3.36,-0.038057,0,,,,-0.038057,0,5.6,0,0,0,0
8/30/2018 0:34,449,3.46,-0.037832,0,,,,-0.037832,0,14.1,0,0,0,0
8/31/2018 0:34,450,3.36,-0.038164,0,,,,-0.038164,0,5.5,0,0,0,0
9/1/2018 0:34,451,3.41,-0.038038,0,,,,-0.038038,0,5.3,0,0,0,0
9/2/2018 0:34,452,3.36,-0.037979,0,,,,-0.037979,0,1.9,0,0,0,0
9/3/2018 0:34,453,3.36,-0.037819,0,,,,-0.037819,0,2.9,0,0,0,0
9/4/2018 0:34,454,3.41,-0.03763,0,,,,-0.03763,0,6.9,0,0,0,0
9/5/2018 0:34,455,3.46,-0.037397,0,,,,-0.037397,0,9.1,0,0,0,0
9/6/2018 0:34,456,3.46,-0.037161,0,,,,-0.037161,0,14.1,0,0,0,0
9/7/2018 0:34,457,3.41,-0.037359,0,,,,-0.037359,0,5.4,0,0,0,0
9/8/2018 0:34,458,3.41,-0.037233,0,,,,-0.037233,0,8.7,0,0,0,0
9/9/2018 0:34,459,3.46,-0.037249,0,,,,-0.037249,0,8.9,0,0,0,0
9/10/2018 0:34,460,3.41,-0.037313,0,,,,-0.037313,0,6,0,0,0,0
9/11/2018 0:34,461,3.36,-0.037262,0,,,,-0.037262,0,0.8,0,0,0,0
9/12/2018 0:34,462,3.46,-0.037018,0,,,,-0.037018,0,9.4,0,0,0,0
9/13/2018 0:34,463,3.46,-0.036537,0,,,,-0.036537,0,6.9,0,0,0,0
9/14/2018 0:34,464,3.41,-0.036669,0,,,,-0.036669,0,4.8,0,0,0,0
9/15/2018 0:34,465,3.46,-0.036366,0,,,,-0.036366,0,9.1,0,0,0,0
9/16/2018 0:34,466,3.46,-0.035265,0,,,,-0.035265,0,10.2,0,0,0,0
9/17/2018 0:34,467,3.46,-0.034969,0,,,,-0.034969,0,12.3,0,0,0,0
9/18/2018 0:34,468,3.36,-0.034998,0,,,,-0.034998,0,3.1,0,0,0,0
9/19/2018 0:34,469,3.41,-0.033092,0,,,,-0.033092,0,4.3,0,0,0,0
9/20/2018 0:34,470,3.41,-0.031796,0,,,,-0.031796,0,3.6,0,0,0,0
9/21/2018 0:34,471,3.46,-0.030508,0,,,,-0.030508,0,8,0,0,0,0
9/22/2018 0:34,472,3.46,-0.029589,0,,,,-0.029589,0,11.9,0,0,0,0
9/23/2018 0:34,473,3.41,-0.029497,0,,,,-0.029497,0,3.3,0,0,0,0
9/24/2018 0:34,474,3.36,-0.02948,0,,,,-0.02948,0,0.6,0,0,0,0
9/25/2018 0:34,475,3.36,-0.029371,0,,,,-0.029371,0,0.3,0,0,0,0
9/26/2018 0:34,476,3.36,-0.029205,0,,,,-0.029205,0,-0.6,0,0,0,0
9/27/2018 0:34,477,3.36,-0.029007,0,,,,-0.029007,0,-0.4,0,0,0,0
9/28/2018 0:34,478,3.36,-0.028587,0,,,,-0.028587,0,2.4,0,0,0,0
9/29/2018 0:34,479,3.36,-0.028273,0,,,,-0.028273,0,-1,0,0,0,0
9/30/2018 0:34,480,3.36,-0.027901,0,,,,-0.027901,0,-2,0,0,0,0
10/1/2018 0:34,481,3.36,-0.027298,0,,,,-0.027298,0,-0.1,0,0,0,0
10/2/2018 0:34,482,3.41,-0.026545,0,,,,-0.026545,0,4.4,0,0,0,0
10/3/2018 0:34,483,3.41,-0.025814,0,,,,-0.025814,0,1,0,0,0,0
10/4/2018 0:34,484,3.36,-0.02504,0,,,,-0.02504,0,-3.4,0,0,0,0
10/5/2018 0:34,485,3.36,-0.024134,0,,,,-0.024134,0,-2.9,0,0,0,0
10/6/2018 0:34,486,3.36,-0.023001,0,,,,-0.023001,0,-1.4,0,0,0,0
10/7/2018 0:34,487,3.36,-0.021854,0,,,,-0.021854,0,-2.6,0,0,0,0
10/8/2018 0:34,488,3.41,-0.020302,0,,,,-0.020302,0,-0.2,0,0,0,0
10/9/2018 0:34,489,3.36,-0.018965,0,,,,-0.018965,0,-3.5,0,0,0,0
10/10/2018 0:34,490,3.36,-0.017597,0,,,,-0.017597,0,-4.4,0,0,0,0
10/11/2018 0:34,491,3.41,-0.016394,0,,,,-0.016394,0,-0.2,0,0,0,0
10/12/2018 0:34,492,3.36,-0.015753,0,,,,-0.015753,0,-4.4,0,0,0,0
10/13/2018 0:34,493,3.36,-0.01478,0,,,,-0.01478,0,-1.7,0,0,0,0
10/14/2018 0:34,494,3.36,-0.014095,0,,,,-0.014095,0,-1.4,0,0,0,0
10/15/2018 0:34,495,3.36,-0.013409,0,,,,-0.013409,0,-3.4,0,0,0,0
10/16/2018 0:34,496,3.36,-0.012854,0,,,,-0.012854,0,-4.9,0,0,0,0
10/17/2018 0:34,497,3.36,-0.012283,0,,,,-0.012283,0,-4.4,0,0,0,0
10/18/2018 0:34,498,3.36,-0.012213,0,,,,-0.012213,0,-4.3,0,0,0,0
10/19/2018 0:34,499,3.36,-0.012123,0,,,,-0.012123,0,-5.7,0,0,0,0
10/20/2018 0:34,500,3.31,-0.012175,0,,,,-0.012175,0,-8.6,0,0,0,0
10/21/2018 0:34,501,3.36,-0.011408,0,,,,-0.011408,0,-6.4,0,0,0,0
10/22/2018 0:34,502,3.36,-0.010845,0,,,,-0.010845,0,-5.7,0,0,0,0
10/23/2018 0:34,503,3.41,-0.009668,0,,,,-0.009668,0,-3.1,0,0,0,0
10/24/2018 0:34,504,3.31,-0.00942,0,,,,-0.00942,0,-11.1,0,0,0,0
10/25/2018 0:34,505,3.41,-0.008739,0,,,,-0.008739,0,-3.6,0,0,0,0
10/26/2018 0:34,506,3.31,-0.008335,0,,,,-0.008335,0,-12.2,0,0,0,0
10/27/2018 0:34,507,3.36,-0.007721,0,,,,-0.007721,0,-5.7,0,0,0,0
10/28/2018 0:34,508,3.36,-0.007717,0,,,,-0.007717,0,-5.5,0,0,0,0
10/29/2018 0:34,509,3.26,-0.008121,0,,,,-0.008121,0,-14.7,0,0,0,0
10/30/2018 0:34,510,3.36,-0.00745,0,,,,-0.00745,0,-7.2,0,0,0,0
10/31/2018 0:34,511,3.31,-0.0072,0,,,,-0.0072,0,-10.7,0,0,0,0
11/1/2018 0:34,512,3.31,-0.007071,0,,,,-0.007071,0,-13.7,0,0,0,0
11/2/2018 0:34,513,3.16,-0.006365,0,,,,-0.006365,0,-24.2,0,0,0,0
11/3/2018 0:34,514,3.36,-0.005407,0,,,,-0.005407,0,-12,0,0,0,0
11/4/2018 0:34,515,3.21,-0.005314,0,,,,-0.005314,0,-23.3,0,0,0,0
11/5/2018 0:34,516,3.36,-0.004288,0,,,,-0.004288,0,-11.1,0,0,0,0
11/6/2018 0:34,517,3.31,-0.003977,0,,,,-0.003977,0,-13.1,0,0,0,0
11/7/2018 0:34,518,3.21,-0.003893,0,,,,-0.003893,0,-22.9,0,0,0,0
11/8/2018 0:34,519,3.26,-0.003275,0,,,,-0.003275,0,-19.7,0,0,0,0
11/9/2018 0:34,520,3.31,-0.002779,0,,,,-0.002779,0,-15.1,0,0,0,0
11/10/2018 0:34,521,3.31,-0.00259,0,,,,-0.00259,0,-13.3,0,0,0,0
11/11/2018 0:34,522,3.36,-0.002317,0,,,,-0.002317,0,-11.8,0,0,0,0
11/12/2018 0:34,523,3.31,-0.002127,0,,,,-0.002127,0,-13.5,0,0,0,0
11/13/2018 0:34,524,3.31,-0.001802,0,,,,-0.001802,0,-15.2,0,0,0,0
11/14/2018 0:34,525,3.21,-0.00186,0,,,,-0.00186,0,-21.7,0,0,0,0
11/15/2018 0:34,526,3.16,-0.001787,0,,,,-0.001787,0,-27.4,0,0,0,0
11/16/2018 0:34,527,3.16,-0.001696,0,,,,-0.001696,0,-28.9,0,0,0,0
11/17/2018 0:34,528,3.16,-0.001423,0,,,,-0.001423,0,-30,0,0,0,0
11/18/2018 0:34,529,3.31,-0.000645,0,,,,-0.000645,0,-18.9,0,0,0,0
11/19/2018 0:34,530,3.21,-0.000504,0,,,,-0.000504,0,-22.9,0,0,0,0
11/20/2018 0:34,531,3.36,0.000057,0,,,,0.000057,0,-10.6,0,0,0,0
11/21/2018 0:34,532,3.41,0.000233,0,,,,0.000233,0,-8,0,0,0,0
11/22/2018 0:34,533,3.36,-0.000332,0,,,,-0.000332,0,-11,0,0,0,0
11/23/2018 0:34,534,3.36,-0.000639,0,,,,-0.000639,0,-10.9,0,0,0,0
11/24/2018 0:34,535,3.31,-0.000929,0,,,,-0.000929,0,-13.6,0,0,0,0
11/25/2018 0:34,536,3.26,-0.001078,0,,,,-0.001078,0,-20.1,0,0,0,0
11/26/2018 0:34,537,3.26,-0.000982,0,,,,-0.000982,0,-18.1,0,0,0,0
11/27/2018 0:34,538,3.31,-0.000853,0,,,,-0.000853,0,-16.4,0,0,0,0
11/28/2018 0:34,539,3.36,-0.000601,0,,,,-0.000601,0,-11,0,0,0,0
11/29/2018 0:34,540,3.36,-0.000561,0,,,,-0.000561,0,-11.6,0,0,0,0
11/30/2018 0:34,541,3.36,-0.000511,0,,,,-0.000511,0,-10,0,0,0,0
12/1/2018 0:34,542,3.36,-0.000587,0,,,,-0.000587,0,-12.4,0,0,0,0
12/2/2018 0:34,543,3.31,-0.0007,0,,,,-0.0007,0,-12.6,0,0,0,0
12/3/2018 0:34,544,3.41,-0.00016,0,,,,-0.00016,0,-4.3,0,0,0,0
12/4/2018 0:34,545,3.36,-0.0014,0,,,,-0.0014,0,-10.1,0,0,0,0
12/5/2018 0:34,546,3.41,-0.001743,0,,,,-0.001743,0,-6.5,0,0,0,0
12/6/2018 0:34,547,3.31,-0.00251,0,,,,-0.00251,0,-12.5,0,0,0,0
12/7/2018 0:34,548,3.36,-0.002661,0,,,,-0.002661,0,-9.4,0,0,0,0
12/8/2018 0:34,549,3.31,-0.003155,0,,,,-0.003155,0,-15.5,0,0,0,0
12/9/2018 0:34,550,3.31,-0.003252,0,,,,-0.003252,0,-13.1,0,0,0,0
12/10/2018 0:34,551,3.31,-0.003521,0,,,,-0.003521,0,-15.9,0,0,0,0
12/11/2018 0:34,552,3.21,-0.003822,0,,,,-0.003822,0,-21.9,0,0,0,0
12/12/2018 0:34,553,3.21,-0.004234,0,,,,-0.004234,0,-21.9,0,0,0,0
12/13/2018 0:34,554,3.26,-0.004135,0,,,,-0.004135,0,-18.2,0,0,0,0
12/14/2018 0:34,555,3.21,-0.00432,0,,,,-0.00432,0,-22.7,0,0,0,0
12/15/2018 0:34,556,3.21,-0.004547,0,,,,-0.004547,0,-22.4,0,0,0,0
12/16/2018 0:34,557,3.21,-0.004629,0,,,,-0.004629,0,-24.1,0,0,0,0
12/17/2018 0:34,558,3.26,-0.004559,0,,,,-0.004559,0,-19.2,0,0,0,0
12/18/2018 0:34,559,3.31,-0.004356,0,,,,-0.004356,0,-16.6,0,0,0,0
12/19/2018 0:34,560,3.36,-0.004129,0,,,,-0.004129,0,-14.1,0,0,0,0
12/20/2018 0:34,561,3.36,-0.003967,0,,,,-0.003967,0,-13,0,0,0,0
12/21/2018 0:34,562,3.31,-0.003937,0,,,,-0.003937,0,-14.9,0,0,0,0
12/22/2018 0:34,563,3.31,-0.00404,0,,,,-0.00404,0,-16.7,0,0,0,0
12/23/2018 0:34,564,3.31,-0.004044,0,,,,-0.004044,0,-14.6,0,0,0,0
12/24/2018 0:34,565,3.31,-0.004082,0,,,,-0.004082,0,-16.7,0,0,0,0
12/25/2018 0:34,566,3.31,-0.004131,0,,,,-0.004131,0,-17.9,0,0,0,0
12/26/2018 0:34,567,3.21,-0.0044,0,,,,-0.0044,0,-23.9,0,0,0,0
12/27/2018 0:34,568,3.21,-0.004618,0,,,,-0.004618,0,-24.5,0,0,0,0
12/28/2018 0:34,569,3.26,-0.004654,0,,,,-0.004654,0,-21.4,0,0,0,0
12/29/2018 0:34,570,3.26,-0.004667,0,,,,-0.004667,0,-22,0,0,0,0
12/30/2018 0:34,571,3.21,-0.004852,0,,,,-0.004852,0,-25.6,0,0,0,0
12/31/2018 0:34,572,3.26,-0.004839,0,,,,-0.004839,0,-21.1,0,0,0,0
1/1/2019 0:34,573,3.36,-0.00452,0,,,,-0.00452,0,-13.1,0,0,0,0
1/2/2019 0:34,574,3.36,-0.00429,0,,,,-0.00429,0,-12.8,0,0,0,0
1/3/2019 0:34,575,3.36,-0.004131,0,,,,-0.004131,0,-12.2,0,0,0,0
1/4/2019 0:34,576,3.36,-0.004082,0,,,,-0.004082,0,-12.7,0,0,0,0
1/5/2019 0:34,577,3.36,-0.004053,0,,,,-0.004053,0,-14.2,0,0,0,0
1/6/2019 0:34,578,3.31,-0.004154,0,,,,-0.004154,0,-16.4,0,0,0,0
1/7/2019 0:34,579,3.31,-0.004202,0,,,,-0.004202,0,-16.4,0,0,0,0
1/8/2019 0:34,580,3.21,-0.00441,0,,,,-0.00441,0,-23.6,0,0,0,0
1/9/2019 0:34,581,3.16,-0.004705,0,,,,-0.004705,0,-29.4,0,0,0,0
1/10/2019 0:34,582,3.11,-0.004932,0,,,,-0.004932,0,-31.9,0,0,0,0
1/11/2019 0:34,583,3.21,-0.004904,0,,,,-0.004904,0,-27.1,0,0,0,0
1/12/2019 0:34,584,3.26,-0.0049,0,,,,-0.0049,0,-23.7,0,0,0,0
1/13/2019 0:34,585,3.26,-0.004866,0,,,,-0.004866,0,-22.9,0,0,0,0
1/14/2019 0:34,586,3.21,-0.004974,0,,,,-0.004974,0,-24.9,0,0,0,0
1/15/2019 0:34,587,3.26,-0.005018,0,,,,-0.005018,0,-23.6,0,0,0,0
1/16/2019 0:34,588,3.26,-0.005037,0,,,,-0.005037,0,-22.3,0,0,0,0
1/17/2019 0:34,589,3.21,-0.005157,0,,,,-0.005157,0,-26,0,0,0,0
1/18/2019 0:34,590,3.26,-0.005161,0,,,,-0.005161,0,-24.2,0,0,0,0
1/19/2019 0:34,591,3.26,-0.005184,0,,,,-0.005184,0,-22.8,0,0,0,0
1/20/2019 0:34,592,3.31,-0.005043,0,,,,-0.005043,0,-18.1,0,0,0,0
1/21/2019 0:34,593,3.26,-0.005081,0,,,,-0.005081,0,-21.6,0,0,0,0
1/22/2019 0:34,594,3.31,-0.005062,0,,,,-0.005062,0,-20.3,0,0,0,0
1/23/2019 0:34,595,3.31,-0.005074,0,,,,-0.005074,0,-20.2,0,0,0,0
1/24/2019 0:34,596,3.26,-0.005203,0,,,,-0.005203,0,-23.7,0,0,0,0
1/25/2019 0:34,597,3.26,-0.005215,0,,,,-0.005215,0,-22,0,0,0,0
1/26/2019 0:34,598,3.31,-0.005159,0,,,,-0.005159,0,-18.7,0,0,0,0
1/27/2019 0:34,599,3.36,-0.004997,0,,,,-0.004997,0,-14.9,0,0,0,0
1/28/2019 0:34,600,3.36,-0.004999,0,,,,-0.004999,0,-15.8,0,0,0,0
1/29/2019 0:34,601,3.36,-0.004923,0,,,,-0.004923,0,-14.2,0,0,0,0
1/30/2019 0:34,602,3.41,-0.004833,0,,,,-0.004833,0,-12,0,0,0,0
1/31/2019 0:34,603,3.31,-0.004988,0,,,,-0.004988,0,-19.2,0,0,0,0
2/1/2019 0:34,604,3.26,-0.005125,0,,,,-0.005125,0,-23.6,0,0,0,0
2/2/2019 0:34,605,3.16,-0.005367,0,,,,-0.005367,0,-30.7,0,0,0,0
2/3/2019 0:34,606,3.16,-0.005445,0,,,,-0.005445,0,-28.7,0,0,0,0
2/4/2019 0:34,607,3.31,-0.005409,0,,,,-0.005409,0,-20.6,0,0,0,0
2/5/2019 0:34,608,3.31,-0.005136,0,,,,-0.005136,0,-17.2,0,0,0,0
2/6/2019 0:34,609,3.36,-0.005049,0,,,,-0.005049,0,-16.7,0,0,0,0
2/7/2019 0:34,610,3.31,-0.005041,0,,,,-0.005041,0,-20.2,0,0,0,0
2/8/2019 0:34,611,3.26,-0.005171,0,,,,-0.005171,0,-23,0,0,0,0
2/9/2019 0:34,612,3.41,-0.004856,0,,,,-0.004856,0,-11.1,0,0,0,0
2/10/2019 0:34,613,3.46,-0.004412,0,,,,-0.004412,0,-6.6,0,0,0,0
2/11/2019 0:34,614,3.36,-0.004684,0,,,,-0.004684,0,-15.9,0,0,0,0
2/12/2019 0:34,615,3.41,-0.004488,0,,,,-0.004488,0,-7.1,0,0,0,0
2/13/2019 0:34,616,3.41,-0.004316,0,,,,-0.004316,0,-8.5,0,0,0,0
2/14/2019 0:34,617,3.31,-0.004547,0,,,,-0.004547,0,-18.6,0,0,0,0
2/15/2019 0:34,618,3.16,-0.004965,0,,,,-0.004965,0,-27.9,0,0,0,0
2/16/2019 0:34,619,3.21,-0.005106,0,,,,-0.005106,0,-26.7,0,0,0,0
2/17/2019 0:34,620,3.26,-0.005077,0,,,,-0.005077,0,-22,0,0,0,0
2/18/2019 0:34,621,3.36,-0.00485,0,,,,-0.00485,0,-16.1,0,0,0,0
2/19/2019 0:34,622,3.36,-0.004715,0,,,,-0.004715,0,-15.5,0,0,0,0
2/20/2019 0:34,623,3.36,-0.004574,0,,,,-0.004574,0,-13.9,0,0,0,0
2/21/2019 0:34,624,3.36,-0.004526,0,,,,-0.004526,0,-14.4,0,0,0,0
2/22/2019 0:34,625,3.31,-0.004679,0,,,,-0.004679,0,-19.6,0,0,0,0
2/23/2019 0:34,626,3.21,-0.004906,0,,,,-0.004906,0,-25.6,0,0,0,0
2/24/2019 0:34,627,3.26,-0.004967,0,,,,-0.004967,0,-22.7,0,0,0,0
2/25/2019 0:34,628,3.41,-0.004557,0,,,,-0.004557,0,-9.4,0,0,0,0
2/26/2019 0:34,629,3.41,-0.004381,0,,,,-0.004381,0,-9.4,0,0,0,0
2/27/2019 0:34,630,3.36,-0.004433,0,,,,-0.004433,0,-12.3,0,0,0,0
2/28/2019 0:34,631,3.36,-0.004522,0,,,,-0.004522,0,-15,0,0,0,0
3/1/2019 0:34,632,3.36,-0.004568,0,,,,-0.004568,0,-14.6,0,0,0,0
3/2/2019 0:34,633,3.31,-0.004585,0,,,,-0.004585,0,-16.7,0,0,0,0
3/3/2019 0:34,634,3.36,-0.004604,0,,,,-0.004604,0,-15.9,0,0,0,0
3/4/2019 0:34,635,3.41,-0.004503,0,,,,-0.004503,0,-9.7,0,0,0,0
3/5/2019 0:34,636,3.41,-0.004181,0,,,,-0.004181,0,-7.6,0,0,0,0
3/6/2019 0:34,637,3.41,-0.004217,0,,,,-0.004217,0,-10.4,0,0,0,0
3/7/2019 0:34,638,3.36,-0.004362,0,,,,-0.004362,0,-13.1,0,0,0,0
3/8/2019 0:34,639,3.41,-0.004202,0,,,,-0.004202,0,-7.7,0,0,0,0
3/9/2019 0:34,640,3.46,-0.003988,0,,,,-0.003988,0,-6.1,0,0,0,0
3/10/2019 0:34,641,3.46,-0.003931,0,,,,-0.003931,0,-6.2,0,0,0,0
3/11/2019 0:34,642,3.41,-0.004055,0,,,,-0.004055,0,-10.4,0,0,0,0
3/12/2019 0:34,643,3.36,-0.004061,0,,,,-0.004061,0,-15.1,0,0,0,0
3/13/2019 0:34,644,3.31,-0.004246,0,,,,-0.004246,0,-18,0,0,0,0
