date,snow_depth_cm,Longitude (x)_x,Latitude (y)_x,Station Name_x,Climate ID_x,Date/Time_x,Data Quality_x,Max Temp (°C)_x,Min Temp (°C)_x,Mean Temp (°C)_x,Heat Deg Days (°C)_x,Cool Deg Days (°C)_x,Total Rain (mm)_x,Total Snow (cm)_x,Total Precip (mm)_x,Snow on Grnd (cm)_x,Dir of Max Gust (10s deg)_x,Spd of Max Gust (km/h)_x,Elevation_x,Longitude (x)_y,Latitude (y)_y,Station Name_y,Climate ID_y,Date/Time_y,Data Quality_y,Max Temp (°C)_y,Min Temp (°C)_y,Mean Temp (°C)_y,Heat Deg Days (°C)_y,Cool Deg Days (°C)_y,Total Rain (mm)_y,Total Snow (cm)_y,Total Precip (mm)_y,Snow on Grnd (cm)_y,Dir of Max Gust (10s deg)_y,Spd of Max Gust (km/h)_y,Elevation_y,snow_sub_heave,heave
2022-07-21,,-133.532794,68.317527,INUVIK CLIMATE,2202578,2022-07-21,,21.0,10.4,15.7,2.3,0.0,,,1.0,,,,104.8,-133.5018,68.7463,TRAIL VALLEY,220N005,2022-07-21,,18.1,7.8,13.0,5.0,0.0,,,1.4,,,,86.2,,
2022-07-22,,-133.532794,68.317527,INUVIK CLIMATE,2202578,2022-07-22,,26.0,13.1,19.6,0.0,1.6,,,10.7,,33.0,32.0,104.8,-133.5018,68.7463,TRAIL VALLEY,220N005,2022-07-22,,24.7,11.9,18.3,0.0,0.3,,,0.2,,,,86.2,,
2022-07-23,,-133.532794,68.317527,INUVIK CLIMATE,2202578,2022-07-23,,13.7,9.0,11.4,6.6,0.0,,,4.7,,,,104.8,-133.5018,68.7463,TRAIL VALLEY,220N005,2022-07-23,,15.7,8.0,11.9,6.1,0.0,,,6.1,,27.0,38.0,86.2,,
2022-07-24,,-133.532794,68.317527,INUVIK CLIMATE,2202578,2022-07-24,,14.9,7.2,11.1,6.9,0.0,,,0.0,,,,104.8,-133.5018,68.7463,TRAIL VALLEY,220N005,2022-07-24,,15.0,6.6,10.8,7.2,0.0,,,0.7,,,,86.2,,
2022-07-25,,-133.532794,68.317527,INUVIK CLIMATE,2202578,2022-07-25,,26.0,8.5,17.2,0.8,0.0,,,0.0,,,,104.8,-133.5018,68.7463,TRAIL VALLEY,220N005,2022-07-25,,,,,,,,,,,,,86.2,,
2022-07-26,,-133.532794,68.317527,INUVIK CLIMATE,2202578,2022-07-26,,20.3,15.3,17.8,0.2,0.0,,,0.6,,27.0,46.0,104.8,-133.5018,68.7463,TRAIL VALLEY,220N005,2022-07-26,,19.9,12.3,16.1,1.9,0.0,,,0.0,,26.0,57.0,86.2,,
2022-07-27,,-133.532794,68.317527,INUVIK CLIMATE,2202578,2022-07-27,,16.8,9.6,13.2,4.8,0.0,,,0.3,,,,104.8,-133.5018,68.7463,TRAIL VALLEY,220N005,2022-07-27,,16.4,6.3,11.3,6.7,0.0,,,0.0,,25.0,49.0,86.2,,
2022-07-28,,-133.532794,68.317527,INUVIK CLIMATE,2202578,2022-07-28,,13.8,6.7,10.3,7.7,0.0,,,0.8,,36.0,32.0,104.8,-133.5018,68.7463,TRAIL VALLEY,220N005,2022-07-28,,9.8,5.1,7.4,10.6,0.0,,,4.4,,,,86.2,,
2022-07-29,,-133.532794,68.317527,INUVIK CLIMATE,2202578,2022-07-29,,7.4,4.6,6.0,12.0,0.0,,,2.8,,2.0,32.0,104.8,-133.5018,68.7463,TRAIL VALLEY,220N005,2022-07-29,,,,,,,,,,,,,86.2,,
2022-07-30,,-133.532794,68.317527,INUVIK CLIMATE,2202578,2022-07-30,,13.4,2.8,8.1,9.9,0.0,,,0.0,,,,104.8,-133.5018,68.7463,TRAIL VALLEY,220N005,2022-07-30,,10.8,1.3,6.1,11.9,0.0,,,0.2,,,,86.2,,
2022-07-31,,-133.532794,68.317527,INUVIK CLIMATE,2202578,2022-07-31,,20.0,7.0,13.5,4.5,0.0,,,0.0,,,,104.8,-133.5018,68.7463,TRAIL VALLEY,220N005,2022-07-31,,19.5,0.3,9.9,8.1,0.0,,,0.5,,,,86.2,,
2022-08-01,,-133.532794,68.317527,INUVIK CLIMATE,2202578,2022-08-01,,20.0,7.9,13.9,4.1,0.0,,,0.0,,,,104.8,-133.5018,68.7463,TRAIL VALLEY,220N005,2022-08-01,,19.3,6.2,12.7,5.3,0.0,,,0.0,,,,86.2,,
2022-08-02,,-133.532794,68.317527,INUVIK CLIMATE,2202578,2022-08-02,,15.0,8.0,11.5,6.5,0.0,,,0.0,,,,104.8,-133.5018,68.7463,TRAIL VALLEY,220N005,2022-08-02,,15.4,7.8,11.6,6.4,0.0,,,0.0,,33.0,33.0,86.2,,
2022-08-03,,-133.532794,68.317527,INUVIK CLIMATE,2202578,2022-08-03,,19.9,5.2,12.5,5.5,0.0,,,0.0,,,,104.8,-133.5018,68.7463,TRAIL VALLEY,220N005,2022-08-03,,20.1,6.0,13.0,5.0,0.0,,,0.0,,,,86.2,,
2022-08-04,,-133.532794,68.317527,INUVIK CLIMATE,2202578,2022-08-04,,24.9,11.0,18.0,0.0,0.0,,,0.0,,,,104.8,-133.5018,68.7463,TRAIL VALLEY,220N005,2022-08-04,,24.8,7.7,16.2,1.8,0.0,,,1.0,,,,86.2,,
2022-08-05,,-133.532794,68.317527,INUVIK CLIMATE,2202578,2022-08-05,,28.2,16.3,22.2,0.0,4.2,,,0.0,,19.0,31.0,104.8,-133.5018,68.7463,TRAIL VALLEY,220N005,2022-08-05,,27.5,13.2,20.4,0.0,2.4,,,0.0,,16.0,43.0,86.2,,
2022-08-06,,-133.532794,68.317527,INUVIK CLIMATE,2202578,2022-08-06,,19.6,8.5,14.0,4.0,0.0,,,6.3,,29.0,39.0,104.8,-133.5018,68.7463,TRAIL VALLEY,220N005,2022-08-06,,17.3,7.1,12.2,5.8,0.0,,,5.7,,29.0,42.0,86.2,,
2022-08-07,,-133.532794,68.317527,INUVIK CLIMATE,2202578,2022-08-07,,15.0,6.0,10.5,7.5,0.0,,,0.0,,,,104.8,-133.5018,68.7463,TRAIL VALLEY,220N005,2022-08-07,,14.2,5.3,9.8,8.2,0.0,,,0.0,,,,86.2,,
2022-08-08,,-133.532794,68.317527,INUVIK CLIMATE,2202578,2022-08-08,,19.6,8.4,14.0,4.0,0.0,,,0.0,,24.0,35.0,104.8,-133.5018,68.7463,TRAIL VALLEY,220N005,2022-08-08,,19.7,6.8,13.2,4.8,0.0,,,0.0,,18.0,42.0,86.2,,
2022-08-09,,-133.532794,68.317527,INUVIK CLIMATE,2202578,2022-08-09,,15.7,8.2,11.9,6.1,0.0,,,2.1,,,,104.8,-133.5018,68.7463,TRAIL VALLEY,220N005,2022-08-09,,17.7,4.5,11.1,6.9,0.0,,,1.2,,28.0,53.0,86.2,,
2022-08-10,,-133.532794,68.317527,INUVIK CLIMATE,2202578,2022-08-10,,13.1,5.4,9.2,8.8,0.0,,,0.0,,24.0,31.0,104.8,-133.5018,68.7463,TRAIL VALLEY,220N005,2022-08-10,,,,,,,,,,,,,86.2,,
2022-08-11,,-133.532794,68.317527,INUVIK CLIMATE,2202578,2022-08-11,,20.4,9.3,14.8,3.2,0.0,,,0.0,,3.0,37.0,104.8,-133.5018,68.7463,TRAIL VALLEY,220N005,2022-08-11,,,,,,,,,,,,,86.2,,
2022-08-12,,-133.532794,68.317527,INUVIK CLIMATE,2202578,2022-08-12,,25.4,8.2,16.8,1.2,0.0,,,0.0,,23.0,32.0,104.8,-133.5018,68.7463,TRAIL VALLEY,220N005,2022-08-12,,,,,,,,,,,,,86.2,,
2022-08-13,,-133.532794,68.317527,INUVIK CLIMATE,2202578,2022-08-13,,25.3,9.6,17.5,0.5,0.0,,,0.0,,36.0,41.0,104.8,-133.5018,68.7463,TRAIL VALLEY,220N005,2022-08-13,,25.0,7.9,16.4,1.6,0.0,,,0.4,,1.0,36.0,86.2,,
2022-08-14,,-133.532794,68.317527,INUVIK CLIMATE,2202578,2022-08-14,,11.9,7.4,9.6,8.4,0.0,,,11.7,,2.0,33.0,104.8,-133.5018,68.7463,TRAIL VALLEY,220N005,2022-08-14,,11.7,6.3,9.0,9.0,0.0,,,8.2,,3.0,38.0,86.2,,
2022-08-15,,-133.532794,68.317527,INUVIK CLIMATE,2202578,2022-08-15,,13.7,8.4,11.1,6.9,0.0,,,0.1,,,,104.8,-133.5018,68.7463,TRAIL VALLEY,220N005,2022-08-15,,13.7,4.7,9.2,8.8,0.0,,,0.2,,,,86.2,,
2022-08-16,,-133.532794,68.317527,INUVIK CLIMATE,2202578,2022-08-16,,18.9,11.0,14.9,3.1,0.0,,,0.1,,,,104.8,-133.5018,68.7463,TRAIL VALLEY,220N005,2022-08-16,,16.8,8.3,12.5,5.5,0.0,,,0.2,,,,86.2,,
2022-08-17,,-133.532794,68.317527,INUVIK CLIMATE,2202578,2022-08-17,,23.4,11.9,17.6,0.4,0.0,,,0.0,,13.0,36.0,104.8,-133.5018,68.7463,TRAIL VALLEY,220N005,2022-08-17,,21.5,5.8,13.7,4.3,0.0,,,0.0,,10.0,33.0,86.2,,
2022-08-18,,-133.532794,68.317527,INUVIK CLIMATE,2202578,2022-08-18,,18.7,7.2,12.9,5.1,0.0,,,28.7,,28.0,56.0,104.8,-133.5018,68.7463,TRAIL VALLEY,220N005,2022-08-18,,,,,,,,,,,,,86.2,,
2022-08-19,,-133.532794,68.317527,INUVIK CLIMATE,2202578,2022-08-19,,10.9,7.0,8.9,9.1,0.0,,,0.3,,,,104.8,-133.5018,68.7463,TRAIL VALLEY,220N005,2022-08-19,,,,,,,,,,,,,86.2,,
2022-08-20,,-133.532794,68.317527,INUVIK CLIMATE,2202578,2022-08-20,,11.8,6.0,8.9,9.1,0.0,,,1.2,,,,104.8,-133.5018,68.7463,TRAIL VALLEY,220N005,2022-08-20,,9.8,4.8,7.3,10.7,0.0,,,1.1,,,,86.2,,
2022-08-21,,-133.532794,68.317527,INUVIK CLIMATE,2202578,2022-08-21,,10.1,5.7,7.9,10.1,0.0,,,1.3,,4.0,38.0,104.8,-133.5018,68.7463,TRAIL VALLEY,220N005,2022-08-21,,8.7,4.7,6.7,11.3,0.0,,,2.2,,2.0,32.0,86.2,,
2022-08-22,,-133.532794,68.317527,INUVIK CLIMATE,2202578,2022-08-22,,11.2,2.2,6.7,11.3,0.0,,,0.0,,7.0,36.0,104.8,-133.5018,68.7463,TRAIL VALLEY,220N005,2022-08-22,,9.8,1.6,5.7,12.3,0.0,,,0.0,,9.0,33.0,86.2,,
2022-08-23,,-133.532794,68.317527,INUVIK CLIMATE,2202578,2022-08-23,,17.3,7.7,12.5,5.5,0.0,,,0.1,,,,104.8,-133.5018,68.7463,TRAIL VALLEY,220N005,2022-08-23,,15.2,7.0,11.1,6.9,0.0,,,0.0,,,,86.2,,
2022-08-24,,-133.532794,68.317527,INUVIK CLIMATE,2202578,2022-08-24,,18.3,10.7,14.5,3.5,0.0,,,0.6,,,,104.8,-133.5018,68.7463,TRAIL VALLEY,220N005,2022-08-24,,18.0,9.0,13.5,4.5,0.0,,,0.4,,,,86.2,,
2022-08-25,,-133.532794,68.317527,INUVIK CLIMATE,2202578,2022-08-25,,17.9,12.5,15.2,2.8,0.0,,,0.0,,33.0,33.0,104.8,-133.5018,68.7463,TRAIL VALLEY,220N005,2022-08-25,,17.9,8.3,13.1,4.9,0.0,,,1.6,,30.0,40.0,86.2,,
2022-08-26,,-133.532794,68.317527,INUVIK CLIMATE,2202578,2022-08-26,,21.7,7.7,14.7,3.3,0.0,,,0.0,,,,104.8,-133.5018,68.7463,TRAIL VALLEY,220N005,2022-08-26,,21.3,4.2,12.7,5.3,0.0,,,0.6,,,,86.2,,
2022-08-27,,-133.532794,68.317527,INUVIK CLIMATE,2202578,2022-08-27,,18.2,9.3,13.7,4.3,0.0,,,0.0,,,,104.8,-133.5018,68.7463,TRAIL VALLEY,220N005,2022-08-27,,18.4,7.1,12.8,5.2,0.0,,,0.5,,,,86.2,,
2022-08-28,,-133.532794,68.317527,INUVIK CLIMATE,2202578,2022-08-28,,10.7,5.3,8.0,10.0,0.0,,,0.0,,,,104.8,-133.5018,68.7463,TRAIL VALLEY,220N005,2022-08-28,,9.0,5.1,7.1,10.9,0.0,,,0.5,,,,86.2,,
2022-08-29,,-133.532794,68.317527,INUVIK CLIMATE,2202578,2022-08-29,,11.4,2.7,7.1,10.9,0.0,,,0.0,,,,104.8,-133.5018,68.7463,TRAIL VALLEY,220N005,2022-08-29,,10.1,4.9,7.5,10.5,0.0,,,1.0,,,,86.2,,
2022-08-30,,-133.532794,68.317527,INUVIK CLIMATE,2202578,2022-08-30,,15.8,4.3,10.0,8.0,0.0,,,0.0,,,,104.8,-133.5018,68.7463,TRAIL VALLEY,220N005,2022-08-30,,,,,,,,,,,,,86.2,,
2022-08-31,,-133.532794,68.317527,INUVIK CLIMATE,2202578,2022-08-31,,20.0,7.5,13.7,4.3,0.0,,,0.0,,,,104.8,-133.5018,68.7463,TRAIL VALLEY,220N005,2022-08-31,,19.9,2.6,11.3,6.7,0.0,,,0.6,,20.0,31.0,86.2,,
2022-09-01,,-133.532794,68.317527,INUVIK CLIMATE,2202578,2022-09-01,,22.2,9.4,15.8,2.2,0.0,,,0.0,,,,104.8,-133.5018,68.7463,TRAIL VALLEY,220N005,2022-09-01,,20.1,7.9,14.0,4.0,0.0,,,0.0,,,,86.2,,
2022-09-02,,-133.532794,68.317527,INUVIK CLIMATE,2202578,2022-09-02,,19.7,9.5,14.6,3.4,0.0,,,0.0,,,,104.8,-133.5018,68.7463,TRAIL VALLEY,220N005,2022-09-02,,19.9,7.0,13.5,4.5,0.0,,,0.5,,,,86.2,,
2022-09-03,0.0,-133.532794,68.317527,INUVIK CLIMATE,2202578,2022-09-03,,16.5,10.6,13.6,4.4,0.0,,,0.0,0.0,,,104.8,-133.5018,68.7463,TRAIL VALLEY,220N005,2022-09-03,,17.0,5.5,11.2,6.8,0.0,,,0.2,,,,86.2,0.0,0.0
2022-09-04,,-133.532794,68.317527,INUVIK CLIMATE,2202578,2022-09-04,,10.6,6.7,8.6,9.4,0.0,,,0.6,,31.0,35.0,104.8,-133.5018,68.7463,TRAIL VALLEY,220N005,2022-09-04,,11.4,5.7,8.6,9.4,0.0,,,0.0,,30.0,37.0,86.2,,
2022-09-05,,-133.532794,68.317527,INUVIK CLIMATE,2202578,2022-09-05,,6.7,2.9,4.8,13.2,0.0,,,3.0,,33.0,52.0,104.8,-133.5018,68.7463,TRAIL VALLEY,220N005,2022-09-05,,6.6,2.0,4.3,13.7,0.0,,,1.5,,31.0,61.0,86.2,,
2022-09-06,,-133.532794,68.317527,INUVIK CLIMATE,2202578,2022-09-06,,7.2,0.6,3.9,14.1,0.0,,,0.0,,,,104.8,-133.5018,68.7463,TRAIL VALLEY,220N005,2022-09-06,,6.9,-3.3,1.8,16.2,0.0,,,0.0,,31.0,36.0,86.2,,
2022-09-07,,-133.532794,68.317527,INUVIK CLIMATE,2202578,2022-09-07,,7.4,0.4,3.9,14.1,0.0,,,0.1,,,,104.8,-133.5018,68.7463,TRAIL VALLEY,220N005,2022-09-07,,9.8,-4.6,2.6,15.4,0.0,,,0.2,,,,86.2,,
2022-09-08,,-133.532794,68.317527,INUVIK CLIMATE,2202578,2022-09-08,,10.8,4.9,7.9,10.1,0.0,,,0.1,,,,104.8,-133.5018,68.7463,TRAIL VALLEY,220N005,2022-09-08,,10.5,3.0,6.8,11.2,0.0,,,0.6,,,,86.2,,
2022-09-09,,-133.532794,68.317527,INUVIK CLIMATE,2202578,2022-09-09,,14.2,4.8,9.5,8.5,0.0,,,1.1,0.0,,,104.8,-133.5018,68.7463,TRAIL VALLEY,220N005,2022-09-09,,12.8,1.9,7.3,10.7,0.0,,,0.4,,9.0,33.0,86.2,,
2022-09-10,,-133.532794,68.317527,INUVIK CLIMATE,2202578,2022-09-10,,7.9,3.7,5.8,12.2,0.0,,,15.8,,,,104.8,-133.5018,68.7463,TRAIL VALLEY,220N005,2022-09-10,,7.9,3.3,5.6,12.4,0.0,,,7.4,,,,86.2,,
2022-09-11,,-133.532794,68.317527,INUVIK CLIMATE,2202578,2022-09-11,,7.1,2.5,4.8,13.2,0.0,,,0.0,0.0,,,104.8,-133.5018,68.7463,TRAIL VALLEY,220N005,2022-09-11,,6.2,2.2,4.2,13.8,0.0,,,0.0,,,,86.2,,
2022-09-12,,-133.532794,68.317527,INUVIK CLIMATE,2202578,2022-09-12,,13.6,3.4,8.5,9.5,0.0,,,0.0,,,,104.8,-133.5018,68.7463,TRAIL VALLEY,220N005,2022-09-12,,9.4,-2.2,3.6,14.4,0.0,,,0.5,,,,86.2,,
2022-09-13,,-133.532794,68.317527,INUVIK CLIMATE,2202578,2022-09-13,,5.8,2.1,3.9,14.1,0.0,,,0.4,,8.0,31.0,104.8,-133.5018,68.7463,TRAIL VALLEY,220N005,2022-09-13,,4.3,0.6,2.5,15.5,0.0,,,0.9,,,,86.2,,
2022-09-14,4.770120000000001,-133.532794,68.317527,INUVIK CLIMATE,2202578,2022-09-14,,8.4,2.2,5.3,12.7,0.0,,,0.0,0.0,7.0,41.0,104.8,-133.5018,68.7463,TRAIL VALLEY,220N005,2022-09-14,,8.7,-0.1,4.3,13.7,0.0,,,0.0,,6.0,34.0,86.2,4.757272020500313,0.0128479794996883
2022-09-15,3.469640000000001,-133.532794,68.317527,INUVIK CLIMATE,2202578,2022-09-15,,6.9,3.2,5.0,13.0,0.0,,,2.5,0.0,,,104.8,-133.5018,68.7463,TRAIL VALLEY,220N005,2022-09-15,,4.5,2.3,3.4,14.6,0.0,,,9.6,,,,86.2,3.409256151020963,0.060383848979038035
2022-09-16,,-133.532794,68.317527,INUVIK CLIMATE,2202578,2022-09-16,,5.8,3.1,4.5,13.5,0.0,,,2.0,,,,104.8,-133.5018,68.7463,TRAIL VALLEY,220N005,2022-09-16,,6.5,0.5,3.5,14.5,0.0,,,0.4,,,,86.2,,
2022-09-17,,-133.532794,68.317527,INUVIK CLIMATE,2202578,2022-09-17,,14.4,3.2,8.8,9.2,0.0,,,0.0,,,,104.8,-133.5018,68.7463,TRAIL VALLEY,220N005,2022-09-17,,14.8,2.4,8.6,9.4,0.0,,,0.4,,19.0,39.0,86.2,,
2022-09-18,,-133.532794,68.317527,INUVIK CLIMATE,2202578,2022-09-18,,12.7,5.3,9.0,9.0,0.0,,,0.1,,,,104.8,-133.5018,68.7463,TRAIL VALLEY,220N005,2022-09-18,,12.6,4.0,8.3,9.7,0.0,,,0.0,,26.0,37.0,86.2,,
2022-09-19,,-133.532794,68.317527,INUVIK CLIMATE,2202578,2022-09-19,,13.1,3.7,8.4,9.6,0.0,,,0.0,,,,104.8,-133.5018,68.7463,TRAIL VALLEY,220N005,2022-09-19,,13.2,4.6,8.9,9.1,0.0,,,0.0,,,,86.2,,
2022-09-20,,-133.532794,68.317527,INUVIK CLIMATE,2202578,2022-09-20,,10.8,3.3,7.0,11.0,0.0,,,1.9,,,,104.8,-133.5018,68.7463,TRAIL VALLEY,220N005,2022-09-20,,10.7,1.5,6.1,11.9,0.0,,,1.2,,29.0,34.0,86.2,,
2022-09-21,,-133.532794,68.317527,INUVIK CLIMATE,2202578,2022-09-21,,9.3,2.1,5.7,12.3,0.0,,,0.0,,,,104.8,-133.5018,68.7463,TRAIL VALLEY,220N005,2022-09-21,,9.5,0.1,4.8,13.2,0.0,,,0.3,,,,86.2,,
2022-09-22,,-133.532794,68.317527,INUVIK CLIMATE,2202578,2022-09-22,,4.1,0.7,2.4,15.6,0.0,,,4.4,,33.0,37.0,104.8,-133.5018,68.7463,TRAIL VALLEY,220N005,2022-09-22,,2.7,0.5,1.6,16.4,0.0,,,0.2,,33.0,32.0,86.2,,
2022-09-23,,-133.532794,68.317527,INUVIK CLIMATE,2202578,2022-09-23,,4.3,0.7,2.5,15.5,0.0,,,0.0,,34.0,35.0,104.8,-133.5018,68.7463,TRAIL VALLEY,220N005,2022-09-23,,3.5,0.7,2.1,15.9,0.0,,,0.5,,31.0,34.0,86.2,,
2022-09-24,2.5628599999999997,-133.532794,68.317527,INUVIK CLIMATE,2202578,2022-09-24,,3.8,1.0,2.4,15.6,0.0,,,0.0,0.0,,,104.8,-133.5018,68.7463,TRAIL VALLEY,220N005,2022-09-24,,2.5,-0.2,1.1,16.9,0.0,,,0.0,,,,86.2,2.713305802675622,-0.15044580267562235
2022-09-25,,-133.532794,68.317527,INUVIK CLIMATE,2202578,2022-09-25,,3.1,-0.1,1.5,16.5,0.0,,,0.1,,,,104.8,-133.5018,68.7463,TRAIL VALLEY,220N005,2022-09-25,,2.2,-1.2,0.5,17.5,0.0,,,0.0,,,,86.2,,
2022-09-26,,-133.532794,68.317527,INUVIK CLIMATE,2202578,2022-09-26,,2.4,-1.1,0.7,17.3,0.0,,,0.6,,5.0,46.0,104.8,-133.5018,68.7463,TRAIL VALLEY,220N005,2022-09-26,,1.7,-1.4,0.1,17.9,0.0,,,0.4,,4.0,45.0,86.2,,
2022-09-27,2.3911983333333344,-133.532794,68.317527,INUVIK CLIMATE,2202578,2022-09-27,,0.0,-1.1,-0.5,18.5,0.0,,,14.9,1.0,30.0,49.0,104.8,-133.5018,68.7463,TRAIL VALLEY,220N005,2022-09-27,,,,,,,,,,7.0,,,86.2,3.21654520302193,-0.8253468696885955
2022-09-28,18.689320000000002,-133.532794,68.317527,INUVIK CLIMATE,2202578,2022-09-28,,0.3,-6.4,-3.1,21.1,0.0,,,1.8,12.0,,,104.8,-133.5018,68.7463,TRAIL VALLEY,220N005,2022-09-28,,0.3,-5.5,-2.6,20.6,0.0,,,1.8,16.0,32.0,33.0,86.2,19.56243484573546,-0.8731148457354578
2022-09-29,16.637635000000003,-133.532794,68.317527,INUVIK CLIMATE,2202578,2022-09-29,,5.2,-4.4,0.4,17.6,0.0,,,0.0,11.0,,,104.8,-133.5018,68.7463,TRAIL VALLEY,220N005,2022-09-29,,3.2,-6.0,-1.4,19.4,0.0,,,0.4,16.0,,,86.2,17.48630003252813,-0.8486650325281291
2022-09-30,14.66723,-133.532794,68.317527,INUVIK CLIMATE,2202578,2022-09-30,,2.7,-1.5,0.6,17.4,0.0,,,0.0,9.0,,,104.8,-133.5018,68.7463,TRAIL VALLEY,220N005,2022-09-30,,1.8,-1.9,0.0,18.0,0.0,,,0.0,15.0,20.0,45.0,86.2,15.275399582085651,-0.608169582085651
2022-10-01,13.24737,-133.532794,68.317527,INUVIK CLIMATE,2202578,2022-10-01,,0.1,-3.2,-1.6,19.6,0.0,,,0.3,8.0,35.0,40.0,104.8,-133.5018,68.7463,TRAIL VALLEY,220N005,2022-10-01,,-0.3,-3.0,-1.6,19.6,0.0,,,0.0,14.0,2.0,33.0,86.2,13.780316923352284,-0.5329469233522843
2022-10-02,15.692120000000003,-133.532794,68.317527,INUVIK CLIMATE,2202578,2022-10-02,,-2.1,-5.0,-3.6,21.6,0.0,,,0.7,6.0,,,104.8,-133.5018,68.7463,TRAIL VALLEY,220N005,2022-10-02,,-2.8,-4.7,-3.8,21.8,0.0,,,0.0,17.0,32.0,35.0,86.2,16.07053635512458,-0.37841635512457916
2022-10-03,15.88897,-133.532794,68.317527,INUVIK CLIMATE,2202578,2022-10-03,,-1.4,-4.3,-2.8,20.8,0.0,,,0.0,9.0,,,104.8,-133.5018,68.7463,TRAIL VALLEY,220N005,2022-10-03,,-2.5,-8.1,-5.3,23.3,0.0,,,0.0,16.0,,,86.2,16.196239509355205,-0.3072695093552058
2022-10-04,15.021560000000001,-133.532794,68.317527,INUVIK CLIMATE,2202578,2022-10-04,,2.4,-4.3,-1.0,19.0,0.0,,,0.0,8.0,16.0,33.0,104.8,-133.5018,68.7463,TRAIL VALLEY,220N005,2022-10-04,,1.3,-4.7,-1.7,19.7,0.0,,,0.0,16.0,19.0,61.0,86.2,15.285484655860882,-0.26392465586088143
2022-10-05,12.222480000000001,-133.532794,68.317527,INUVIK CLIMATE,2202578,2022-10-05,,2.6,-1.1,0.7,17.3,0.0,,,1.0,7.0,,,104.8,-133.5018,68.7463,TRAIL VALLEY,220N005,2022-10-05,,,,,,,,,,16.0,,,86.2,12.44837845532314,-0.22589845532313824
2022-10-06,11.118215000000003,-133.532794,68.317527,INUVIK CLIMATE,2202578,2022-10-06,,9.5,-0.5,4.5,13.5,0.0,,,0.0,6.0,23.0,34.0,104.8,-133.5018,68.7463,TRAIL VALLEY,220N005,2022-10-06,,8.4,-1.0,3.7,14.3,0.0,,,0.0,14.0,20.0,57.0,86.2,11.224374489525845,-0.10615948952584198
2022-10-07,,-133.532794,68.317527,INUVIK CLIMATE,2202578,2022-10-07,,12.4,3.7,8.1,9.9,0.0,,,0.2,,26.0,39.0,104.8,-133.5018,68.7463,TRAIL VALLEY,220N005,2022-10-07,,10.9,-2.3,4.3,13.7,0.0,,,0.0,0.0,22.0,56.0,86.2,,
2022-10-08,,-133.532794,68.317527,INUVIK CLIMATE,2202578,2022-10-08,,7.2,-1.5,2.8,15.2,0.0,,,0.4,,,,104.8,-133.5018,68.7463,TRAIL VALLEY,220N005,2022-10-08,,5.6,-3.3,1.2,16.8,0.0,,,0.0,,27.0,39.0,86.2,,
2022-10-09,,-133.532794,68.317527,INUVIK CLIMATE,2202578,2022-10-09,,4.5,0.3,2.4,15.6,0.0,,,1.0,,34.0,34.0,104.8,-133.5018,68.7463,TRAIL VALLEY,220N005,2022-10-09,,4.0,0.5,2.3,15.7,0.0,,,1.7,,32.0,34.0,86.2,,
2022-10-10,1.379220000000001,-133.532794,68.317527,INUVIK CLIMATE,2202578,2022-10-10,,0.4,-3.7,-1.7,19.7,0.0,,,5.6,1.0,34.0,55.0,104.8,-133.5018,68.7463,TRAIL VALLEY,220N005,2022-10-10,,1.1,-6.4,-2.6,20.6,0.0,,,2.6,,33.0,58.0,86.2,1.0882906727136001,0.29092932728640086
2022-10-11,,-133.532794,68.317527,INUVIK CLIMATE,2202578,2022-10-11,,-1.0,-3.9,-2.5,20.5,0.0,,,0.1,1.0,,,104.8,-133.5018,68.7463,TRAIL VALLEY,220N005,2022-10-11,,-0.7,-5.5,-3.1,21.1,0.0,,,0.0,0.0,28.0,31.0,86.2,,
2022-10-12,3.785235000000001,-133.532794,68.317527,INUVIK CLIMATE,2202578,2022-10-12,,-0.2,-7.5,-3.9,21.9,0.0,,,0.0,0.0,,,104.8,-133.5018,68.7463,TRAIL VALLEY,220N005,2022-10-12,,-0.5,-7.1,-3.8,21.8,0.0,,,0.0,0.0,,,86.2,3.6747243821876063,0.11051061781239468
2022-10-13,5.913754999999999,-133.532794,68.317527,INUVIK CLIMATE,2202578,2022-10-13,,-3.3,-8.1,-5.7,23.7,0.0,,,0.0,0.0,,,104.8,-133.5018,68.7463,TRAIL VALLEY,220N005,2022-10-13,,-2.9,-8.1,-5.5,23.5,0.0,,,0.5,0.0,29.0,31.0,86.2,5.77590841749056,0.13784658250943949
2022-10-14,,-133.532794,68.317527,INUVIK CLIMATE,2202578,2022-10-14,,-2.5,-9.3,-5.9,23.9,0.0,,,0.0,,,,104.8,-133.5018,68.7463,TRAIL VALLEY,220N005,2022-10-14,,-3.3,-8.7,-6.0,24.0,0.0,,,0.0,1.0,27.0,34.0,86.2,,
2022-10-15,,-133.532794,68.317527,INUVIK CLIMATE,2202578,2022-10-15,,-4.3,-9.0,-6.6,24.6,0.0,,,0.0,,10.0,31.0,104.8,-133.5018,68.7463,TRAIL VALLEY,220N005,2022-10-15,,-3.5,-9.9,-6.7,24.7,0.0,,,0.0,1.0,,,86.2,,
2022-10-16,,-133.532794,68.317527,INUVIK CLIMATE,2202578,2022-10-16,,-1.2,-7.2,-4.2,22.2,0.0,,,0.6,,9.0,32.0,104.8,-133.5018,68.7463,TRAIL VALLEY,220N005,2022-10-16,,-0.9,-7.0,-3.9,21.9,0.0,,,0.3,2.0,12.0,37.0,86.2,,
2022-10-17,12.971779999999999,-133.532794,68.317527,INUVIK CLIMATE,2202578,2022-10-17,,-0.4,-2.8,-1.6,19.6,0.0,,,0.8,1.0,,,104.8,-133.5018,68.7463,TRAIL VALLEY,220N005,2022-10-17,,-0.6,-5.8,-3.2,21.2,0.0,,,0.2,4.0,,,86.2,12.487997098008577,0.4837829019914208
2022-10-18,14.982824999999998,-133.532794,68.317527,INUVIK CLIMATE,2202578,2022-10-18,,-2.0,-6.4,-4.2,22.2,0.0,,,0.0,1.0,,,104.8,-133.5018,68.7463,TRAIL VALLEY,220N005,2022-10-18,,-0.3,-6.5,-3.4,21.4,0.0,,,0.2,4.0,,,86.2,14.364244331613914,0.6185806683860839
2022-10-19,11.630660000000002,-133.532794,68.317527,INUVIK CLIMATE,2202578,2022-10-19,,-2.6,-5.0,-3.8,21.8,0.0,,,0.0,1.0,,,104.8,-133.5018,68.7463,TRAIL VALLEY,220N005,2022-10-19,,-2.6,-5.2,-3.9,21.9,0.0,,,0.4,4.0,,,86.2,10.96605506322,0.6646049367800009
2022-10-20,6.663055000000001,-133.532794,68.317527,INUVIK CLIMATE,2202578,2022-10-20,,-3.1,-7.8,-5.5,23.5,0.0,,,4.6,5.0,,,104.8,-133.5018,68.7463,TRAIL VALLEY,220N005,2022-10-20,,-2.9,-4.9,-3.9,21.9,0.0,,,2.2,6.0,,,86.2,5.935496325581694,0.7275586744183071
2022-10-21,2.6022300000000005,-133.532794,68.317527,INUVIK CLIMATE,2202578,2022-10-21,,-6.0,-10.3,-8.2,26.2,0.0,,,0.0,8.0,,,104.8,-133.5018,68.7463,TRAIL VALLEY,220N005,2022-10-21,,-4.8,-13.5,-9.2,27.2,0.0,,,0.0,7.0,,,86.2,1.80092421568032,0.8013057843196805
2022-10-22,6.7811650000000006,-133.532794,68.317527,INUVIK CLIMATE,2202578,2022-10-22,,-8.0,-11.5,-9.8,27.8,0.0,,,0.2,7.0,,,104.8,-133.5018,68.7463,TRAIL VALLEY,220N005,2022-10-22,,-5.2,-15.6,-10.4,28.4,0.0,,,0.7,7.0,,,86.2,5.91136085707086,0.8698041429291408
2022-10-23,8.871585,-133.532794,68.317527,INUVIK CLIMATE,2202578,2022-10-23,,-9.3,-13.2,-11.3,29.3,0.0,,,0.0,7.0,,,104.8,-133.5018,68.7463,TRAIL VALLEY,220N005,2022-10-23,,-6.7,-15.6,-11.1,29.1,0.0,,,0.0,7.0,,,86.2,7.955386114542407,0.9161988854575922
2022-10-24,12.261849999999999,-133.532794,68.317527,INUVIK CLIMATE,2202578,2022-10-24,,-8.9,-16.0,-12.5,30.5,0.0,,,0.0,7.0,,,104.8,-133.5018,68.7463,TRAIL VALLEY,220N005,2022-10-24,,-10.9,-19.5,-15.2,33.2,0.0,,,0.5,7.0,,,86.2,11.226437251906834,1.0354127480931652
2022-10-25,12.301855,-133.532794,68.317527,INUVIK CLIMATE,2202578,2022-10-25,,-9.8,-16.1,-13.0,31.0,0.0,,,0.0,7.0,,,104.8,-133.5018,68.7463,TRAIL VALLEY,220N005,2022-10-25,,,,,,,,,,8.0,,,86.2,11.085918770587728,1.2159362294122706
2022-10-26,15.968345,-133.532794,68.317527,INUVIK CLIMATE,2202578,2022-10-26,,-6.8,-10.3,-8.6,26.6,0.0,,,0.0,6.0,8.0,40.0,104.8,-133.5018,68.7463,TRAIL VALLEY,220N005,2022-10-26,,-7.8,-11.5,-9.7,27.7,0.0,,,0.0,9.0,6.0,34.0,86.2,14.561511269060087,1.406833730939911
2022-10-27,16.9545,-133.532794,68.317527,INUVIK CLIMATE,2202578,2022-10-27,,-9.3,-14.6,-12.0,30.0,0.0,,,0.0,9.0,8.0,33.0,104.8,-133.5018,68.7463,TRAIL VALLEY,220N005,2022-10-27,,-8.8,-15.1,-11.9,29.9,0.0,,,0.0,8.0,,,86.2,15.337512500521655,1.616987499478344
2022-10-28,14.58849,-133.532794,68.317527,INUVIK CLIMATE,2202578,2022-10-28,,-9.0,-11.2,-10.1,28.1,0.0,,,0.2,8.0,,,104.8,-133.5018,68.7463,TRAIL VALLEY,220N005,2022-10-28,,-8.2,-11.9,-10.1,28.1,0.0,,,0.0,8.0,,,86.2,12.736425721521652,1.8520642784783492
2022-10-29,6.62305,-133.532794,68.317527,INUVIK CLIMATE,2202578,2022-10-29,,-9.1,-12.1,-10.6,28.6,0.0,,,0.1,9.0,6.0,34.0,104.8,-133.5018,68.7463,TRAIL VALLEY,220N005,2022-10-29,,-9.0,-14.9,-11.9,29.9,0.0,,,0.2,10.0,,,86.2,4.55010236391495,2.0729476360850505
2022-10-30,9.02843,-133.532794,68.317527,INUVIK CLIMATE,2202578,2022-10-30,,-9.1,-17.1,-13.1,31.1,0.0,,,0.0,9.0,,,104.8,-133.5018,68.7463,TRAIL VALLEY,220N005,2022-10-30,,-10.5,-18.1,-14.3,32.3,0.0,,,0.2,9.0,,,86.2,6.713384597523148,2.3150454024768523
2022-10-31,13.051154999999998,-133.532794,68.317527,INUVIK CLIMATE,2202578,2022-10-31,,-11.1,-15.2,-13.1,31.1,0.0,,,0.0,9.0,,,104.8,-133.5018,68.7463,TRAIL VALLEY,220N005,2022-10-31,,-10.8,-18.6,-14.7,32.7,0.0,,,0.2,12.0,,,86.2,10.437055055950015,2.614099944049983
2022-11-01,13.08989,-133.532794,68.317527,INUVIK CLIMATE,2202578,2022-11-01,,-13.1,-15.6,-14.3,32.3,0.0,,,0.0,9.0,14.0,32.0,104.8,-133.5018,68.7463,TRAIL VALLEY,220N005,2022-11-01,,-12.8,-15.4,-14.1,32.1,0.0,,,0.0,10.0,16.0,36.0,86.2,10.194637657791187,2.8952523422088126
2022-11-02,12.144375,-133.532794,68.317527,INUVIK CLIMATE,2202578,2022-11-02,,-13.7,-16.7,-15.2,33.2,0.0,,,0.1,9.0,15.0,36.0,104.8,-133.5018,68.7463,TRAIL VALLEY,220N005,2022-11-02,,-13.8,-17.9,-15.8,33.8,0.0,,,0.0,10.0,14.0,38.0,86.2,8.981523292454682,3.1628517075453177
2022-11-03,10.685144999999999,-133.532794,68.317527,INUVIK CLIMATE,2202578,2022-11-03,,-11.4,-14.2,-12.8,30.8,0.0,,,0.6,9.0,,,104.8,-133.5018,68.7463,TRAIL VALLEY,220N005,2022-11-03,,-10.5,-16.2,-13.3,31.3,0.0,,,0.2,10.0,,,86.2,7.2156055783223,3.469539421677698
2022-11-04,12.919075,-133.532794,68.317527,INUVIK CLIMATE,2202578,2022-11-04,,-10.6,-13.4,-12.0,30.0,0.0,,,0.9,10.0,1.0,37.0,104.8,-133.5018,68.7463,TRAIL VALLEY,220N005,2022-11-04,,-10.0,-13.1,-11.6,29.6,0.0,,,0.3,9.0,3.0,40.0,86.2,9.182615987997934,3.736459012002064
2022-11-05,16.599535,-133.532794,68.317527,INUVIK CLIMATE,2202578,2022-11-05,,-12.4,-15.5,-13.9,31.9,0.0,,,0.0,12.0,29.0,36.0,104.8,-133.5018,68.7463,TRAIL VALLEY,220N005,2022-11-05,,-12.1,-17.5,-14.8,32.8,0.0,,,0.2,11.0,30.0,44.0,86.2,12.621005248194622,3.978529751805377
2022-11-06,16.481424999999998,-133.532794,68.317527,INUVIK CLIMATE,2202578,2022-11-06,,-12.4,-16.8,-14.6,32.6,0.0,,,0.9,14.0,30.0,35.0,104.8,-133.5018,68.7463,TRAIL VALLEY,220N005,2022-11-06,,-11.3,-17.2,-14.3,32.3,0.0,,,0.2,8.0,30.0,42.0,86.2,12.306080511522724,4.175344488477274
2022-11-07,14.707235,-133.532794,68.317527,INUVIK CLIMATE,2202578,2022-11-07,,-13.6,-19.6,-16.6,34.6,0.0,,,0.0,13.0,,,104.8,-133.5018,68.7463,TRAIL VALLEY,220N005,2022-11-07,,-13.2,-19.5,-16.4,34.4,0.0,,,0.0,8.0,21.0,42.0,86.2,10.361368507532731,4.34586649246727
2022-11-08,16.52016,-133.532794,68.317527,INUVIK CLIMATE,2202578,2022-11-08,,-4.1,-13.8,-8.9,26.9,0.0,,,0.0,13.0,17.0,38.0,104.8,-133.5018,68.7463,TRAIL VALLEY,220N005,2022-11-08,,-2.8,-18.0,-10.4,28.4,0.0,,,0.0,8.0,18.0,43.0,86.2,12.020231862660626,4.499928137339373
2022-11-09,15.889605,-133.532794,68.317527,INUVIK CLIMATE,2202578,2022-11-09,,-3.9,-8.7,-6.3,24.3,0.0,,,0.0,12.0,16.0,35.0,104.8,-133.5018,68.7463,TRAIL VALLEY,220N005,2022-11-09,,-2.4,-13.2,-7.8,25.8,0.0,,,0.0,8.0,18.0,42.0,86.2,11.242366695095999,4.647238304904
2022-11-10,17.584419999999998,-133.532794,68.317527,INUVIK CLIMATE,2202578,2022-11-10,,-4.7,-10.5,-7.6,25.6,0.0,,,0.2,12.0,19.0,31.0,104.8,-133.5018,68.7463,TRAIL VALLEY,220N005,2022-11-10,,-4.4,-9.7,-7.0,25.0,0.0,,,0.4,8.0,19.0,44.0,86.2,12.833024675781882,4.751395324218115
2022-11-11,12.30122,-133.532794,68.317527,INUVIK CLIMATE,2202578,2022-11-11,,-6.8,-10.9,-8.9,26.9,0.0,,,1.2,14.0,,,104.8,-133.5018,68.7463,TRAIL VALLEY,220N005,2022-11-11,,-4.4,-11.8,-8.1,26.1,0.0,,,1.4,9.0,26.0,39.0,86.2,7.454583490075879,4.846636509924122
2022-11-12,16.362679999999997,-133.532794,68.317527,INUVIK CLIMATE,2202578,2022-11-12,,-4.6,-10.3,-7.5,25.5,0.0,,,0.0,13.0,,,104.8,-133.5018,68.7463,TRAIL VALLEY,220N005,2022-11-12,,-4.9,-14.4,-9.6,27.6,0.0,,,0.0,8.0,18.0,40.0,86.2,11.428939420367119,4.93374057963288
2022-11-13,17.3482,-133.532794,68.317527,INUVIK CLIMATE,2202578,2022-11-13,,-8.4,-17.9,-13.2,31.2,0.0,,,0.0,13.0,,,104.8,-133.5018,68.7463,TRAIL VALLEY,220N005,2022-11-13,,-7.0,-16.1,-11.5,29.5,0.0,,,0.4,8.0,,,86.2,12.37932507809203,4.968874921907968
2022-11-14,17.781905,-133.532794,68.317527,INUVIK CLIMATE,2202578,2022-11-14,,-7.1,-13.2,-10.2,28.2,0.0,,,2.4,13.0,32.0,44.0,104.8,-133.5018,68.7463,TRAIL VALLEY,220N005,2022-11-14,,-7.0,-15.1,-11.0,29.0,0.0,,,2.8,9.0,33.0,47.0,86.2,12.74370823069188,5.038196769308119
2022-11-15,26.496010000000002,-133.532794,68.317527,INUVIK CLIMATE,2202578,2022-11-15,,-12.5,-17.2,-14.9,32.9,0.0,,,0.1,16.0,32.0,31.0,104.8,-133.5018,68.7463,TRAIL VALLEY,220N005,2022-11-15,,-12.8,-19.6,-16.2,34.2,0.0,,,0.7,16.0,20.0,36.0,86.2,21.412729537723152,5.08328046227685
2022-11-16,23.065105,-133.532794,68.317527,INUVIK CLIMATE,2202578,2022-11-16,,-3.8,-13.2,-8.5,26.5,0.0,,,0.0,16.0,,,104.8,-133.5018,68.7463,TRAIL VALLEY,220N005,2022-11-16,,-4.6,-13.7,-9.2,27.2,0.0,,,0.0,16.0,20.0,48.0,86.2,17.960228755373816,5.104876244626183
2022-11-17,21.843365,-133.532794,68.317527,INUVIK CLIMATE,2202578,2022-11-17,,-2.3,-8.9,-5.6,23.6,0.0,,,0.0,16.0,,,104.8,-133.5018,68.7463,TRAIL VALLEY,220N005,2022-11-17,,0.4,-6.5,-3.1,21.1,0.0,,,0.0,10.0,28.0,50.0,86.2,16.71501635929336,5.128348640706637
2022-11-18,20.936585,-133.532794,68.317527,INUVIK CLIMATE,2202578,2022-11-18,,0.2,-6.7,-3.2,21.2,0.0,,,0.0,15.0,,,104.8,-133.5018,68.7463,TRAIL VALLEY,220N005,2022-11-18,,,,,,,,,,10.0,,,86.2,15.823619973283233,5.112965026716768
2022-11-19,20.266025,-133.532794,68.317527,INUVIK CLIMATE,2202578,2022-11-19,,0.3,-4.9,-2.3,20.3,0.0,,,3.4,15.0,,,104.8,-133.5018,68.7463,TRAIL VALLEY,220N005,2022-11-19,,0.7,-5.6,-2.5,20.5,0.0,,,1.8,9.0,31.0,39.0,86.2,15.193213981236447,5.072811018763551
2022-11-20,22.71014,-133.532794,68.317527,INUVIK CLIMATE,2202578,2022-11-20,,-4.6,-6.4,-5.5,23.5,0.0,,,0.3,19.0,,,104.8,-133.5018,68.7463,TRAIL VALLEY,220N005,2022-11-20,,-4.9,-7.3,-6.1,24.1,0.0,,,0.2,9.0,,,86.2,17.626890230259253,5.083249769740746
2022-11-21,25.469849999999997,-133.532794,68.317527,INUVIK CLIMATE,2202578,2022-11-21,,-6.2,-10.2,-8.2,26.2,0.0,,,0.0,19.0,,,104.8,-133.5018,68.7463,TRAIL VALLEY,220N005,2022-11-21,,-6.6,-11.5,-9.0,27.0,0.0,,,0.0,10.0,,,86.2,20.373856287736707,5.095993712263291
2022-11-22,27.284045,-133.532794,68.317527,INUVIK CLIMATE,2202578,2022-11-22,,-7.6,-9.1,-8.3,26.3,0.0,,,3.0,18.0,,,104.8,-133.5018,68.7463,TRAIL VALLEY,220N005,2022-11-22,,,,,,,,,,10.0,,,86.2,22.182938401101453,5.101106598898548
2022-11-23,25.864819999999998,-133.532794,68.317527,INUVIK CLIMATE,2202578,2022-11-23,,-8.8,-17.2,-13.0,31.0,0.0,,,1.6,23.0,,,104.8,-133.5018,68.7463,TRAIL VALLEY,220N005,2022-11-23,,,,,,,,,,,,,86.2,20.7496417579379,5.115178242062095
2022-11-24,22.671405,-133.532794,68.317527,INUVIK CLIMATE,2202578,2022-11-24,,-13.1,-17.9,-15.5,33.5,0.0,,,0.0,23.0,,,104.8,-133.5018,68.7463,TRAIL VALLEY,220N005,2022-11-24,,,,,,,,,,10.0,,,86.2,17.58346940887958,5.087935591120419
2022-11-25,25.313005,-133.532794,68.317527,INUVIK CLIMATE,2202578,2022-11-25,,-12.3,-14.3,-13.3,31.3,0.0,,,0.2,22.0,,,104.8,-133.5018,68.7463,TRAIL VALLEY,220N005,2022-11-25,,-11.9,-17.3,-14.6,32.6,0.0,,,0.4,10.0,,,86.2,20.218705091275222,5.0942999087247784
2022-11-26,26.45664,-133.532794,68.317527,INUVIK CLIMATE,2202578,2022-11-26,,-12.2,-20.1,-16.2,34.2,0.0,,,1.7,23.0,,,104.8,-133.5018,68.7463,TRAIL VALLEY,220N005,2022-11-26,,,,,,,,,,11.0,,,86.2,21.340149219568755,5.1164907804312465
2022-11-27,29.374465000000004,-133.532794,68.317527,INUVIK CLIMATE,2202578,2022-11-27,,-20.0,-30.0,-25.0,43.0,0.0,,,0.3,25.0,,,104.8,-133.5018,68.7463,TRAIL VALLEY,220N005,2022-11-27,,,,,,,,,,18.0,,,86.2,24.270458565507706,5.104006434492297
2022-11-28,28.664535000000004,-133.532794,68.317527,INUVIK CLIMATE,2202578,2022-11-28,,-25.0,-29.9,-27.4,45.4,0.0,,,0.0,25.0,,,104.8,-133.5018,68.7463,TRAIL VALLEY,220N005,2022-11-28,,,,,,,,,,16.0,,,86.2,23.608711282852568,5.055823717147437
2022-11-29,27.955875,-133.532794,68.317527,INUVIK CLIMATE,2202578,2022-11-29,,-22.8,-30.8,-26.8,44.8,0.0,,,0.0,24.0,,,104.8,-133.5018,68.7463,TRAIL VALLEY,220N005,2022-11-29,,,,,,,,,,,,,86.2,22.903088003348813,5.052786996651188
2022-11-30,,-133.532794,68.317527,INUVIK CLIMATE,2202578,2022-11-30,,-14.9,-22.9,-18.9,36.9,0.0,,,0.3,24.0,,,104.8,-133.5018,68.7463,TRAIL VALLEY,220N005,2022-11-30,,,,,,,,,,,,,86.2,,
2022-12-01,29.848175,-133.532794,68.317527,INUVIK CLIMATE,2202578,2022-12-01,,-14.9,-20.7,-17.8,35.8,0.0,,,0.5,25.0,,,104.8,-133.5018,68.7463,TRAIL VALLEY,220N005,2022-12-01,,-14.3,-21.2,-17.7,35.7,0.0,,,0.2,16.0,,,86.2,24.74055168750717,5.107623312492828
2022-12-02,31.227394999999998,-133.532794,68.317527,INUVIK CLIMATE,2202578,2022-12-02,,-3.4,-16.0,-9.7,27.7,0.0,,,2.8,25.0,,,104.8,-133.5018,68.7463,TRAIL VALLEY,220N005,2022-12-02,,-1.6,-15.2,-8.4,26.4,0.0,,,2.3,15.0,,,86.2,26.11110271807512,5.116292281924877
2022-12-03,35.091370000000005,-133.532794,68.317527,INUVIK CLIMATE,2202578,2022-12-03,,1.4,-16.4,-7.5,25.5,0.0,,,0.8,29.0,32.0,96.0,104.8,-133.5018,68.7463,TRAIL VALLEY,220N005,2022-12-03,,0.6,-16.9,-8.2,26.2,0.0,,,1.9,28.0,,,86.2,30.009508594150162,5.081861405849842
2022-12-04,27.757755,-133.532794,68.317527,INUVIK CLIMATE,2202578,2022-12-04,,-16.3,-24.2,-20.2,38.2,0.0,,,0.0,16.0,11.0,33.0,104.8,-133.5018,68.7463,TRAIL VALLEY,220N005,2022-12-04,,-16.9,-27.7,-22.3,40.3,0.0,,,0.0,18.0,,,86.2,22.64582776282234,5.111927237177659
2022-12-05,28.428315,-133.532794,68.317527,INUVIK CLIMATE,2202578,2022-12-05,,-22.4,-24.8,-23.6,41.6,0.0,,,0.0,16.0,18.0,38.0,104.8,-133.5018,68.7463,TRAIL VALLEY,220N005,2022-12-05,,-22.7,-26.2,-24.5,42.5,0.0,,,0.0,18.0,,,86.2,23.315899473177588,5.1124155268224145
2022-12-06,28.428315,-133.532794,68.317527,INUVIK CLIMATE,2202578,2022-12-06,,-23.5,-26.6,-25.0,43.0,0.0,,,0.0,16.0,,,104.8,-133.5018,68.7463,TRAIL VALLEY,220N005,2022-12-06,,-23.8,-29.4,-26.6,44.6,0.0,,,0.0,18.0,14.0,37.0,86.2,23.306772743385817,5.121542256614183
2022-12-07,28.113355000000002,-133.532794,68.317527,INUVIK CLIMATE,2202578,2022-12-07,,-25.8,-30.0,-27.9,45.9,0.0,,,0.0,17.0,,,104.8,-133.5018,68.7463,TRAIL VALLEY,220N005,2022-12-07,,-26.0,-30.3,-28.1,46.1,0.0,,,0.0,18.0,,,86.2,22.999321578613056,5.114033421386947
2022-12-08,28.270835,-133.532794,68.317527,INUVIK CLIMATE,2202578,2022-12-08,,-28.0,-32.2,-30.1,48.1,0.0,,,0.0,17.0,,,104.8,-133.5018,68.7463,TRAIL VALLEY,220N005,2022-12-08,,-27.1,-32.8,-29.9,47.9,0.0,,,0.0,18.0,,,86.2,23.169682492747896,5.101152507252107
2022-12-09,28.467685,-133.532794,68.317527,INUVIK CLIMATE,2202578,2022-12-09,,-23.9,-30.2,-27.1,45.1,0.0,,,0.0,17.0,,,104.8,-133.5018,68.7463,TRAIL VALLEY,220N005,2022-12-09,,-22.5,-33.1,-27.8,45.8,0.0,,,0.0,18.0,20.0,37.0,86.2,23.37933719395449,5.088347806045508
2022-12-10,28.388945000000003,-133.532794,68.317527,INUVIK CLIMATE,2202578,2022-12-10,,-16.8,-24.1,-20.5,38.5,0.0,,,0.0,16.0,,,104.8,-133.5018,68.7463,TRAIL VALLEY,220N005,2022-12-10,,-17.9,-23.6,-20.8,38.8,0.0,,,0.0,18.0,21.0,40.0,86.2,23.26894429640581,5.120000703594193
2022-12-11,28.03398,-133.532794,68.317527,INUVIK CLIMATE,2202578,2022-12-11,,-20.5,-25.2,-22.8,40.8,0.0,,,0.0,17.0,,,104.8,-133.5018,68.7463,TRAIL VALLEY,220N005,2022-12-11,,-19.7,-27.1,-23.4,41.4,0.0,,,0.0,17.0,,,86.2,22.918588044251415,5.115391955748584
2022-12-12,27.71775,-133.532794,68.317527,INUVIK CLIMATE,2202578,2022-12-12,,-18.2,-24.8,-21.5,39.5,0.0,,,1.8,17.0,13.0,33.0,104.8,-133.5018,68.7463,TRAIL VALLEY,220N005,2022-12-12,,-17.2,-27.3,-22.3,40.3,0.0,,,1.6,17.0,14.0,34.0,86.2,22.60545628322303,5.112293716776967
2022-12-13,28.940125,-133.532794,68.317527,INUVIK CLIMATE,2202578,2022-12-13,,-12.4,-20.1,-16.2,34.2,0.0,,,0.0,18.0,,,104.8,-133.5018,68.7463,TRAIL VALLEY,220N005,2022-12-13,,-10.6,-19.5,-15.0,33.0,0.0,,,0.5,19.0,28.0,63.0,86.2,23.825938988332986,5.114186011667011
2022-12-14,29.926280000000002,-133.532794,68.317527,INUVIK CLIMATE,2202578,2022-12-14,,-13.8,-19.7,-16.7,34.7,0.0,,,0.4,19.0,,,104.8,-133.5018,68.7463,TRAIL VALLEY,220N005,2022-12-14,,,,,,,,,,17.0,,,86.2,24.835765136878397,5.090514863121604
2022-12-15,30.044389999999996,-133.532794,68.317527,INUVIK CLIMATE,2202578,2022-12-15,,-16.6,-22.0,-19.3,37.3,0.0,,,0.0,20.0,,,104.8,-133.5018,68.7463,TRAIL VALLEY,220N005,2022-12-15,,-17.3,-21.0,-19.2,37.2,0.0,,,0.0,18.0,23.0,40.0,86.2,24.908883373999068,5.135506626000927
2022-12-16,29.69006,-133.532794,68.317527,INUVIK CLIMATE,2202578,2022-12-16,,-15.5,-23.5,-19.5,37.5,0.0,,,0.4,19.0,29.0,38.0,104.8,-133.5018,68.7463,TRAIL VALLEY,220N005,2022-12-16,,-14.9,-20.1,-17.5,35.5,0.0,,,0.5,18.0,29.0,55.0,86.2,24.602185357925062,5.087874642074937
2022-12-17,31.701105000000002,-133.532794,68.317527,INUVIK CLIMATE,2202578,2022-12-17,,-18.9,-26.1,-22.5,40.5,0.0,,,0.4,20.0,29.0,34.0,104.8,-133.5018,68.7463,TRAIL VALLEY,220N005,2022-12-17,,,,,,,,,,18.0,,,86.2,26.60598101267031,5.095123987329692
2022-12-18,31.464250000000003,-133.532794,68.317527,INUVIK CLIMATE,2202578,2022-12-18,,-24.5,-28.6,-26.5,44.5,0.0,,,0.0,20.0,,,104.8,-133.5018,68.7463,TRAIL VALLEY,220N005,2022-12-18,,-24.9,-31.4,-28.2,46.2,0.0,,,0.2,18.0,,,86.2,26.384891968567903,5.0793580314321
2022-12-19,31.424879999999998,-133.532794,68.317527,INUVIK CLIMATE,2202578,2022-12-19,,-25.5,-29.9,-27.7,45.7,0.0,,,0.0,20.0,,,104.8,-133.5018,68.7463,TRAIL VALLEY,220N005,2022-12-19,,-25.2,-30.5,-27.9,45.9,0.0,,,0.0,17.0,,,86.2,26.353793574773277,5.0710864252267225
2022-12-20,30.202505,-133.532794,68.317527,INUVIK CLIMATE,2202578,2022-12-20,,-25.2,-30.2,-27.7,45.7,0.0,,,0.0,20.0,,,104.8,-133.5018,68.7463,TRAIL VALLEY,220N005,2022-12-20,,-20.9,-28.0,-24.4,42.4,0.0,,,0.0,18.0,,,86.2,25.135966863349722,5.066538136650275
2022-12-21,30.67558,-133.532794,68.317527,INUVIK CLIMATE,2202578,2022-12-21,,-23.0,-26.3,-24.7,42.7,0.0,,,0.3,20.0,,,104.8,-133.5018,68.7463,TRAIL VALLEY,220N005,2022-12-21,,-21.9,-25.1,-23.5,41.5,0.0,,,0.6,18.0,29.0,36.0,86.2,25.59962506727236,5.07595493272764
2022-12-22,32.56788,-133.532794,68.317527,INUVIK CLIMATE,2202578,2022-12-22,,-19.4,-27.5,-23.4,41.4,0.0,,,2.9,21.0,34.0,33.0,104.8,-133.5018,68.7463,TRAIL VALLEY,220N005,2022-12-22,,-17.9,-28.2,-23.1,41.1,0.0,,,0.9,22.0,35.0,43.0,86.2,27.492795233355814,5.07508476664419
2022-12-23,32.962215,-133.532794,68.317527,INUVIK CLIMATE,2202578,2022-12-23,,-27.5,-36.5,-32.0,50.0,0.0,,,0.0,24.0,,,104.8,-133.5018,68.7463,TRAIL VALLEY,220N005,2022-12-23,,-28.2,-39.6,-33.9,51.9,0.0,,,0.2,18.0,33.0,35.0,86.2,27.82779136627374,5.134423633726261
2022-12-24,32.449135000000005,-133.532794,68.317527,INUVIK CLIMATE,2202578,2022-12-24,,-32.7,-37.0,-34.8,52.8,0.0,,,0.0,24.0,,,104.8,-133.5018,68.7463,TRAIL VALLEY,220N005,2022-12-24,,-36.1,-41.9,-39.0,57.0,0.0,,,0.2,17.0,,,86.2,,
2022-12-25,32.291655000000006,-133.532794,68.317527,INUVIK CLIMATE,2202578,2022-12-25,,-34.2,-38.0,-36.1,54.1,0.0,,,0.0,24.0,,,104.8,-133.5018,68.7463,TRAIL VALLEY,220N005,2022-12-25,,-35.7,-41.1,-38.4,56.4,0.0,,,0.0,17.0,,,86.2,,
2022-12-26,32.212915,-133.532794,68.317527,INUVIK CLIMATE,2202578,2022-12-26,,-26.1,-35.5,-30.8,48.8,0.0,,,1.6,24.0,,,104.8,-133.5018,68.7463,TRAIL VALLEY,220N005,2022-12-26,,-26.5,-41.9,-34.2,52.2,0.0,,,0.0,17.0,,,86.2,27.205395656088125,5.007519343911878
2022-12-27,32.173545000000004,-133.532794,68.317527,INUVIK CLIMATE,2202578,2022-12-27,,-25.5,-32.7,-29.1,47.1,0.0,,,1.0,25.0,,,104.8,-133.5018,68.7463,TRAIL VALLEY,220N005,2022-12-27,,-26.5,-34.0,-30.2,48.2,0.0,,,0.4,18.0,,,86.2,27.081946258998318,5.091598741001687
2022-12-28,31.621730000000003,-133.532794,68.317527,INUVIK CLIMATE,2202578,2022-12-28,,-22.7,-32.6,-27.6,45.6,0.0,,,0.9,26.0,,,104.8,-133.5018,68.7463,TRAIL VALLEY,220N005,2022-12-28,,-22.1,-34.5,-28.3,46.3,0.0,,,0.9,18.0,,,86.2,26.541944537339536,5.0797854626604675
2022-12-29,35.288855000000005,-133.532794,68.317527,INUVIK CLIMATE,2202578,2022-12-29,,-21.2,-23.5,-22.4,40.4,0.0,,,0.1,28.0,,,104.8,-133.5018,68.7463,TRAIL VALLEY,220N005,2022-12-29,,,,,,,,,,21.0,,,86.2,30.18614589235922,5.102709107640783
2022-12-30,34.538920000000005,-133.532794,68.317527,INUVIK CLIMATE,2202578,2022-12-30,,-16.7,-22.3,-19.5,37.5,0.0,,,0.3,28.0,,,104.8,-133.5018,68.7463,TRAIL VALLEY,220N005,2022-12-30,,,,,,,,,,21.0,,,86.2,29.42703849573692,5.111881504263085
2022-12-31,32.450405,-133.532794,68.317527,INUVIK CLIMATE,2202578,2022-12-31,,-16.5,-21.4,-18.9,36.9,0.0,,,0.0,28.0,,,104.8,-133.5018,68.7463,TRAIL VALLEY,220N005,2022-12-31,,-18.0,-24.9,-21.5,39.5,0.0,,,0.0,21.0,,,86.2,27.33893544613915,5.1114695538608546
2023-01-01,30.991175000000002,-133.532794,68.317527,INUVIK CLIMATE,2202578,2023-01-01,,-15.9,-20.1,-18.0,36.0,0.0,,,0.0,27.0,,,104.8,-133.5018,68.7463,TRAIL VALLEY,220N005,2023-01-01,,-16.3,-23.7,-20.0,38.0,0.0,,,0.2,21.0,,,86.2,25.871082829870552,5.120092170129448
2023-01-02,35.525075,-133.532794,68.317527,INUVIK CLIMATE,2202578,2023-01-02,,-14.9,-18.3,-16.6,34.6,0.0,,,2.1,26.0,,,104.8,-133.5018,68.7463,TRAIL VALLEY,220N005,2023-01-02,,-15.0,-21.6,-18.3,36.3,0.0,,,0.7,21.0,11.0,38.0,86.2,30.410537637032753,5.114537362967247
2023-01-03,41.87317,-133.532794,68.317527,INUVIK CLIMATE,2202578,2023-01-03,,-14.7,-15.8,-15.2,33.2,0.0,,,0.1,30.0,,,104.8,-133.5018,68.7463,TRAIL VALLEY,220N005,2023-01-03,,-14.8,-16.3,-15.5,33.5,0.0,,,0.2,33.0,14.0,33.0,86.2,36.749872652350845,5.123297347649157
2023-01-04,38.166675000000005,-133.532794,68.317527,INUVIK CLIMATE,2202578,2023-01-04,,-14.3,-18.2,-16.3,34.3,0.0,,,0.2,29.0,,,104.8,-133.5018,68.7463,TRAIL VALLEY,220N005,2023-01-04,,,,,,,,,,33.0,,,86.2,33.03666203775617,5.130012962243828
2023-01-05,39.664640000000006,-133.532794,68.317527,INUVIK CLIMATE,2202578,2023-01-05,,-15.2,-16.7,-16.0,34.0,0.0,,,0.0,29.0,,,104.8,-133.5018,68.7463,TRAIL VALLEY,220N005,2023-01-05,,-15.9,-25.6,-20.8,38.8,0.0,,,0.0,32.0,,,86.2,34.53143778252587,5.133202217474139
2023-01-06,38.245415,-133.532794,68.317527,INUVIK CLIMATE,2202578,2023-01-06,,-15.6,-19.3,-17.4,35.4,0.0,,,0.0,27.0,,,104.8,-133.5018,68.7463,TRAIL VALLEY,220N005,2023-01-06,,-19.2,-26.9,-23.1,41.1,0.0,,,0.2,31.0,,,86.2,33.1156008853046,5.129814114695399
2023-01-07,37.6936,-133.532794,68.317527,INUVIK CLIMATE,2202578,2023-01-07,,-17.2,-21.8,-19.5,37.5,0.0,,,1.6,28.0,,,104.8,-133.5018,68.7463,TRAIL VALLEY,220N005,2023-01-07,,-17.2,-25.3,-21.3,39.3,0.0,,,1.5,29.0,,,86.2,32.57155389022473,5.122046109775275
2023-01-08,42.386250000000004,-133.532794,68.317527,INUVIK CLIMATE,2202578,2023-01-08,,-17.6,-23.1,-20.3,38.3,0.0,,,1.5,31.0,,,104.8,-133.5018,68.7463,TRAIL VALLEY,220N005,2023-01-08,,-18.0,-26.1,-22.0,40.0,0.0,,,1.5,34.0,,,86.2,37.27722215534031,5.109027844659696
2023-01-09,45.881501666666665,-133.532794,68.317527,INUVIK CLIMATE,2202578,2023-01-09,,-16.9,-20.0,-18.4,36.4,0.0,,,0.7,35.0,,,104.8,-133.5018,68.7463,TRAIL VALLEY,220N005,2023-01-09,,,,,,,,,,39.0,,,86.2,40.75968448565065,5.1218171810160165
2023-01-10,46.28896,-133.532794,68.317527,INUVIK CLIMATE,2202578,2023-01-10,,-16.5,-28.1,-22.3,40.3,0.0,,,0.0,34.0,32.0,34.0,104.8,-133.5018,68.7463,TRAIL VALLEY,220N005,2023-01-10,,,,,,,,,,33.0,,,86.2,41.22034608772839,5.068613912271616
2023-01-11,47.70818500000001,-133.532794,68.317527,INUVIK CLIMATE,2202578,2023-01-11,,-23.0,-28.5,-25.7,43.7,0.0,,,0.0,34.0,,,104.8,-133.5018,68.7463,TRAIL VALLEY,220N005,2023-01-11,,-27.3,-29.6,-28.5,46.5,0.0,,,0.0,33.0,,,86.2,42.651353473746674,5.0568315262533305
2023-01-12,47.038895000000004,-133.532794,68.317527,INUVIK CLIMATE,2202578,2023-01-12,,-21.9,-25.6,-23.7,41.7,0.0,,,0.0,33.0,,,104.8,-133.5018,68.7463,TRAIL VALLEY,220N005,2023-01-12,,-27.8,-35.1,-31.4,49.4,0.0,,,0.0,32.0,,,86.2,41.94393899372757,5.094956006272432
2023-01-13,46.012735,-133.532794,68.317527,INUVIK CLIMATE,2202578,2023-01-13,,-21.7,-26.2,-23.9,41.9,0.0,,,0.0,33.0,,,104.8,-133.5018,68.7463,TRAIL VALLEY,220N005,2023-01-13,,-22.7,-31.2,-26.9,44.9,0.0,,,0.0,32.0,,,86.2,40.91861855038574,5.094116449614259
2023-01-14,44.909105000000004,-133.532794,68.317527,INUVIK CLIMATE,2202578,2023-01-14,,-22.6,-29.3,-26.0,44.0,0.0,,,0.0,32.0,,,104.8,-133.5018,68.7463,TRAIL VALLEY,220N005,2023-01-14,,,,,,,,,,32.0,,,86.2,39.80636528676304,5.102739713236966
2023-01-15,43.213655,-133.532794,68.317527,INUVIK CLIMATE,2202578,2023-01-15,,-26.3,-29.7,-28.0,46.0,0.0,,,0.0,32.0,,,104.8,-133.5018,68.7463,TRAIL VALLEY,220N005,2023-01-15,,-25.8,-31.9,-28.8,46.8,0.0,,,,,,,86.2,38.13035949652486,5.0832955034751395
2023-01-16,41.833800000000004,-133.532794,68.317527,INUVIK CLIMATE,2202578,2023-01-16,,-21.0,-26.4,-23.7,41.7,0.0,,,0.9,31.0,,,104.8,-133.5018,68.7463,TRAIL VALLEY,220N005,2023-01-16,,-21.7,-27.5,-24.6,42.6,0.0,,,0.9,32.0,,,86.2,36.73516589682049,5.098634103179513
2023-01-17,42.228135,-133.532794,68.317527,INUVIK CLIMATE,2202578,2023-01-17,,-17.7,-25.2,-21.4,39.4,0.0,,,0.0,31.0,,,104.8,-133.5018,68.7463,TRAIL VALLEY,220N005,2023-01-17,,,,,,,,,,,,,86.2,37.12025206501409,5.107882934985909
2023-01-18,39.546530000000004,-133.532794,68.317527,INUVIK CLIMATE,2202578,2023-01-18,,-16.6,-21.0,-18.8,36.8,0.0,,,0.9,32.0,,,104.8,-133.5018,68.7463,TRAIL VALLEY,220N005,2023-01-18,,,,,,,,,,32.0,,,86.2,34.42758221185224,5.118947788147768
2023-01-19,47.8663,-133.532794,68.317527,INUVIK CLIMATE,2202578,2023-01-19,,-20.0,-23.5,-21.7,39.7,0.0,,,0.0,35.0,,,104.8,-133.5018,68.7463,TRAIL VALLEY,220N005,2023-01-19,,,,,,,,,,35.0,,,86.2,42.82086936641171,5.045430633588288
2023-01-20,46.328965000000004,-133.532794,68.317527,INUVIK CLIMATE,2202578,2023-01-20,,-19.6,-23.2,-21.4,39.4,0.0,,,0.0,34.0,,,104.8,-133.5018,68.7463,TRAIL VALLEY,220N005,2023-01-20,,,,,,,,,,32.0,,,86.2,41.29145537995089,5.037509620049111
2023-01-21,44.43603,-133.532794,68.317527,INUVIK CLIMATE,2202578,2023-01-21,,-16.8,-21.7,-19.3,37.3,0.0,,,0.0,33.0,,,104.8,-133.5018,68.7463,TRAIL VALLEY,220N005,2023-01-21,,-17.1,-22.7,-19.9,37.9,0.0,,,0.0,32.0,,,86.2,39.325674487214364,5.110355512785637
2023-01-22,44.869099999999996,-133.532794,68.317527,INUVIK CLIMATE,2202578,2023-01-22,,-16.5,-21.5,-19.0,37.0,0.0,,,5.7,33.0,,,104.8,-133.5018,68.7463,TRAIL VALLEY,220N005,2023-01-22,,,,,,,,,,32.0,,,86.2,39.823623544972264,5.045476455027731
2023-01-23,49.087828333333334,-133.532794,68.317527,INUVIK CLIMATE,2202578,2023-01-23,,-21.1,-23.2,-22.1,40.1,0.0,,,0.6,36.0,,,104.8,-133.5018,68.7463,TRAIL VALLEY,220N005,2023-01-23,,,,,,,,,,31.0,,,86.2,44.0638261462715,5.024002187061831
2023-01-24,46.88056833333333,-133.532794,68.317527,INUVIK CLIMATE,2202578,2023-01-24,,-19.7,-22.9,-21.3,39.3,0.0,,,6.0,37.0,,,104.8,-133.5018,68.7463,TRAIL VALLEY,220N005,2023-01-24,,,,,,,,,,30.0,,,86.2,41.86877556722028,5.01179276611305
2023-01-25,52.953285,-133.532794,68.317527,INUVIK CLIMATE,2202578,2023-01-25,,-21.0,-23.8,-22.4,40.4,0.0,,,0.4,42.0,,,104.8,-133.5018,68.7463,TRAIL VALLEY,220N005,2023-01-25,,,,,,,,,,38.0,,,86.2,47.936547231499674,5.0167377685003265
2023-01-26,52.63769,-133.532794,68.317527,INUVIK CLIMATE,2202578,2023-01-26,,-23.7,-29.5,-26.6,44.6,0.0,,,0.5,41.0,,,104.8,-133.5018,68.7463,TRAIL VALLEY,220N005,2023-01-26,,,,,,,,,,38.0,,,86.2,47.633574245615556,5.004115754384444
2023-01-27,51.533425,-133.532794,68.317527,INUVIK CLIMATE,2202578,2023-01-27,,-28.0,-33.4,-30.7,48.7,0.0,,,0.0,42.0,,,104.8,-133.5018,68.7463,TRAIL VALLEY,220N005,2023-01-27,,,,,,,,,,37.0,,,86.2,46.58478813121652,4.9486368687834785
2023-01-28,51.612165000000005,-133.532794,68.317527,INUVIK CLIMATE,2202578,2023-01-28,,-17.3,-30.7,-24.0,42.0,0.0,,,1.5,41.0,,,104.8,-133.5018,68.7463,TRAIL VALLEY,220N005,2023-01-28,,,,,,,,,,36.0,,,86.2,46.64196175499959,4.970203245000414
2023-01-29,52.440205000000006,-133.532794,68.317527,INUVIK CLIMATE,2202578,2023-01-29,,-10.9,-24.7,-17.8,35.8,0.0,,,0.1,42.0,,,104.8,-133.5018,68.7463,TRAIL VALLEY,220N005,2023-01-29,,,,,,,,,,30.0,,,86.2,47.36824893247442,5.071956067525585
2023-01-30,53.899435000000004,-133.532794,68.317527,INUVIK CLIMATE,2202578,2023-01-30,,-24.7,-33.4,-29.1,47.1,0.0,,,0.0,43.0,,,104.8,-133.5018,68.7463,TRAIL VALLEY,220N005,2023-01-30,,-26.6,-34.4,-30.5,48.5,0.0,,,0.0,30.0,,,86.2,48.840253028765716,5.05918197123429
2023-01-31,53.386355,-133.532794,68.317527,INUVIK CLIMATE,2202578,2023-01-31,,-27.6,-33.3,-30.5,48.5,0.0,,,0.0,43.0,,,104.8,-133.5018,68.7463,TRAIL VALLEY,220N005,2023-01-31,,-27.8,-35.2,-31.5,49.5,0.0,,,0.0,29.0,,,86.2,48.382605384239284,5.00374961576072
2023-02-01,53.110765,-133.532794,68.317527,INUVIK CLIMATE,2202578,2023-02-01,,-28.7,-32.3,-30.5,48.5,0.0,,,0.0,43.0,,,104.8,-133.5018,68.7463,TRAIL VALLEY,220N005,2023-02-01,,-28.3,-35.5,-31.9,49.9,0.0,,,0.0,27.0,,,86.2,48.106129900672265,5.004635099327735
2023-02-02,51.454685000000005,-133.532794,68.317527,INUVIK CLIMATE,2202578,2023-02-02,,-30.9,-35.1,-33.0,51.0,0.0,,,0.0,42.0,,,104.8,-133.5018,68.7463,TRAIL VALLEY,220N005,2023-02-02,,,,,,,,,,29.0,,,86.2,46.45716263165177,4.997522368348237
2023-02-03,,-133.532794,68.317527,INUVIK CLIMATE,2202578,2023-02-03,,-32.6,-36.4,-34.5,52.5,0.0,,,0.0,42.0,,,104.8,-133.5018,68.7463,TRAIL VALLEY,220N005,2023-02-03,,-33.2,-40.6,-36.9,54.9,0.0,,,0.0,29.0,,,86.2,,
2023-02-04,,-133.532794,68.317527,INUVIK CLIMATE,2202578,2023-02-04,,-30.5,-35.9,-33.2,51.2,0.0,,,0.0,42.0,,,104.8,-133.5018,68.7463,TRAIL VALLEY,220N005,2023-02-04,,-32.6,-40.6,-36.6,54.6,0.0,,,0.0,27.0,,,86.2,,
2023-02-05,,-133.532794,68.317527,INUVIK CLIMATE,2202578,2023-02-05,,-32.5,-38.4,-35.5,53.5,0.0,,,0.0,42.0,,,104.8,-133.5018,68.7463,TRAIL VALLEY,220N005,2023-02-05,,-33.0,-41.3,-37.1,55.1,0.0,,,0.2,28.0,,,86.2,,
2023-02-06,51.295935,-133.532794,68.317527,INUVIK CLIMATE,2202578,2023-02-06,,-31.8,-38.8,-35.3,53.3,0.0,,,0.0,42.0,,,104.8,-133.5018,68.7463,TRAIL VALLEY,220N005,2023-02-06,,-35.9,-41.3,-38.6,56.6,0.0,,,0.0,27.0,,,86.2,46.35308287902241,4.942852120977588
2023-02-07,49.246155,-133.532794,68.317527,INUVIK CLIMATE,2202578,2023-02-07,,-29.1,-37.0,-33.1,51.1,0.0,,,0.6,41.0,,,104.8,-133.5018,68.7463,TRAIL VALLEY,220N005,2023-02-07,,-30.1,-38.4,-34.3,52.3,0.0,,,,28.0,,,86.2,44.25704234223425,4.989112657765753
2023-02-08,50.193575,-133.532794,68.317527,INUVIK CLIMATE,2202578,2023-02-08,,-26.9,-30.9,-28.9,46.9,0.0,,,0.0,42.0,,,104.8,-133.5018,68.7463,TRAIL VALLEY,220N005,2023-02-08,,,,,,,,,,29.0,,,86.2,45.145717574185916,5.047857425814084
2023-02-09,49.679860000000005,-133.532794,68.317527,INUVIK CLIMATE,2202578,2023-02-09,,-22.6,-31.1,-26.8,44.8,0.0,,,0.0,42.0,,,104.8,-133.5018,68.7463,TRAIL VALLEY,220N005,2023-02-09,,-23.1,-28.3,-25.7,43.7,0.0,,,,29.0,,,86.2,44.6177783385952,5.062081661404807
2023-02-10,52.163345,-133.532794,68.317527,INUVIK CLIMATE,2202578,2023-02-10,,-22.1,-27.8,-25.0,43.0,0.0,,,5.1,41.0,,,104.8,-133.5018,68.7463,TRAIL VALLEY,220N005,2023-02-10,,-23.1,-28.4,-25.7,43.7,0.0,,,0.7,29.0,,,86.2,47.09219780026061,5.071147199739395
2023-02-11,55.516145,-133.532794,68.317527,INUVIK CLIMATE,2202578,2023-02-11,,-27.3,-31.9,-29.6,47.6,0.0,,,0.0,44.0,,,104.8,-133.5018,68.7463,TRAIL VALLEY,220N005,2023-02-11,,-25.5,-33.9,-29.7,47.7,0.0,,,0.2,33.0,,,86.2,50.4611601477889,5.054984852211098
2023-02-12,54.924325,-133.532794,68.317527,INUVIK CLIMATE,2202578,2023-02-12,,-28.7,-33.5,-31.1,49.1,0.0,,,0.0,43.0,,,104.8,-133.5018,68.7463,TRAIL VALLEY,220N005,2023-02-12,,-28.9,-36.6,-32.7,50.7,0.0,,,0.0,33.0,,,86.2,49.92950376438277,4.994821235617227
2023-02-13,55.63362,-133.532794,68.317527,INUVIK CLIMATE,2202578,2023-02-13,,-30.2,-38.5,-34.4,52.4,0.0,,,0.0,43.0,,,104.8,-133.5018,68.7463,TRAIL VALLEY,220N005,2023-02-13,,-28.8,-37.4,-33.1,51.1,0.0,,,1.6,33.0,,,86.2,50.60534414771533,5.028275852284674
2023-02-14,56.382920000000006,-133.532794,68.317527,INUVIK CLIMATE,2202578,2023-02-14,,-24.3,-31.4,-27.9,45.9,0.0,,,0.0,43.0,,,104.8,-133.5018,68.7463,TRAIL VALLEY,220N005,2023-02-14,,-24.5,-33.3,-28.9,46.9,0.0,,,0.0,33.0,,,86.2,51.350202940254334,5.032717059745668
2023-02-15,57.05348,-133.532794,68.317527,INUVIK CLIMATE,2202578,2023-02-15,,-26.5,-30.5,-28.5,46.5,0.0,,,0.0,43.0,,,104.8,-133.5018,68.7463,TRAIL VALLEY,220N005,2023-02-15,,,,,,,,,,32.0,,,86.2,52.054003636464095,4.999476363535902
2023-02-16,55.47614,-133.532794,68.317527,INUVIK CLIMATE,2202578,2023-02-16,,-26.3,-35.2,-30.8,48.8,0.0,,,0.0,43.0,,,104.8,-133.5018,68.7463,TRAIL VALLEY,220N005,2023-02-16,,-22.6,-38.5,-30.5,48.5,0.0,,,0.2,33.0,,,86.2,50.50122092807514,4.974919071924856
2023-02-17,55.949215,-133.532794,68.317527,INUVIK CLIMATE,2202578,2023-02-17,,-26.1,-33.5,-29.8,47.8,0.0,,,0.0,43.0,,,104.8,-133.5018,68.7463,TRAIL VALLEY,220N005,2023-02-17,,-19.9,-36.0,-28.0,46.0,0.0,,,0.0,33.0,,,86.2,50.969488763733594,4.979726236266405
2023-02-18,56.18607000000001,-133.532794,68.317527,INUVIK CLIMATE,2202578,2023-02-18,,-24.2,-31.5,-27.8,45.8,0.0,,,0.0,43.0,,,104.8,-133.5018,68.7463,TRAIL VALLEY,220N005,2023-02-18,,-22.6,-35.0,-28.8,46.8,0.0,,,0.0,33.0,,,86.2,51.154207462317714,5.031862537682295
2023-02-19,54.6481,-133.532794,68.317527,INUVIK CLIMATE,2202578,2023-02-19,,-23.3,-29.7,-26.5,44.5,0.0,,,0.0,43.0,,,104.8,-133.5018,68.7463,TRAIL VALLEY,220N005,2023-02-19,,-21.1,-34.8,-28.0,46.0,0.0,,,0.0,33.0,,,86.2,49.62530334561232,5.02279665438768
2023-02-20,54.97724166666667,-133.532794,68.317527,INUVIK CLIMATE,2202578,2023-02-20,,-21.9,-27.8,-24.8,42.8,0.0,,,0.7,43.0,,,104.8,-133.5018,68.7463,TRAIL VALLEY,220N005,2023-02-20,,-22.8,-32.0,-27.4,45.4,0.0,,,0.0,33.0,,,86.2,49.96192358871913,5.015318077947544
2023-02-21,57.487185000000004,-133.532794,68.317527,INUVIK CLIMATE,2202578,2023-02-21,,-24.3,-29.8,-27.1,45.1,0.0,,,0.0,44.0,,,104.8,-133.5018,68.7463,TRAIL VALLEY,220N005,2023-02-21,,,,,,,,,,33.0,,,86.2,52.445279478820886,5.0419055211791175
2023-02-22,58.354595,-133.532794,68.317527,INUVIK CLIMATE,2202578,2023-02-22,,-20.8,-32.1,-26.5,44.5,0.0,,,0.0,43.0,13.0,32.0,104.8,-133.5018,68.7463,TRAIL VALLEY,220N005,2023-02-22,,,,,,,,,,32.0,,,86.2,53.33024127950401,5.024353720495995
2023-02-23,55.988585,-133.532794,68.317527,INUVIK CLIMATE,2202578,2023-02-23,,-12.9,-23.0,-18.0,36.0,0.0,,,6.2,43.0,14.0,48.0,104.8,-133.5018,68.7463,TRAIL VALLEY,220N005,2023-02-23,,,,,,,,,,35.0,,,86.2,50.94446692653443,5.044118073465566
2023-02-24,55.712995,-133.532794,68.317527,INUVIK CLIMATE,2202578,2023-02-24,,-5.5,-13.8,-9.6,27.6,0.0,,,4.5,46.0,31.0,49.0,104.8,-133.5018,68.7463,TRAIL VALLEY,220N005,2023-02-24,,-5.5,-12.6,-9.0,27.0,0.0,,,0.4,45.0,,,86.2,50.65408778125418,5.058907218745822
2023-02-25,55.31866,-133.532794,68.317527,INUVIK CLIMATE,2202578,2023-02-25,,-8.6,-14.1,-11.4,29.4,0.0,,,1.7,50.0,,,104.8,-133.5018,68.7463,TRAIL VALLEY,220N005,2023-02-25,,-8.6,-15.3,-11.9,29.9,0.0,,,0.3,45.0,,,86.2,50.18510652038297,5.133553479617027
2023-02-26,57.236995,-133.532794,68.317527,INUVIK CLIMATE,2202578,2023-02-26,,-12.7,-22.2,-17.5,35.5,0.0,,,0.2,50.0,35.0,34.0,104.8,-133.5018,68.7463,TRAIL VALLEY,220N005,2023-02-26,,-14.5,-22.4,-18.5,36.5,0.0,,,0.4,45.0,,,86.2,52.08225811536832,5.154736884631678
2023-02-27,56.62041,-133.532794,68.317527,INUVIK CLIMATE,2202578,2023-02-27,,-21.6,-26.7,-24.1,42.1,0.0,,,0.0,49.0,,,104.8,-133.5018,68.7463,TRAIL VALLEY,220N005,2023-02-27,,,,,,,,,,46.0,,,86.2,51.44731317721336,5.173096822786636
2023-02-28,53.505100000000006,-133.532794,68.317527,INUVIK CLIMATE,2202578,2023-02-28,,-22.6,-28.1,-25.3,43.3,0.0,,,0.0,49.0,,,104.8,-133.5018,68.7463,TRAIL VALLEY,220N005,2023-02-28,,-24.5,-30.4,-27.4,45.4,0.0,,,0.0,46.0,19.0,31.0,86.2,48.37174536780205,5.133354632197959
2023-03-01,53.977540000000005,-133.532794,68.317527,INUVIK CLIMATE,2202578,2023-03-01,,-24.6,-28.8,-26.7,44.7,0.0,,,0.0,49.0,,,104.8,-133.5018,68.7463,TRAIL VALLEY,220N005,2023-03-01,,,,,,,,,,46.0,,,86.2,48.84986257929425,5.127677420705751
2023-03-02,55.199915000000004,-133.532794,68.317527,INUVIK CLIMATE,2202578,2023-03-02,,-27.7,-33.5,-30.6,48.6,0.0,,,0.0,47.0,,,104.8,-133.5018,68.7463,TRAIL VALLEY,220N005,2023-03-02,,-30.8,-35.8,-33.3,51.3,0.0,,,0.0,46.0,,,86.2,50.0676742286706,5.132240771329404
2023-03-03,55.63362,-133.532794,68.317527,INUVIK CLIMATE,2202578,2023-03-03,,-25.5,-34.6,-30.0,48.0,0.0,,,0.0,48.0,,,104.8,-133.5018,68.7463,TRAIL VALLEY,220N005,2023-03-03,,-29.5,-37.4,-33.4,51.4,0.0,,,0.2,46.0,,,86.2,50.5388471903523,5.0947728096477
2023-03-04,56.027955000000006,-133.532794,68.317527,INUVIK CLIMATE,2202578,2023-03-04,,-25.5,-35.1,-30.3,48.3,0.0,,,0.0,48.0,,,104.8,-133.5018,68.7463,TRAIL VALLEY,220N005,2023-03-04,,-25.5,-36.6,-31.0,49.0,0.0,,,0.0,46.0,19.0,32.0,86.2,50.94417120407958,5.083783795920429
2023-03-05,54.964330000000004,-133.532794,68.317527,INUVIK CLIMATE,2202578,2023-03-05,,-19.4,-29.9,-24.6,42.6,0.0,,,0.0,47.0,,,104.8,-133.5018,68.7463,TRAIL VALLEY,220N005,2023-03-05,,-24.3,-34.0,-29.1,47.1,0.0,,,0.0,45.0,,,86.2,49.89431215484275,5.07001784515725
2023-03-06,55.003065,-133.532794,68.317527,INUVIK CLIMATE,2202578,2023-03-06,,-18.3,-29.1,-23.7,41.7,0.0,,,0.0,47.0,,,104.8,-133.5018,68.7463,TRAIL VALLEY,220N005,2023-03-06,,,,,,,,,,46.0,,,86.2,49.92538591298966,5.077679087010338
2023-03-07,56.106695,-133.532794,68.317527,INUVIK CLIMATE,2202578,2023-03-07,,-16.3,-27.8,-22.1,40.1,0.0,,,0.0,47.0,15.0,37.0,104.8,-133.5018,68.7463,TRAIL VALLEY,220N005,2023-03-07,,-18.8,-34.1,-26.5,44.5,0.0,,,0.0,46.0,17.0,44.0,86.2,51.010350372809626,5.096344627190376
2023-03-08,55.672990000000006,-133.532794,68.317527,INUVIK CLIMATE,2202578,2023-03-08,,-13.4,-21.4,-17.4,35.4,0.0,,,0.0,46.0,15.0,38.0,104.8,-133.5018,68.7463,TRAIL VALLEY,220N005,2023-03-08,,-15.1,-20.5,-17.8,35.8,0.0,,,0.0,45.0,17.0,63.0,86.2,50.55982638700745,5.11316361299256
2023-03-09,53.465095000000005,-133.532794,68.317527,INUVIK CLIMATE,2202578,2023-03-09,,-12.9,-17.6,-15.3,33.3,0.0,,,0.9,47.0,33.0,62.0,104.8,-133.5018,68.7463,TRAIL VALLEY,220N005,2023-03-09,,-14.0,-18.9,-16.4,34.4,0.0,,,0.6,45.0,33.0,61.0,86.2,48.36171431841913,5.103380681580877
2023-03-10,48.45812,-133.532794,68.317527,INUVIK CLIMATE,2202578,2023-03-10,,-14.2,-18.6,-16.4,34.4,0.0,,,0.0,47.0,31.0,43.0,104.8,-133.5018,68.7463,TRAIL VALLEY,220N005,2023-03-10,,-17.5,-22.4,-20.0,38.0,0.0,,,0.0,45.0,30.0,45.0,86.2,43.40748486403175,5.05063513596825
2023-03-11,48.41875000000001,-133.532794,68.317527,INUVIK CLIMATE,2202578,2023-03-11,,-10.0,-20.0,-15.0,33.0,0.0,,,0.0,46.0,,,104.8,-133.5018,68.7463,TRAIL VALLEY,220N005,2023-03-11,,-10.4,-22.1,-16.3,34.3,0.0,,,0.2,45.0,32.0,33.0,86.2,43.39586170190546,5.022888298094552
2023-03-12,47.906305,-133.532794,68.317527,INUVIK CLIMATE,2202578,2023-03-12,,-14.2,-19.5,-16.9,34.9,0.0,,,0.1,46.0,31.0,39.0,104.8,-133.5018,68.7463,TRAIL VALLEY,220N005,2023-03-12,,-15.2,-19.7,-17.4,35.4,0.0,,,0.2,45.0,32.0,50.0,86.2,42.894588400333106,5.011716599666895
2023-03-13,50.547270000000005,-133.532794,68.317527,INUVIK CLIMATE,2202578,2023-03-13,,-19.5,-24.6,-22.1,40.1,0.0,,,0.5,46.0,33.0,33.0,104.8,-133.5018,68.7463,TRAIL VALLEY,220N005,2023-03-13,,-19.6,-29.3,-24.5,42.5,0.0,,,0.2,45.0,32.0,40.0,86.2,45.51861227118863,5.028657728811371
2023-03-14,50.15357000000001,-133.532794,68.317527,INUVIK CLIMATE,2202578,2023-03-14,,-23.9,-32.5,-28.2,46.2,0.0,,,0.0,46.0,,,104.8,-133.5018,68.7463,TRAIL VALLEY,220N005,2023-03-14,,-26.8,-32.4,-29.6,47.6,0.0,,,,44.0,,,86.2,45.197255842330556,4.956314157669451
2023-03-15,47.314485000000005,-133.532794,68.317527,INUVIK CLIMATE,2202578,2023-03-15,,-25.8,-33.7,-29.7,47.7,0.0,,,0.0,46.0,,,104.8,-133.5018,68.7463,TRAIL VALLEY,220N005,2023-03-15,,-23.7,-34.1,-28.9,46.9,0.0,,,0.2,44.0,,,86.2,42.394328166301676,4.920156833698326
2023-03-16,48.53622500000001,-133.532794,68.317527,INUVIK CLIMATE,2202578,2023-03-16,,-22.7,-32.2,-27.4,45.4,0.0,,,0.0,46.0,,,104.8,-133.5018,68.7463,TRAIL VALLEY,220N005,2023-03-16,,-25.0,-36.9,-30.9,48.9,0.0,,,0.0,44.0,,,86.2,43.63589394468714,4.90033105531287
2023-03-17,48.379380000000005,-133.532794,68.317527,INUVIK CLIMATE,2202578,2023-03-17,,-18.1,-29.8,-24.0,42.0,0.0,,,0.0,46.0,,,104.8,-133.5018,68.7463,TRAIL VALLEY,220N005,2023-03-17,,-23.7,-34.7,-29.2,47.2,0.0,,,0.0,44.0,,,86.2,43.499745537136256,4.879634462863746
2023-03-18,48.969930000000005,-133.532794,68.317527,INUVIK CLIMATE,2202578,2023-03-18,,-10.0,-21.9,-15.9,33.9,0.0,,,0.0,46.0,,,104.8,-133.5018,68.7463,TRAIL VALLEY,220N005,2023-03-18,,-15.1,-28.0,-21.5,39.5,0.0,,,0.0,45.0,,,86.2,44.090448485781366,4.879481514218637
2023-03-19,47.984410000000004,-133.532794,68.317527,INUVIK CLIMATE,2202578,2023-03-19,,-4.8,-14.6,-9.7,27.7,0.0,,,0.0,46.0,,,104.8,-133.5018,68.7463,TRAIL VALLEY,220N005,2023-03-19,,-7.7,-17.9,-12.8,30.8,0.0,,,0.0,45.0,,,86.2,43.16136982736769,4.823040172632313
2023-03-20,47.74819,-133.532794,68.317527,INUVIK CLIMATE,2202578,2023-03-20,,0.0,-9.1,-4.5,22.5,0.0,,,0.0,45.0,,,104.8,-133.5018,68.7463,TRAIL VALLEY,220N005,2023-03-20,,-2.7,-9.5,-6.1,24.1,0.0,,,1.7,45.0,18.0,45.0,86.2,42.91425198386586,4.833938016134141
2023-03-21,46.960155,-133.532794,68.317527,INUVIK CLIMATE,2202578,2023-03-21,,-3.4,-8.8,-6.1,24.1,0.0,,,0.0,45.0,,,104.8,-133.5018,68.7463,TRAIL VALLEY,220N005,2023-03-21,,-4.8,-8.6,-6.7,24.7,0.0,,,0.0,45.0,18.0,32.0,86.2,42.12495063005861,4.835204369941386
2023-03-22,46.13148,-133.532794,68.317527,INUVIK CLIMATE,2202578,2023-03-22,,-0.6,-12.3,-6.5,24.5,0.0,,,0.0,45.0,,,104.8,-133.5018,68.7463,TRAIL VALLEY,220N005,2023-03-22,,-4.3,-11.3,-7.8,25.8,0.0,,,0.0,45.0,18.0,32.0,86.2,41.367248303677194,4.764231696322807
2023-03-23,46.96015500000001,-133.532794,68.317527,INUVIK CLIMATE,2202578,2023-03-23,,-3.8,-10.6,-7.2,25.2,0.0,,,0.0,45.0,,,104.8,-133.5018,68.7463,TRAIL VALLEY,220N005,2023-03-23,,-7.1,-11.2,-9.2,27.2,0.0,,,,45.0,,,86.2,42.21344559200896,4.7467094079910455
2023-03-24,47.275115,-133.532794,68.317527,INUVIK CLIMATE,2202578,2023-03-24,,0.5,-11.3,-5.4,23.4,0.0,,,0.0,45.0,,,104.8,-133.5018,68.7463,TRAIL VALLEY,220N005,2023-03-24,,-2.0,-11.9,-6.9,24.9,0.0,,,0.0,45.0,18.0,49.0,86.2,42.49111770592919,4.783997294070807
2023-03-25,47.432595,-133.532794,68.317527,INUVIK CLIMATE,2202578,2023-03-25,,-3.8,-13.8,-8.8,26.8,0.0,,,0.0,44.0,29.0,37.0,104.8,-133.5018,68.7463,TRAIL VALLEY,220N005,2023-03-25,,,,,,,,,,45.0,,,86.2,42.66128124631971,4.771313753680286
2023-03-26,50.823495,-133.532794,68.317527,INUVIK CLIMATE,2202578,2023-03-26,,-4.4,-17.1,-10.8,28.8,0.0,,,0.0,45.0,19.0,36.0,104.8,-133.5018,68.7463,TRAIL VALLEY,220N005,2023-03-26,,-5.1,-19.0,-12.1,30.1,0.0,,,0.0,45.0,18.0,60.0,86.2,46.05598169749619,4.76751330250381
2023-03-27,50.389790000000005,-133.532794,68.317527,INUVIK CLIMATE,2202578,2023-03-27,,5.2,-4.4,0.4,17.6,0.0,,,0.0,44.0,31.0,38.0,104.8,-133.5018,68.7463,TRAIL VALLEY,220N005,2023-03-27,,3.3,-5.3,-1.0,19.0,0.0,,,0.0,45.0,27.0,64.0,86.2,45.59043784873668,4.79935215126333
2023-03-28,52.63769,-133.532794,68.317527,INUVIK CLIMATE,2202578,2023-03-28,,-0.8,-13.7,-7.3,25.3,0.0,,,4.6,46.0,35.0,50.0,104.8,-133.5018,68.7463,TRAIL VALLEY,220N005,2023-03-28,,-3.2,-15.1,-9.2,27.2,0.0,,,3.2,47.0,32.0,45.0,86.2,47.74557019836116,4.892119801638839
2023-03-29,53.977540000000005,-133.532794,68.317527,INUVIK CLIMATE,2202578,2023-03-29,,-9.1,-18.3,-13.7,31.7,0.0,,,0.0,50.0,,,104.8,-133.5018,68.7463,TRAIL VALLEY,220N005,2023-03-29,,-11.5,-21.7,-16.6,34.6,0.0,,,0.2,44.0,31.0,34.0,86.2,49.06551778038799,4.91202221961201
2023-03-30,51.92776,-133.532794,68.317527,INUVIK CLIMATE,2202578,2023-03-30,,-9.5,-18.3,-13.9,31.9,0.0,,,0.0,48.0,12.0,34.0,104.8,-133.5018,68.7463,TRAIL VALLEY,220N005,2023-03-30,,-12.9,-22.8,-17.9,35.9,0.0,,,0.0,44.0,,,86.2,47.02742894267414,4.900331057325855
2023-03-31,52.43957,-133.532794,68.317527,INUVIK CLIMATE,2202578,2023-03-31,,-11.6,-19.2,-15.4,33.4,0.0,,,0.0,48.0,,,104.8,-133.5018,68.7463,TRAIL VALLEY,220N005,2023-03-31,,-13.1,-28.8,-20.9,38.9,0.0,,,0.0,44.0,,,86.2,47.51947431709959,4.920095682900413
2023-04-01,53.268245,-133.532794,68.317527,INUVIK CLIMATE,2202578,2023-04-01,,-11.7,-20.7,-16.2,34.2,0.0,,,0.0,47.0,,,104.8,-133.5018,68.7463,TRAIL VALLEY,220N005,2023-04-01,,-18.7,-28.8,-23.7,41.7,0.0,,,0.0,44.0,,,86.2,48.32585014383413,4.942394856165868
2023-04-02,51.967130000000004,-133.532794,68.317527,INUVIK CLIMATE,2202578,2023-04-02,,-5.1,-19.7,-12.4,30.4,0.0,,,0.0,47.0,,,104.8,-133.5018,68.7463,TRAIL VALLEY,220N005,2023-04-02,,-12.3,-25.8,-19.0,37.0,0.0,,,0.0,44.0,,,86.2,47.06403626869617,4.903093731303835
2023-04-03,52.795170000000006,-133.532794,68.317527,INUVIK CLIMATE,2202578,2023-04-03,,-8.5,-20.9,-14.7,32.7,0.0,,,0.0,47.0,,,104.8,-133.5018,68.7463,TRAIL VALLEY,220N005,2023-04-03,,,,,,,,,,44.0,,,86.2,47.88826097659589,4.90690902340412
2023-04-04,50.389790000000005,-133.532794,68.317527,INUVIK CLIMATE,2202578,2023-04-04,,-1.9,-15.1,-8.5,26.5,0.0,,,0.0,47.0,,,104.8,-133.5018,68.7463,TRAIL VALLEY,220N005,2023-04-04,,-3.9,-19.9,-11.9,29.9,0.0,,,0.0,45.0,,,86.2,45.4950452498907,4.8947447501093055
2023-04-05,54.175025000000005,-133.532794,68.317527,INUVIK CLIMATE,2202578,2023-04-05,,-13.6,-17.2,-15.4,33.4,0.0,,,0.5,46.0,,,104.8,-133.5018,68.7463,TRAIL VALLEY,220N005,2023-04-05,,-13.1,-18.3,-15.7,33.7,0.0,,,0.6,45.0,,,86.2,49.16449915868016,5.010525841319848
2023-04-06,57.132220000000004,-133.532794,68.317527,INUVIK CLIMATE,2202578,2023-04-06,,-12.8,-19.5,-16.2,34.2,0.0,,,0.0,48.0,,,104.8,-133.5018,68.7463,TRAIL VALLEY,220N005,2023-04-06,,-12.8,-21.5,-17.1,35.1,0.0,,,0.2,46.0,,,86.2,52.110338644935865,5.021881355064136
2023-04-07,55.397400000000005,-133.532794,68.317527,INUVIK CLIMATE,2202578,2023-04-07,,-13.8,-19.0,-16.4,34.4,0.0,,,1.4,48.0,29.0,37.0,104.8,-133.5018,68.7463,TRAIL VALLEY,220N005,2023-04-07,,-14.7,-22.3,-18.5,36.5,0.0,,,0.7,45.0,29.0,52.0,86.2,50.36420985773758,5.033190142262428
2023-04-08,53.860065000000006,-133.532794,68.317527,INUVIK CLIMATE,2202578,2023-04-08,,-10.8,-21.4,-16.1,34.1,0.0,,,0.0,48.0,,,104.8,-133.5018,68.7463,TRAIL VALLEY,220N005,2023-04-08,,-16.7,-26.0,-21.3,39.3,0.0,,,0.0,44.0,,,86.2,48.82746966687493,5.03259533312507
2023-04-09,54.293135,-133.532794,68.317527,INUVIK CLIMATE,2202578,2023-04-09,,-6.0,-14.8,-10.4,28.4,0.0,,,0.0,48.0,7.0,31.0,104.8,-133.5018,68.7463,TRAIL VALLEY,220N005,2023-04-09,,-6.4,-19.5,-13.0,31.0,0.0,,,0.0,44.0,,,86.2,49.284547582427514,5.008587417572485
2023-04-10,54.845585,-133.532794,68.317527,INUVIK CLIMATE,2202578,2023-04-10,,-6.1,-14.4,-10.3,28.3,0.0,,,0.9,48.0,30.0,33.0,104.8,-133.5018,68.7463,TRAIL VALLEY,220N005,2023-04-10,,-8.6,-14.0,-11.3,29.3,0.0,,,0.2,45.0,29.0,44.0,86.2,49.80378668741706,5.041798312582938
2023-04-11,59.853195,-133.532794,68.317527,INUVIK CLIMATE,2202578,2023-04-11,,-11.7,-21.1,-16.4,34.4,0.0,,,0.0,50.0,,,104.8,-133.5018,68.7463,TRAIL VALLEY,220N005,2023-04-11,,-11.0,-21.4,-16.2,34.2,0.0,,,0.4,44.0,29.0,39.0,86.2,54.84756843216937,5.005626567830635
2023-04-12,58.63082,-133.532794,68.317527,INUVIK CLIMATE,2202578,2023-04-12,,-15.9,-21.0,-18.4,36.4,0.0,,,0.5,51.0,,,104.8,-133.5018,68.7463,TRAIL VALLEY,220N005,2023-04-12,,-18.0,-22.9,-20.4,38.4,0.0,,,1.1,44.0,29.0,31.0,86.2,53.632549701004976,4.998270298995021
2023-04-13,59.06389000000001,-133.532794,68.317527,INUVIK CLIMATE,2202578,2023-04-13,,-17.0,-22.7,-19.8,37.8,0.0,,,0.0,51.0,,,104.8,-133.5018,68.7463,TRAIL VALLEY,220N005,2023-04-13,,,,,,,,,,44.0,,,86.2,54.072976156103564,4.990913843896442
2023-04-14,59.261375,-133.532794,68.317527,INUVIK CLIMATE,2202578,2023-04-14,,-14.2,-21.2,-17.7,35.7,0.0,,,0.0,52.0,,,104.8,-133.5018,68.7463,TRAIL VALLEY,220N005,2023-04-14,,-16.0,-23.4,-19.7,37.7,0.0,,,0.0,44.0,,,86.2,54.27536019066365,4.986014809336354
2023-04-15,58.670190000000005,-133.532794,68.317527,INUVIK CLIMATE,2202578,2023-04-15,,-13.0,-19.6,-16.3,34.3,0.0,,,0.0,52.0,,,104.8,-133.5018,68.7463,TRAIL VALLEY,220N005,2023-04-15,,-13.2,-22.1,-17.6,35.6,0.0,,,0.4,44.0,,,86.2,53.66880651472211,5.0013834852778984
2023-04-16,57.290335000000006,-133.532794,68.317527,INUVIK CLIMATE,2202578,2023-04-16,,-11.5,-15.4,-13.5,31.5,0.0,,,0.2,52.0,32.0,33.0,104.8,-133.5018,68.7463,TRAIL VALLEY,220N005,2023-04-16,,-10.0,-14.0,-12.0,30.0,0.0,,,0.2,45.0,,,86.2,52.27434515987933,5.015989840120676
2023-04-17,59.57633500000001,-133.532794,68.317527,INUVIK CLIMATE,2202578,2023-04-17,,-14.6,-17.0,-15.8,33.8,0.0,,,0.0,52.0,33.0,39.0,104.8,-133.5018,68.7463,TRAIL VALLEY,220N005,2023-04-17,,,,,,,,,,46.0,,,86.2,54.53001897895873,5.046316021041278
2023-04-18,59.340115000000004,-133.532794,68.317527,INUVIK CLIMATE,2202578,2023-04-18,,-13.8,-16.3,-15.1,33.1,0.0,,,0.5,52.0,34.0,32.0,104.8,-133.5018,68.7463,TRAIL VALLEY,220N005,2023-04-18,,-14.0,-16.4,-15.2,33.2,0.0,,,0.2,44.0,32.0,35.0,86.2,54.289769746980795,5.050345253019211
2023-04-19,58.117740000000005,-133.532794,68.317527,INUVIK CLIMATE,2202578,2023-04-19,,-8.1,-13.9,-11.0,29.0,0.0,,,0.0,53.0,,,104.8,-133.5018,68.7463,TRAIL VALLEY,220N005,2023-04-19,,-9.3,-14.0,-11.7,29.7,0.0,,,0.0,44.0,,,86.2,53.069775986585114,5.047964013414893
2023-04-20,56.30418,-133.532794,68.317527,INUVIK CLIMATE,2202578,2023-04-20,,-3.9,-11.2,-7.5,25.5,0.0,,,0.0,52.0,,,104.8,-133.5018,68.7463,TRAIL VALLEY,220N005,2023-04-20,,-3.4,-10.8,-7.1,25.1,0.0,,,0.0,44.0,,,86.2,51.274667840588485,5.029512159411519
2023-04-21,55.712360000000004,-133.532794,68.317527,INUVIK CLIMATE,2202578,2023-04-21,,-3.7,-10.5,-7.1,25.1,0.0,,,2.0,52.0,1.0,38.0,104.8,-133.5018,68.7463,TRAIL VALLEY,220N005,2023-04-21,,-5.7,-11.8,-8.8,26.8,0.0,,,2.7,44.0,1.0,40.0,86.2,50.644417670521584,5.067942329478419
2023-04-22,60.089415,-133.532794,68.317527,INUVIK CLIMATE,2202578,2023-04-22,,-10.5,-19.9,-15.2,33.2,0.0,,,0.0,53.0,2.0,46.0,104.8,-133.5018,68.7463,TRAIL VALLEY,220N005,2023-04-22,,-11.8,-20.6,-16.2,34.2,0.0,,,0.2,44.0,1.0,46.0,86.2,54.96942959989061,5.119985400109394
2023-04-23,59.02452,-133.532794,68.317527,INUVIK CLIMATE,2202578,2023-04-23,,-17.7,-27.8,-22.8,40.8,0.0,,,0.0,53.0,,,104.8,-133.5018,68.7463,TRAIL VALLEY,220N005,2023-04-23,,-18.6,-25.8,-22.2,40.2,0.0,,,,46.0,,,86.2,53.90743402876169,5.117085971238308
2023-04-24,57.842150000000004,-133.532794,68.317527,INUVIK CLIMATE,2202578,2023-04-24,,-17.3,-23.0,-20.2,38.2,0.0,,,0.0,52.0,,,104.8,-133.5018,68.7463,TRAIL VALLEY,220N005,2023-04-24,,-17.7,-22.0,-19.8,37.8,0.0,,,0.0,46.0,,,86.2,52.729596752984804,5.1125532470151995
2023-04-25,58.038365000000006,-133.532794,68.317527,INUVIK CLIMATE,2202578,2023-04-25,,-12.8,-22.7,-17.8,35.8,0.0,,,0.0,52.0,,,104.8,-133.5018,68.7463,TRAIL VALLEY,220N005,2023-04-25,,-15.4,-21.8,-18.6,36.6,0.0,,,0.0,46.0,,,86.2,52.93796020629628,5.100404793703723
2023-04-26,57.01411,-133.532794,68.317527,INUVIK CLIMATE,2202578,2023-04-26,,-3.2,-14.4,-8.8,26.8,0.0,,,0.0,52.0,,,104.8,-133.5018,68.7463,TRAIL VALLEY,220N005,2023-04-26,,-5.4,-23.8,-14.6,32.6,0.0,,,0.2,46.0,,,86.2,51.96471118690459,5.049398813095414
2023-04-27,55.752365000000005,-133.532794,68.317527,INUVIK CLIMATE,2202578,2023-04-27,,-6.6,-18.2,-12.4,30.4,0.0,,,0.0,52.0,,,104.8,-133.5018,68.7463,TRAIL VALLEY,220N005,2023-04-27,,-11.5,-17.2,-14.3,32.3,0.0,,,0.7,46.0,29.0,37.0,86.2,50.6745022322457,5.077862767754306
2023-04-28,56.38355500000001,-133.532794,68.317527,INUVIK CLIMATE,2202578,2023-04-28,,-5.1,-14.8,-9.9,27.9,0.0,,,0.0,52.0,,,104.8,-133.5018,68.7463,TRAIL VALLEY,220N005,2023-04-28,,-5.4,-15.1,-10.2,28.2,0.0,,,0.2,46.0,29.0,40.0,86.2,51.29894635021319,5.084608649786816
2023-04-29,55.002430000000004,-133.532794,68.317527,INUVIK CLIMATE,2202578,2023-04-29,,-5.2,-12.6,-8.9,26.9,0.0,,,0.0,51.0,,,104.8,-133.5018,68.7463,TRAIL VALLEY,220N005,2023-04-29,,-9.0,-17.9,-13.4,31.4,0.0,,,0.0,46.0,,,86.2,49.91127425924843,5.091155740751574
2023-04-30,56.34355,-133.532794,68.317527,INUVIK CLIMATE,2202578,2023-04-30,,-4.0,-14.5,-9.2,27.2,0.0,,,0.9,51.0,,,104.8,-133.5018,68.7463,TRAIL VALLEY,220N005,2023-04-30,,-6.8,-18.0,-12.4,30.4,0.0,,,1.2,46.0,1.0,35.0,86.2,51.27041849636821,5.073131503631791
2023-05-01,56.659145,-133.532794,68.317527,INUVIK CLIMATE,2202578,2023-05-01,,1.8,-8.2,-3.2,21.2,0.0,,,2.3,54.0,,,104.8,-133.5018,68.7463,TRAIL VALLEY,220N005,2023-05-01,,,,,,,,,,50.0,,,86.2,51.57316293859084,5.085982061409161
2023-05-02,54.371875,-133.532794,68.317527,INUVIK CLIMATE,2202578,2023-05-02,,7.0,-5.4,0.8,17.2,0.0,,,0.0,53.0,,,104.8,-133.5018,68.7463,TRAIL VALLEY,220N005,2023-05-02,,1.4,-13.8,-6.2,24.2,0.0,,,0.0,47.0,,,86.2,49.291661846622276,5.080213153377731
2023-05-03,53.858795,-133.532794,68.317527,INUVIK CLIMATE,2202578,2023-05-03,,3.0,-3.5,-0.3,18.3,0.0,,,0.0,49.0,,,104.8,-133.5018,68.7463,TRAIL VALLEY,220N005,2023-05-03,,2.3,-4.6,-1.1,19.1,0.0,,,0.0,48.0,28.0,32.0,86.2,48.7896012495159,5.069193750484104
2023-05-04,53.229510000000005,-133.532794,68.317527,INUVIK CLIMATE,2202578,2023-05-04,,11.6,-3.6,4.0,14.0,0.0,,,0.0,48.0,,,104.8,-133.5018,68.7463,TRAIL VALLEY,220N005,2023-05-04,,,,,,,,,,48.0,,,86.2,48.199860654077156,5.0296493459228495
2023-05-05,50.114200000000004,-133.532794,68.317527,INUVIK CLIMATE,2202578,2023-05-05,,7.2,-4.6,1.3,16.7,0.0,,,0.0,43.0,,,104.8,-133.5018,68.7463,TRAIL VALLEY,220N005,2023-05-05,,,,,,,,,,45.0,,,86.2,44.97412989364057,5.1400701063594285
2023-05-06,47.314485000000005,-133.532794,68.317527,INUVIK CLIMATE,2202578,2023-05-06,,4.7,-0.7,2.0,16.0,0.0,,,1.4,42.0,6.0,33.0,104.8,-133.5018,68.7463,TRAIL VALLEY,220N005,2023-05-06,,0.7,-5.9,-2.6,20.6,0.0,,,0.4,46.0,36.0,32.0,86.2,42.170736801518274,5.143748198481728
2023-05-07,45.067855,-133.532794,68.317527,INUVIK CLIMATE,2202578,2023-05-07,,2.4,-3.8,-0.7,18.7,0.0,,,0.0,39.0,,,104.8,-133.5018,68.7463,TRAIL VALLEY,220N005,2023-05-07,,0.0,-3.6,-1.8,19.8,0.0,,,0.0,45.0,30.0,37.0,86.2,40.10496278488089,4.962892215119109
2023-05-08,41.795065,-133.532794,68.317527,INUVIK CLIMATE,2202578,2023-05-08,,1.7,-2.2,-0.3,18.3,0.0,,,0.0,37.0,,,104.8,-133.5018,68.7463,TRAIL VALLEY,220N005,2023-05-08,,0.3,-2.7,-1.2,19.2,0.0,,,0.2,45.0,,,86.2,36.791025325292736,5.004039674707267
2023-05-09,38.87724,-133.532794,68.317527,INUVIK CLIMATE,2202578,2023-05-09,,6.4,-0.4,3.0,15.0,0.0,,,0.0,33.0,,,104.8,-133.5018,68.7463,TRAIL VALLEY,220N005,2023-05-09,,4.4,-2.7,0.8,17.2,0.0,,,0.0,45.0,,,86.2,33.73025638443007,5.146983615569932
2023-05-10,32.60725,-133.532794,68.317527,INUVIK CLIMATE,2202578,2023-05-10,,10.4,0.4,5.4,12.6,0.0,,,0.0,28.0,,,104.8,-133.5018,68.7463,TRAIL VALLEY,220N005,2023-05-10,,6.3,-4.9,0.7,17.3,0.0,,,0.0,43.0,,,86.2,27.371794318219074,5.235455681780929
2023-05-11,28.23083,-133.532794,68.317527,INUVIK CLIMATE,2202578,2023-05-11,,7.4,-4.2,1.6,16.4,0.0,,,0.0,21.0,,,104.8,-133.5018,68.7463,TRAIL VALLEY,220N005,2023-05-11,,3.8,-3.1,0.3,17.7,0.0,,,0.0,43.0,,,86.2,22.9081561486189,5.322673851381101
2023-05-12,24.24811,-133.532794,68.317527,INUVIK CLIMATE,2202578,2023-05-12,,1.8,-3.3,-0.8,18.8,0.0,,,0.0,17.0,33.0,33.0,104.8,-133.5018,68.7463,TRAIL VALLEY,220N005,2023-05-12,,,,,,,,,,43.0,,,86.2,18.88940481416244,5.358705185837562
2023-05-13,21.409025,-133.532794,68.317527,INUVIK CLIMATE,2202578,2023-05-13,,11.0,-3.9,3.6,14.4,0.0,,,0.0,15.0,,,104.8,-133.5018,68.7463,TRAIL VALLEY,220N005,2023-05-13,,8.4,-4.6,1.9,16.1,0.0,,,0.0,43.0,,,86.2,15.94970501965447,5.45931998034553
2023-05-14,14.982824999999998,-133.532794,68.317527,INUVIK CLIMATE,2202578,2023-05-14,,19.0,4.7,11.8,6.2,0.0,,,0.0,10.0,,,104.8,-133.5018,68.7463,TRAIL VALLEY,220N005,2023-05-14,,14.0,2.2,8.1,9.9,0.0,,,0.0,40.0,21.0,33.0,86.2,9.587127095904307,5.39569790409569
2023-05-15,,-133.532794,68.317527,INUVIK CLIMATE,2202578,2023-05-15,,20.4,9.4,14.9,3.1,0.0,,,0.0,,,,104.8,-133.5018,68.7463,TRAIL VALLEY,220N005,2023-05-15,,,,,,,,,,35.0,,,86.2,,
2023-05-16,13.444855,-133.532794,68.317527,INUVIK CLIMATE,2202578,2023-05-16,,12.1,-0.3,5.9,12.1,0.0,,,0.0,0.0,1.0,36.0,104.8,-133.5018,68.7463,TRAIL VALLEY,220N005,2023-05-16,,8.6,-2.5,3.0,15.0,0.0,,,0.0,27.0,33.0,38.0,86.2,7.9173357568516955,5.527519243148305
2023-05-17,9.698355,-133.532794,68.317527,INUVIK CLIMATE,2202578,2023-05-17,,8.9,-1.5,3.7,14.3,0.0,,,0.0,0.0,1.0,33.0,104.8,-133.5018,68.7463,TRAIL VALLEY,220N005,2023-05-17,,3.8,-2.7,0.5,17.5,0.0,,,0.0,25.0,,,86.2,4.128274707591326,5.570080292408673
2023-05-18,10.52703,-133.532794,68.317527,INUVIK CLIMATE,2202578,2023-05-18,,5.8,-1.6,2.1,15.9,0.0,,,2.5,0.0,35.0,36.0,104.8,-133.5018,68.7463,TRAIL VALLEY,220N005,2023-05-18,,1.6,-3.0,-0.7,18.7,0.0,,,0.2,23.0,31.0,40.0,86.2,4.926719625179212,5.600310374820788
2023-05-19,10.448925,-133.532794,68.317527,INUVIK CLIMATE,2202578,2023-05-19,,13.8,-2.2,5.8,12.2,0.0,,,0.0,0.0,,,104.8,-133.5018,68.7463,TRAIL VALLEY,220N005,2023-05-19,,12.2,-5.3,3.5,14.5,0.0,,,0.0,23.0,,,86.2,4.966638170114898,5.482286829885101
2023-05-20,12.931774999999998,-133.532794,68.317527,INUVIK CLIMATE,2202578,2023-05-20,,12.6,1.0,6.8,11.2,0.0,,,0.0,0.0,34.0,37.0,104.8,-133.5018,68.7463,TRAIL VALLEY,220N005,2023-05-20,,11.8,-0.4,5.7,12.3,0.0,,,0.0,19.0,30.0,41.0,86.2,7.513231974754722,5.418543025245277
2023-05-21,,-133.532794,68.317527,INUVIK CLIMATE,2202578,2023-05-21,,13.0,-0.8,6.1,11.9,0.0,,,0.0,,,,104.8,-133.5018,68.7463,TRAIL VALLEY,220N005,2023-05-21,,10.3,-0.9,4.7,13.3,0.0,,,0.0,4.0,,,86.2,,
2023-05-22,,-133.532794,68.317527,INUVIK CLIMATE,2202578,2023-05-22,,21.5,7.1,14.3,3.7,0.0,,,0.0,,,,104.8,-133.5018,68.7463,TRAIL VALLEY,220N005,2023-05-22,,20.6,3.9,12.2,5.8,0.0,,,0.0,1.0,20.0,46.0,86.2,,
2023-05-23,,-133.532794,68.317527,INUVIK CLIMATE,2202578,2023-05-23,,17.5,1.6,9.6,8.4,0.0,,,0.0,,,,104.8,-133.5018,68.7463,TRAIL VALLEY,220N005,2023-05-23,,12.6,1.1,6.9,11.1,0.0,,,0.0,1.0,,,86.2,,
2023-05-24,,-133.532794,68.317527,INUVIK CLIMATE,2202578,2023-05-24,,10.0,-1.0,4.5,13.5,0.0,,,0.0,,8.0,33.0,104.8,-133.5018,68.7463,TRAIL VALLEY,220N005,2023-05-24,,7.2,-1.4,2.9,15.1,0.0,,,0.0,1.0,32.0,40.0,86.2,,
2023-05-25,,-133.532794,68.317527,INUVIK CLIMATE,2202578,2023-05-25,,3.0,-1.3,0.9,17.1,0.0,,,1.0,,4.0,37.0,104.8,-133.5018,68.7463,TRAIL VALLEY,220N005,2023-05-25,,1.2,-2.4,-0.6,18.6,0.0,,,1.8,1.0,2.0,35.0,86.2,,
2023-05-26,,-133.532794,68.317527,INUVIK CLIMATE,2202578,2023-05-26,,11.9,-2.1,4.9,13.1,0.0,,,0.0,,12.0,31.0,104.8,-133.5018,68.7463,TRAIL VALLEY,220N005,2023-05-26,,,,,,,,,,1.0,,,86.2,,
2023-05-27,,-133.532794,68.317527,INUVIK CLIMATE,2202578,2023-05-27,,9.7,1.6,5.6,12.4,0.0,,,3.4,,29.0,33.0,104.8,-133.5018,68.7463,TRAIL VALLEY,220N005,2023-05-27,,8.9,-1.4,3.8,14.2,0.0,,,0.3,1.0,33.0,33.0,86.2,,
2023-05-28,,-133.532794,68.317527,INUVIK CLIMATE,2202578,2023-05-28,,13.6,-2.7,5.5,12.5,0.0,,,0.0,,,,104.8,-133.5018,68.7463,TRAIL VALLEY,220N005,2023-05-28,,14.3,-2.6,5.9,12.1,0.0,,,0.2,1.0,12.0,38.0,86.2,,
2023-05-29,,-133.532794,68.317527,INUVIK CLIMATE,2202578,2023-05-29,,20.5,5.3,12.9,5.1,0.0,,,0.0,,,,104.8,-133.5018,68.7463,TRAIL VALLEY,220N005,2023-05-29,,21.0,3.6,12.3,5.7,0.0,,,0.0,0.0,,,86.2,,
2023-05-30,,-133.532794,68.317527,INUVIK CLIMATE,2202578,2023-05-30,,17.7,9.5,13.6,4.4,0.0,,,5.2,,,,104.8,-133.5018,68.7463,TRAIL VALLEY,220N005,2023-05-30,,19.9,3.7,11.8,6.2,0.0,,,0.0,,19.0,36.0,86.2,,
2023-05-31,,-133.532794,68.317527,INUVIK CLIMATE,2202578,2023-05-31,,14.3,2.7,8.5,9.5,0.0,,,0.0,,33.0,38.0,104.8,-133.5018,68.7463,TRAIL VALLEY,220N005,2023-05-31,,16.8,2.7,9.8,8.2,0.0,,,0.0,,31.0,35.0,86.2,,
2023-06-01,,-133.532794,68.317527,INUVIK CLIMATE,2202578,2023-06-01,,6.8,0.3,3.5,14.5,0.0,,,1.1,,33.0,34.0,104.8,-133.5018,68.7463,TRAIL VALLEY,220N005,2023-06-01,,5.8,0.3,3.1,14.9,0.0,,,1.8,,30.0,37.0,86.2,,
2023-06-02,,-133.532794,68.317527,INUVIK CLIMATE,2202578,2023-06-02,,17.2,2.6,9.9,8.1,0.0,,,0.0,,26.0,48.0,104.8,-133.5018,68.7463,TRAIL VALLEY,220N005,2023-06-02,,17.5,-1.9,7.8,10.2,0.0,,,0.0,,22.0,48.0,86.2,,
2023-06-03,,-133.532794,68.317527,INUVIK CLIMATE,2202578,2023-06-03,,20.4,5.3,12.8,5.2,0.0,,,0.0,,24.0,35.0,104.8,-133.5018,68.7463,TRAIL VALLEY,220N005,2023-06-03,,19.2,4.1,11.7,6.3,0.0,,,0.0,,23.0,44.0,86.2,,
2023-06-04,,-133.532794,68.317527,INUVIK CLIMATE,2202578,2023-06-04,,21.5,5.0,13.3,4.7,0.0,,,0.1,,33.0,46.0,104.8,-133.5018,68.7463,TRAIL VALLEY,220N005,2023-06-04,,21.6,2.1,11.9,6.1,0.0,,,0.0,,31.0,48.0,86.2,,
2023-06-05,,-133.532794,68.317527,INUVIK CLIMATE,2202578,2023-06-05,,15.9,1.8,8.9,9.1,0.0,,,0.0,,7.0,32.0,104.8,-133.5018,68.7463,TRAIL VALLEY,220N005,2023-06-05,,13.5,0.2,6.9,11.1,0.0,,,0.0,,,,86.2,,
2023-06-06,,-133.532794,68.317527,INUVIK CLIMATE,2202578,2023-06-06,,21.2,8.6,14.9,3.1,0.0,,,0.0,,,,104.8,-133.5018,68.7463,TRAIL VALLEY,220N005,2023-06-06,,19.2,4.9,12.0,6.0,0.0,,,0.0,,,,86.2,,
2023-06-07,,-133.532794,68.317527,INUVIK CLIMATE,2202578,2023-06-07,,23.4,10.6,17.0,1.0,0.0,,,0.0,,,,104.8,-133.5018,68.7463,TRAIL VALLEY,220N005,2023-06-07,,22.5,3.0,12.7,5.3,0.0,,,0.0,,34.0,34.0,86.2,,
2023-06-08,,-133.532794,68.317527,INUVIK CLIMATE,2202578,2023-06-08,,16.6,3.3,10.0,8.0,0.0,,,0.0,,36.0,36.0,104.8,-133.5018,68.7463,TRAIL VALLEY,220N005,2023-06-08,,12.0,2.1,7.1,10.9,0.0,,,0.6,,3.0,40.0,86.2,,
2023-06-09,,-133.532794,68.317527,INUVIK CLIMATE,2202578,2023-06-09,,13.3,2.6,8.0,10.0,0.0,,,0.2,,35.0,39.0,104.8,-133.5018,68.7463,TRAIL VALLEY,220N005,2023-06-09,,8.6,0.4,4.5,13.5,0.0,,,0.0,,1.0,40.0,86.2,,
2023-06-10,,-133.532794,68.317527,INUVIK CLIMATE,2202578,2023-06-10,,7.6,-0.1,3.7,14.3,0.0,,,0.3,,2.0,40.0,104.8,-133.5018,68.7463,TRAIL VALLEY,220N005,2023-06-10,,5.4,-0.9,2.3,15.7,0.0,,,1.3,,35.0,38.0,86.2,,
2023-06-11,,-133.532794,68.317527,INUVIK CLIMATE,2202578,2023-06-11,,16.1,6.2,11.2,6.8,0.0,,,0.0,,13.0,38.0,104.8,-133.5018,68.7463,TRAIL VALLEY,220N005,2023-06-11,,15.5,3.0,9.2,8.8,0.0,,,0.2,,16.0,40.0,86.2,,
2023-06-12,,-133.532794,68.317527,INUVIK CLIMATE,2202578,2023-06-12,,19.6,9.0,14.3,3.7,0.0,,,0.0,,,,104.8,-133.5018,68.7463,TRAIL VALLEY,220N005,2023-06-12,,20.7,7.9,14.3,3.7,0.0,,,0.2,,16.0,37.0,86.2,,
2023-06-13,,-133.532794,68.317527,INUVIK CLIMATE,2202578,2023-06-13,,16.7,10.6,13.6,4.4,0.0,,,2.7,,31.0,43.0,104.8,-133.5018,68.7463,TRAIL VALLEY,220N005,2023-06-13,,,,,,,,,,,,,86.2,,
2023-06-14,,-133.532794,68.317527,INUVIK CLIMATE,2202578,2023-06-14,,18.7,9.1,13.9,4.1,0.0,,,0.0,,,,104.8,-133.5018,68.7463,TRAIL VALLEY,220N005,2023-06-14,,18.8,6.5,12.6,5.4,0.0,,,0.0,,28.0,41.0,86.2,,
2023-06-15,,-133.532794,68.317527,INUVIK CLIMATE,2202578,2023-06-15,,21.3,10.3,15.8,2.2,0.0,,,0.0,,8.0,40.0,104.8,-133.5018,68.7463,TRAIL VALLEY,220N005,2023-06-15,,19.4,7.2,13.3,4.7,0.0,,,,,,,86.2,,
2023-06-16,,-133.532794,68.317527,INUVIK CLIMATE,2202578,2023-06-16,,22.5,12.6,17.5,0.5,0.0,,,0.0,,3.0,40.0,104.8,-133.5018,68.7463,TRAIL VALLEY,220N005,2023-06-16,,17.2,6.0,11.6,6.4,0.0,,,0.3,,4.0,41.0,86.2,,
2023-06-17,,-133.532794,68.317527,INUVIK CLIMATE,2202578,2023-06-17,,16.2,4.3,10.3,7.7,0.0,,,0.0,,4.0,35.0,104.8,-133.5018,68.7463,TRAIL VALLEY,220N005,2023-06-17,,,,,,,,,,,,,86.2,,
2023-06-18,,-133.532794,68.317527,INUVIK CLIMATE,2202578,2023-06-18,,15.6,4.2,9.9,8.1,0.0,,,0.0,,,,104.8,-133.5018,68.7463,TRAIL VALLEY,220N005,2023-06-18,,11.4,2.0,6.7,11.3,0.0,,,0.0,,,,86.2,,
2023-06-19,,-133.532794,68.317527,INUVIK CLIMATE,2202578,2023-06-19,,21.8,6.8,14.3,3.7,0.0,,,0.7,,,,104.8,-133.5018,68.7463,TRAIL VALLEY,220N005,2023-06-19,,17.8,2.4,10.1,7.9,0.0,,,0.0,,,,86.2,,
2023-06-20,,-133.532794,68.317527,INUVIK CLIMATE,2202578,2023-06-20,,12.8,7.9,10.3,7.7,0.0,,,3.2,,,,104.8,-133.5018,68.7463,TRAIL VALLEY,220N005,2023-06-20,,11.4,5.9,8.6,9.4,0.0,,,3.5,,30.0,36.0,86.2,,
2023-06-21,,-133.532794,68.317527,INUVIK CLIMATE,2202578,2023-06-21,,20.2,7.0,13.6,4.4,0.0,,,0.2,,,,104.8,-133.5018,68.7463,TRAIL VALLEY,220N005,2023-06-21,,18.9,5.1,12.0,6.0,0.0,,,0.0,,28.0,42.0,86.2,,
2023-06-22,,-133.532794,68.317527,INUVIK CLIMATE,2202578,2023-06-22,,,,,,,,,,,,,104.8,-133.5018,68.7463,TRAIL VALLEY,220N005,2023-06-22,,11.5,4.2,7.9,10.1,0.0,,,4.0,,31.0,41.0,86.2,,
2023-06-23,,-133.532794,68.317527,INUVIK CLIMATE,2202578,2023-06-23,,12.0,3.9,8.0,10.0,0.0,,,0.0,,33.0,34.0,104.8,-133.5018,68.7463,TRAIL VALLEY,220N005,2023-06-23,,9.6,0.4,5.0,13.0,0.0,,,0.0,,,,86.2,,
2023-06-24,,-133.532794,68.317527,INUVIK CLIMATE,2202578,2023-06-24,,21.8,3.7,12.8,5.2,0.0,,,0.0,,,,104.8,-133.5018,68.7463,TRAIL VALLEY,220N005,2023-06-24,,20.3,1.4,10.9,7.1,0.0,,,0.0,,14.0,36.0,86.2,,
2023-06-25,,-133.532794,68.317527,INUVIK CLIMATE,2202578,2023-06-25,,27.6,12.5,20.1,0.0,2.1,,,0.0,,,,104.8,-133.5018,68.7463,TRAIL VALLEY,220N005,2023-06-25,,,,,,,,,,,,,86.2,,
2023-06-26,,-133.532794,68.317527,INUVIK CLIMATE,2202578,2023-06-26,,25.5,16.4,20.9,0.0,2.9,,,0.0,,30.0,39.0,104.8,-133.5018,68.7463,TRAIL VALLEY,220N005,2023-06-26,,25.0,13.5,19.3,0.0,1.3,,,0.0,,26.0,49.0,86.2,,
2023-06-27,,-133.532794,68.317527,INUVIK CLIMATE,2202578,2023-06-27,,21.8,10.8,16.3,1.7,0.0,,,11.1,,1.0,35.0,104.8,-133.5018,68.7463,TRAIL VALLEY,220N005,2023-06-27,,18.5,8.8,13.6,4.4,0.0,,,0.0,,,,86.2,,
2023-06-28,,-133.532794,68.317527,INUVIK CLIMATE,2202578,2023-06-28,,21.0,9.3,15.2,2.8,0.0,,,0.0,,1.0,31.0,104.8,-133.5018,68.7463,TRAIL VALLEY,220N005,2023-06-28,,17.3,8.6,13.0,5.0,0.0,,,0.3,,,,86.2,,
2023-06-29,,-133.532794,68.317527,INUVIK CLIMATE,2202578,2023-06-29,,29.7,11.9,20.8,0.0,2.8,,,0.0,,,,104.8,-133.5018,68.7463,TRAIL VALLEY,220N005,2023-06-29,,26.2,7.5,16.9,1.1,0.0,,,0.0,,4.0,32.0,86.2,,
2023-06-30,,-133.532794,68.317527,INUVIK CLIMATE,2202578,2023-06-30,,30.0,18.9,24.4,0.0,6.4,,,0.0,,,,104.8,-133.5018,68.7463,TRAIL VALLEY,220N005,2023-06-30,,28.7,17.9,23.3,0.0,5.3,,,0.0,,3.0,34.0,86.2,,
2023-07-01,,-133.532794,68.317527,INUVIK CLIMATE,2202578,2023-07-01,,25.1,13.0,19.0,0.0,1.0,,,0.0,,31.0,41.0,104.8,-133.5018,68.7463,TRAIL VALLEY,220N005,2023-07-01,,24.3,10.9,17.6,0.4,0.0,,,0.0,,32.0,45.0,86.2,,
2023-07-02,,-133.532794,68.317527,INUVIK CLIMATE,2202578,2023-07-02,,26.0,9.0,17.5,0.5,0.0,,,0.0,,,,104.8,-133.5018,68.7463,TRAIL VALLEY,220N005,2023-07-02,,23.4,8.5,16.0,2.0,0.0,,,0.0,,32.0,31.0,86.2,,
2023-07-03,,-133.532794,68.317527,INUVIK CLIMATE,2202578,2023-07-03,,30.8,18.4,24.6,0.0,6.6,,,0.0,,,,104.8,-133.5018,68.7463,TRAIL VALLEY,220N005,2023-07-03,,29.7,14.5,22.1,0.0,4.1,,,0.0,,5.0,40.0,86.2,,
2023-07-04,,-133.532794,68.317527,INUVIK CLIMATE,2202578,2023-07-04,,33.0,19.0,26.0,0.0,8.0,,,0.0,,35.0,39.0,104.8,-133.5018,68.7463,TRAIL VALLEY,220N005,2023-07-04,,31.7,12.7,22.2,0.0,4.2,,,0.0,,30.0,41.0,86.2,,
2023-07-05,,-133.532794,68.317527,INUVIK CLIMATE,2202578,2023-07-05,,23.3,17.0,20.2,0.0,2.2,,,0.0,,31.0,35.0,104.8,-133.5018,68.7463,TRAIL VALLEY,220N005,2023-07-05,,21.7,15.4,18.6,0.0,0.6,,,0.0,,28.0,37.0,86.2,,
2023-07-06,,-133.532794,68.317527,INUVIK CLIMATE,2202578,2023-07-06,,28.4,13.8,21.1,0.0,3.1,,,0.0,,,,104.8,-133.5018,68.7463,TRAIL VALLEY,220N005,2023-07-06,,,,,,,,,,,,,86.2,,
2023-07-07,,-133.532794,68.317527,INUVIK CLIMATE,2202578,2023-07-07,,28.7,20.7,24.7,0.0,6.7,,,0.0,,,,104.8,-133.5018,68.7463,TRAIL VALLEY,220N005,2023-07-07,,25.5,16.3,20.9,0.0,2.9,,,0.0,,,,86.2,,
2023-07-08,,-133.532794,68.317527,INUVIK CLIMATE,2202578,2023-07-08,,26.3,18.7,22.5,0.0,4.5,,,0.2,,4.0,43.0,104.8,-133.5018,68.7463,TRAIL VALLEY,220N005,2023-07-08,,23.6,15.7,19.7,0.0,1.7,,,0.0,,26.0,64.0,86.2,,
2023-07-09,,-133.532794,68.317527,INUVIK CLIMATE,2202578,2023-07-09,,25.0,13.3,19.1,0.0,1.1,,,0.0,,23.0,36.0,104.8,-133.5018,68.7463,TRAIL VALLEY,220N005,2023-07-09,,25.0,11.1,18.1,0.0,0.1,,,0.0,,21.0,46.0,86.2,,
2023-07-10,,-133.532794,68.317527,INUVIK CLIMATE,2202578,2023-07-10,,30.6,16.0,23.3,0.0,5.3,,,0.0,,,,104.8,-133.5018,68.7463,TRAIL VALLEY,220N005,2023-07-10,,27.7,11.3,19.5,0.0,1.5,,,0.0,,3.0,32.0,86.2,,
2023-07-11,,-133.532794,68.317527,INUVIK CLIMATE,2202578,2023-07-11,,27.4,18.5,23.0,0.0,5.0,,,0.0,,,,104.8,-133.5018,68.7463,TRAIL VALLEY,220N005,2023-07-11,,,,,,,,,,,,,86.2,,
2023-07-12,,-133.532794,68.317527,INUVIK CLIMATE,2202578,2023-07-12,,26.1,13.8,20.0,0.0,2.0,,,0.1,,31.0,36.0,104.8,-133.5018,68.7463,TRAIL VALLEY,220N005,2023-07-12,,23.1,12.9,18.0,0.0,0.0,,,0.0,,32.0,31.0,86.2,,
2023-07-13,,-133.532794,68.317527,INUVIK CLIMATE,2202578,2023-07-13,,,,,,,,,,,,,104.8,-133.5018,68.7463,TRAIL VALLEY,220N005,2023-07-13,,14.1,10.8,12.5,5.5,0.0,,,4.9,,31.0,33.0,86.2,,
2023-07-14,,-133.532794,68.317527,INUVIK CLIMATE,2202578,2023-07-14,,,,,,,,,,,,,104.8,-133.5018,68.7463,TRAIL VALLEY,220N005,2023-07-14,,22.5,10.1,16.3,1.7,0.0,,,0.0,,,,86.2,,
2023-07-15,,-133.532794,68.317527,INUVIK CLIMATE,2202578,2023-07-15,,26.8,14.8,20.8,0.0,2.8,,,14.7,,1.0,37.0,104.8,-133.5018,68.7463,TRAIL VALLEY,220N005,2023-07-15,,25.5,14.0,19.7,0.0,1.7,,,2.1,,,,86.2,,
2023-07-16,,-133.532794,68.317527,INUVIK CLIMATE,2202578,2023-07-16,,22.2,13.2,17.7,0.3,0.0,,,0.0,,4.0,31.0,104.8,-133.5018,68.7463,TRAIL VALLEY,220N005,2023-07-16,,19.3,12.3,15.8,2.2,0.0,,,0.0,,3.0,35.0,86.2,,
2023-07-17,,-133.532794,68.317527,INUVIK CLIMATE,2202578,2023-07-17,,26.0,14.0,20.0,0.0,2.0,,,3.1,,5.0,36.0,104.8,-133.5018,68.7463,TRAIL VALLEY,220N005,2023-07-17,,21.8,13.2,17.5,0.5,0.0,,,0.4,,,,86.2,,
2023-07-18,,-133.532794,68.317527,INUVIK CLIMATE,2202578,2023-07-18,,21.0,13.0,17.0,1.0,0.0,,,0.0,,,,104.8,-133.5018,68.7463,TRAIL VALLEY,220N005,2023-07-18,,19.9,11.3,15.6,2.4,0.0,,,0.0,,,,86.2,,
2023-07-19,,-133.532794,68.317527,INUVIK CLIMATE,2202578,2023-07-19,,15.2,11.4,13.3,4.7,0.0,,,0.0,,,,104.8,-133.5018,68.7463,TRAIL VALLEY,220N005,2023-07-19,,16.9,10.9,13.9,4.1,0.0,,,0.0,,,,86.2,,
2023-07-20,,-133.532794,68.317527,INUVIK CLIMATE,2202578,2023-07-20,,25.0,13.5,19.2,0.0,1.2,,,0.0,,,,104.8,-133.5018,68.7463,TRAIL VALLEY,220N005,2023-07-20,,21.0,10.0,15.5,2.5,0.0,,,0.0,,,,86.2,,
2023-07-21,,-133.532794,68.317527,INUVIK CLIMATE,2202578,2023-07-21,,30.5,18.5,24.5,0.0,6.5,,,0.0,,,,104.8,-133.5018,68.7463,TRAIL VALLEY,220N005,2023-07-21,,30.0,14.6,22.3,0.0,4.3,,,0.0,,,,86.2,,
2023-07-22,,-133.532794,68.317527,INUVIK CLIMATE,2202578,2023-07-22,,27.4,19.7,23.5,0.0,5.5,,,0.0,,3.0,35.0,104.8,-133.5018,68.7463,TRAIL VALLEY,220N005,2023-07-22,,26.1,18.0,22.1,0.0,4.1,,,0.0,,2.0,36.0,86.2,,
2023-07-23,,-133.532794,68.317527,INUVIK CLIMATE,2202578,2023-07-23,,25.2,16.3,20.8,0.0,2.8,,,0.0,,,,104.8,-133.5018,68.7463,TRAIL VALLEY,220N005,2023-07-23,,21.8,14.3,18.0,0.0,0.0,,,0.0,,,,86.2,,
2023-07-24,,-133.532794,68.317527,INUVIK CLIMATE,2202578,2023-07-24,,24.8,12.1,18.4,0.0,0.4,,,0.0,,1.0,31.0,104.8,-133.5018,68.7463,TRAIL VALLEY,220N005,2023-07-24,,21.0,11.9,16.5,1.5,0.0,,,0.0,,3.0,31.0,86.2,,
2023-07-25,,-133.532794,68.317527,INUVIK CLIMATE,2202578,2023-07-25,,26.1,14.6,20.4,0.0,2.4,,,0.0,,4.0,32.0,104.8,-133.5018,68.7463,TRAIL VALLEY,220N005,2023-07-25,,,,,,,,,,,,,86.2,,
2023-07-26,,-133.532794,68.317527,INUVIK CLIMATE,2202578,2023-07-26,,23.7,15.4,19.6,0.0,1.6,,,0.0,,,,104.8,-133.5018,68.7463,TRAIL VALLEY,220N005,2023-07-26,,23.2,12.0,17.6,0.4,0.0,,,0.0,,,,86.2,,
2023-07-27,,-133.532794,68.317527,INUVIK CLIMATE,2202578,2023-07-27,,28.2,14.6,21.4,0.0,3.4,,,0.0,,,,104.8,-133.5018,68.7463,TRAIL VALLEY,220N005,2023-07-27,,24.7,9.0,16.8,1.2,0.0,,,0.0,,,,86.2,,
2023-07-28,,-133.532794,68.317527,INUVIK CLIMATE,2202578,2023-07-28,,25.3,15.6,20.4,0.0,2.4,,,0.0,,,,104.8,-133.5018,68.7463,TRAIL VALLEY,220N005,2023-07-28,,21.8,12.9,17.3,0.7,0.0,,,0.0,,,,86.2,,
2023-07-29,,-133.532794,68.317527,INUVIK CLIMATE,2202578,2023-07-29,,27.3,15.0,21.2,0.0,3.2,,,0.0,,,,104.8,-133.5018,68.7463,TRAIL VALLEY,220N005,2023-07-29,,25.6,10.1,17.9,0.1,0.0,,,0.0,,,,86.2,,
2023-07-30,,-133.532794,68.317527,INUVIK CLIMATE,2202578,2023-07-30,,28.0,14.1,21.1,0.0,3.1,,,0.0,,,,104.8,-133.5018,68.7463,TRAIL VALLEY,220N005,2023-07-30,,24.1,14.2,19.2,0.0,1.2,,,0.0,,,,86.2,,
2023-07-31,,-133.532794,68.317527,INUVIK CLIMATE,2202578,2023-07-31,,21.6,15.3,18.5,0.0,0.5,,,0.0,,,,104.8,-133.5018,68.7463,TRAIL VALLEY,220N005,2023-07-31,,,,,,,,,,,,,86.2,,
