,snow_depth_in
2022-07-23 10:31:04-06:00,0.0
2022-07-23 16:31:04-06:00,22.24000000000001
2022-07-23 22:31:04-06:00,22.24000000000001
2022-07-24 04:31:04-06:00,17.220000000000027
2022-07-24 10:31:04-06:00,20.809999999999945
,
2022-07-24 22:31:04-06:00,-19.379999999999995
2022-07-25 04:31:04-06:00,21.529999999999973
2022-07-26 22:31:04-06:00,-22.960000000000036
2022-07-27 04:31:04-06:00,25.110000000000014
2022-07-27 10:31:04-06:00,26.549999999999955
2022-07-27 22:31:04-06:00,12.909999999999968
2022-07-28 04:31:04-06:00,24.399999999999977
2022-07-28 10:31:04-06:00,20.809999999999945
2022-07-28 16:31:04-06:00,27.269999999999982
2022-07-28 22:31:04-06:00,21.529999999999973
2022-07-29 04:31:04-06:00,15.779999999999973
2022-07-29 10:31:04-06:00,15.069999999999936
2022-07-29 16:31:04-06:00,17.93999999999994
2022-07-29 22:31:04-06:00,16.5
2022-07-30 04:31:04-06:00,14.350000000000023
2022-07-30 10:31:04-06:00,14.350000000000023
2022-07-30 16:31:04-06:00,25.110000000000014
2022-07-30 22:31:04-06:00,25.829999999999927
2022-07-31 04:31:04-06:00,18.659999999999968
2022-08-01 04:31:04-06:00,25.110000000000014
2022-08-01 10:31:04-06:00,22.960000000000036
2022-08-02 04:31:04-06:00,27.980000000000018
2022-08-02 10:31:04-06:00,23.67999999999995
2022-08-02 22:31:04-06:00,10.759999999999991
2022-08-03 04:31:04-06:00,23.67999999999995
2022-08-03 10:31:04-06:00,25.110000000000014
2022-08-04 04:31:04-06:00,27.269999999999982
2022-08-06 04:31:04-06:00,3.590000000000032
2022-08-06 10:31:04-06:00,27.269999999999982
2022-08-06 16:31:04-06:00,27.980000000000018
2022-08-06 22:31:04-06:00,25.829999999999927
2022-08-07 04:31:04-06:00,20.809999999999945
2022-08-07 10:31:04-06:00,22.960000000000036
2022-08-07 16:31:04-06:00,17.93999999999994
2022-08-08 04:31:04-06:00,27.269999999999982
2022-08-08 22:31:04-06:00,-30.860000000000014
2022-08-09 04:31:04-06:00,27.980000000000018
2022-08-09 10:31:04-06:00,28.699999999999932
2022-08-09 16:31:04-06:00,11.480000000000018
2022-08-09 22:31:04-06:00,28.699999999999932
2022-08-10 04:31:04-06:00,20.090000000000032
2022-08-10 10:31:04-06:00,18.659999999999968
2022-08-10 16:31:04-06:00,30.139999999999986
2022-08-10 22:31:04-06:00,27.980000000000018
2022-08-11 04:31:04-06:00,24.399999999999977
2022-08-11 10:31:04-06:00,25.829999999999927
2022-08-11 22:31:04-06:00,-46.64000000000004
2022-08-12 04:31:04-06:00,26.549999999999955
2022-08-13 04:31:04-06:00,23.67999999999995
2022-08-13 22:31:04-06:00,-36.60000000000002
2022-08-14 04:31:04-06:00,23.67999999999995
2022-08-14 10:31:04-06:00,22.24000000000001
2022-08-14 16:31:04-06:00,27.980000000000018
2022-08-14 22:31:04-06:00,29.41999999999996
2022-08-15 04:31:04-06:00,23.67999999999995
2022-08-15 22:31:04-06:00,14.350000000000023
2022-08-16 04:31:04-06:00,25.829999999999927
2022-08-16 10:31:04-06:00,27.980000000000018
2022-08-16 22:31:04-06:00,-20.090000000000032
2022-08-17 04:31:04-06:00,25.829999999999927
2022-08-18 04:31:04-06:00,20.809999999999945
2022-08-18 10:31:04-06:00,25.110000000000014
2022-08-18 16:31:04-06:00,20.809999999999945
2022-08-18 22:31:04-06:00,20.090000000000032
2022-08-19 04:31:04-06:00,17.93999999999994
2022-08-19 10:31:04-06:00,17.220000000000027
2022-08-19 16:31:04-06:00,21.529999999999973
2022-08-19 22:31:04-06:00,18.659999999999968
2022-08-20 04:31:04-06:00,15.779999999999973
2022-08-20 10:31:04-06:00,14.350000000000023
2022-08-20 16:31:04-06:00,25.829999999999927
2022-08-20 22:31:04-06:00,24.399999999999977
2022-08-21 04:31:04-06:00,19.370000000000005
2022-08-21 10:31:04-06:00,14.350000000000023
2022-08-21 16:31:04-06:00,21.529999999999973
2022-08-21 22:31:04-06:00,21.529999999999973
2022-08-22 04:31:04-06:00,14.350000000000023
2022-08-22 10:31:04-06:00,13.629999999999995
2022-08-22 16:31:04-06:00,22.24000000000001
2022-08-22 22:31:04-06:00,22.960000000000036
2022-08-23 04:31:04-06:00,19.370000000000005
2022-08-23 10:31:04-06:00,24.399999999999977
2022-08-23 22:31:04-06:00,25.829999999999927
2022-08-24 04:31:04-06:00,25.110000000000014
2022-08-24 10:31:04-06:00,23.67999999999995
2022-08-24 22:31:04-06:00,-8.610000000000014
2022-08-25 04:31:04-06:00,25.110000000000014
2022-08-25 22:31:04-06:00,6.460000000000036
2022-08-26 04:31:04-06:00,22.24000000000001
2022-08-26 10:31:04-06:00,22.960000000000036
2022-08-27 04:31:04-06:00,26.549999999999955
2022-08-27 22:31:04-06:00,-3.590000000000032
2022-08-28 04:31:04-06:00,25.110000000000014
2022-08-28 10:31:04-06:00,20.090000000000032
2022-08-28 16:31:04-06:00,25.110000000000014
2022-08-28 22:31:04-06:00,22.960000000000036
2022-08-29 04:31:04-06:00,17.93999999999994
2022-08-29 10:31:04-06:00,16.5
2022-08-29 16:31:04-06:00,29.41999999999996
2022-08-29 22:31:04-06:00,28.699999999999932
2022-08-30 04:31:04-06:00,19.370000000000005
2022-08-30 10:31:04-06:00,20.090000000000032
2022-08-30 22:31:04-06:00,-23.680000000000007
2022-08-31 04:31:04-06:00,19.370000000000005
2022-08-31 22:31:04-06:00,-51.670000000000016
2022-09-01 04:31:04-06:00,25.110000000000014
2022-09-02 04:31:04-06:00,28.699999999999932
2022-09-02 22:31:04-06:00,-55.97000000000003
2022-09-03 04:31:04-06:00,25.110000000000014
2022-09-03 10:31:04-06:00,25.110000000000014
2022-09-03 22:31:04-06:00,25.829999999999927
2022-09-04 04:31:04-06:00,23.67999999999995
2022-09-04 10:31:04-06:00,20.090000000000032
2022-09-04 16:31:04-06:00,25.110000000000014
2022-09-04 22:31:04-06:00,20.809999999999945
2022-09-05 04:31:04-06:00,17.93999999999994
2022-09-05 10:31:04-06:00,14.350000000000023
2022-09-05 16:31:04-06:00,18.659999999999968
2022-09-05 22:31:04-06:00,14.350000000000023
2022-09-06 04:31:04-06:00,14.350000000000023
2022-09-06 10:31:04-06:00,12.909999999999968
2022-09-06 16:31:04-06:00,22.24000000000001
2022-09-06 22:31:04-06:00,19.370000000000005
2022-09-07 04:31:04-06:00,11.480000000000018
2022-09-07 10:31:04-06:00,12.909999999999968
2022-09-07 16:31:04-06:00,26.549999999999955
2022-09-07 22:31:04-06:00,22.960000000000036
2022-09-08 04:31:04-06:00,17.93999999999994
2022-09-08 10:31:04-06:00,17.220000000000027
2022-09-08 22:31:04-06:00,28.699999999999932
2022-09-09 04:31:04-06:00,15.779999999999973
2022-09-09 10:31:04-06:00,17.220000000000027
2022-09-09 16:31:04-06:00,27.980000000000018
2022-09-09 22:31:04-06:00,28.699999999999932
2022-09-10 04:31:04-06:00,20.090000000000032
2022-09-10 10:31:04-06:00,17.93999999999994
2022-09-10 16:31:04-06:00,17.220000000000027
2022-09-10 22:31:04-06:00,15.069999999999936
2022-09-11 04:31:04-06:00,12.909999999999968
2022-09-11 10:31:04-06:00,15.069999999999936
2022-09-11 16:31:04-06:00,23.67999999999995
2022-09-11 22:31:04-06:00,19.370000000000005
2022-09-12 04:31:04-06:00,11.480000000000018
2022-09-12 10:31:04-06:00,12.909999999999968
2022-09-12 16:31:04-06:00,21.529999999999973
2022-09-12 22:31:04-06:00,21.529999999999973
2022-09-13 04:31:04-06:00,13.629999999999995
2022-09-13 10:31:04-06:00,12.199999999999932
2022-09-13 16:31:04-06:00,17.220000000000027
2022-09-13 22:31:04-06:00,13.629999999999995
2022-09-14 04:31:04-06:00,12.909999999999968
2022-09-14 10:31:04-06:00,13.629999999999995
2022-09-14 16:31:04-06:00,16.5
2022-09-14 22:31:04-06:00,19.370000000000005
2022-09-15 04:31:04-06:00,13.629999999999995
2022-09-15 10:31:04-06:00,13.629999999999995
2022-09-15 16:31:04-06:00,15.069999999999936
2022-09-15 22:31:04-06:00,14.350000000000023
2022-09-16 04:31:04-06:00,15.069999999999936
2022-09-16 10:31:04-06:00,12.909999999999968
2022-09-16 16:31:04-06:00,17.93999999999994
2022-09-16 22:31:04-06:00,17.220000000000027
2022-09-17 04:31:04-06:00,15.069999999999936
2022-09-17 10:31:04-06:00,16.5
2022-09-17 16:31:04-06:00,25.829999999999927
2022-09-17 22:31:04-06:00,27.980000000000018
2022-09-18 04:31:04-06:00,19.370000000000005
2022-09-18 10:31:04-06:00,17.220000000000027
2022-09-18 16:31:04-06:00,28.699999999999932
2022-09-18 22:31:04-06:00,28.699999999999932
2022-09-19 04:31:04-06:00,17.220000000000027
2022-09-19 10:31:04-06:00,13.629999999999995
2022-09-19 22:31:04-06:00,29.41999999999996
2022-09-20 04:31:04-06:00,16.5
2022-09-20 10:31:04-06:00,20.090000000000032
2022-09-20 16:31:04-06:00,22.24000000000001
2022-09-20 22:31:04-06:00,18.659999999999968
2022-09-21 04:31:04-06:00,12.199999999999932
2022-09-21 10:31:04-06:00,13.629999999999995
2022-09-21 16:31:04-06:00,22.960000000000036
2022-09-21 22:31:04-06:00,19.370000000000005
2022-09-22 04:31:04-06:00,14.350000000000023
2022-09-22 10:31:04-06:00,12.909999999999968
2022-09-22 16:31:04-06:00,13.629999999999995
2022-09-22 22:31:04-06:00,12.199999999999932
2022-09-23 04:31:04-06:00,11.480000000000018
2022-09-23 10:31:04-06:00,12.199999999999932
2022-09-23 11:00:29-07:00,0.0
2022-09-23 17:00:29-07:00,13.629999999999995
2022-09-23 23:00:29-07:00,10.039999999999964
2022-09-24 05:00:29-07:00,9.329999999999927
2022-09-24 11:00:29-07:00,9.329999999999927
2022-09-24 17:00:29-07:00,13.629999999999995
2022-09-24 23:00:29-07:00,9.329999999999927
2022-09-25 05:00:29-07:00,9.329999999999927
2022-09-25 11:00:29-07:00,10.039999999999964
2022-09-25 17:00:29-07:00,10.759999999999991
2022-09-25 23:00:29-07:00,8.610000000000014
2022-09-26 05:00:29-07:00,7.169999999999959
2022-09-26 11:00:29-07:00,10.039999999999964
2022-09-26 17:00:29-07:00,10.039999999999964
2022-09-26 23:00:29-07:00,9.329999999999927
2022-09-27 05:00:29-07:00,9.329999999999927
2022-09-27 11:00:29-07:00,10.039999999999964
2022-09-27 17:00:29-07:00,10.039999999999964
2022-09-27 23:00:29-07:00,7.889999999999986
2022-09-28 05:00:29-07:00,6.459999999999923
2022-09-28 11:00:29-07:00,7.169999999999959
2022-09-28 17:00:29-07:00,15.789999999999964
2022-09-28 23:00:29-07:00,5.740000000000009
2022-09-29 05:00:29-07:00,6.459999999999923
2022-09-29 11:00:29-07:00,9.329999999999927
2022-09-29 17:00:29-07:00,16.5
2022-09-29 23:00:29-07:00,9.329999999999927
2022-09-30 05:00:29-07:00,7.889999999999986
2022-09-30 11:00:29-07:00,7.889999999999986
2022-09-30 17:00:29-07:00,10.759999999999991
2022-09-30 23:00:29-07:00,8.610000000000014
2022-10-01 05:00:29-07:00,7.169999999999959
2022-10-01 11:00:29-07:00,8.610000000000014
2022-10-01 17:00:29-07:00,10.039999999999964
2022-10-01 23:00:29-07:00,5.740000000000009
2022-10-02 05:00:29-07:00,5.740000000000009
2022-10-02 11:00:29-07:00,7.889999999999986
2022-10-02 17:00:29-07:00,8.610000000000014
2022-10-02 23:00:29-07:00,5.740000000000009
2022-10-03 05:00:29-07:00,6.459999999999923
2022-10-03 11:00:29-07:00,5.740000000000009
2022-10-03 17:00:29-07:00,9.329999999999927
2022-10-03 23:00:29-07:00,6.459999999999923
2022-10-04 05:00:29-07:00,6.459999999999923
2022-10-04 11:00:29-07:00,7.889999999999986
2022-10-04 17:00:29-07:00,13.629999999999995
2022-10-04 23:00:29-07:00,9.329999999999927
2022-10-05 05:00:29-07:00,7.169999999999959
2022-10-05 11:00:29-07:00,7.889999999999986
2022-10-05 17:00:29-07:00,11.480000000000018
2022-10-05 23:00:29-07:00,8.610000000000014
2022-10-06 05:00:29-07:00,8.610000000000014
2022-10-06 11:00:29-07:00,10.039999999999964
2022-10-06 17:00:29-07:00,19.370000000000005
2022-10-06 23:00:29-07:00,15.069999999999936
2022-10-07 05:00:29-07:00,14.350000000000023
2022-10-07 11:00:29-07:00,15.789999999999964
2022-10-07 17:00:29-07:00,26.549999999999955
2022-10-07 23:00:29-07:00,15.789999999999964
2022-10-08 05:00:29-07:00,7.169999999999959
2022-10-08 11:00:29-07:00,8.610000000000014
2022-10-08 17:00:29-07:00,15.789999999999964
2022-10-08 23:00:29-07:00,12.909999999999968
2022-10-09 05:00:29-07:00,10.759999999999991
2022-10-09 11:00:29-07:00,11.480000000000018
2022-10-09 17:00:29-07:00,11.480000000000018
2022-10-09 23:00:29-07:00,8.610000000000014
2022-10-10 05:00:29-07:00,7.889999999999986
2022-10-10 11:00:29-07:00,9.329999999999927
2022-10-10 17:00:29-07:00,10.039999999999964
2022-10-10 23:00:29-07:00,5.740000000000009
2022-10-11 05:00:29-07:00,6.459999999999923
2022-10-11 11:00:29-07:00,9.329999999999927
2022-10-11 17:00:29-07:00,9.329999999999927
2022-10-11 23:00:29-07:00,7.889999999999986
2022-10-12 05:00:29-07:00,7.889999999999986
2022-10-12 11:00:29-07:00,7.169999999999959
2022-10-12 17:00:29-07:00,10.759999999999991
2022-10-12 23:00:29-07:00,5.740000000000009
2022-10-13 05:00:29-07:00,6.459999999999923
2022-10-13 11:00:29-07:00,5.740000000000009
2022-10-13 17:00:29-07:00,6.459999999999923
2022-10-13 23:00:29-07:00,5.019999999999982
2022-10-14 05:00:29-07:00,5.019999999999982
2022-10-14 11:00:29-07:00,6.459999999999923
2022-10-14 17:00:29-07:00,10.039999999999964
2022-10-14 23:00:29-07:00,5.019999999999982
2022-10-15 05:00:29-07:00,5.740000000000009
2022-10-15 11:00:29-07:00,6.459999999999923
2022-10-15 17:00:29-07:00,6.459999999999923
2022-10-15 23:00:29-07:00,5.019999999999982
2022-10-16 05:00:29-07:00,7.169999999999959
2022-10-16 11:00:29-07:00,5.740000000000009
2022-10-16 17:00:29-07:00,7.889999999999986
2022-10-16 23:00:29-07:00,7.169999999999959
2022-10-17 05:00:29-07:00,7.169999999999959
2022-10-17 11:00:29-07:00,6.459999999999923
2022-10-17 17:00:29-07:00,9.329999999999927
2022-10-17 23:00:29-07:00,5.740000000000009
2022-10-18 05:00:29-07:00,6.459999999999923
2022-10-18 11:00:29-07:00,7.169999999999959
2022-10-18 17:00:29-07:00,9.329999999999927
2022-10-18 23:00:29-07:00,8.610000000000014
2022-10-19 05:00:29-07:00,6.459999999999923
2022-10-19 11:00:29-07:00,6.459999999999923
2022-10-19 17:00:29-07:00,7.889999999999986
2022-10-19 23:00:29-07:00,5.740000000000009
2022-10-20 05:00:29-07:00,6.459999999999923
2022-10-20 11:00:29-07:00,6.459999999999923
2022-10-20 17:00:29-07:00,7.889999999999986
2022-10-20 23:00:29-07:00,6.459999999999923
2022-10-21 05:00:29-07:00,6.459999999999923
2022-10-21 11:00:29-07:00,5.740000000000009
2022-10-21 17:00:29-07:00,7.889999999999986
2022-10-21 23:00:29-07:00,5.019999999999982
2022-10-22 05:00:29-07:00,5.019999999999982
2022-10-22 11:00:29-07:00,4.2999999999999545
2022-10-22 17:00:29-07:00,7.169999999999959
2022-10-22 23:00:29-07:00,5.019999999999982
2022-10-23 05:00:29-07:00,5.019999999999982
2022-10-23 11:00:29-07:00,4.2999999999999545
2022-10-23 17:00:29-07:00,7.889999999999986
2022-10-23 23:00:29-07:00,4.2999999999999545
2022-10-24 05:00:29-07:00,5.740000000000009
2022-10-24 11:00:29-07:00,5.740000000000009
2022-10-24 17:00:29-07:00,8.610000000000014
2022-10-24 23:00:29-07:00,4.2999999999999545
2022-10-25 05:00:29-07:00,7.169999999999959
2022-10-25 11:00:29-07:00,5.740000000000009
2022-10-25 17:00:29-07:00,7.169999999999959
2022-10-25 23:00:29-07:00,6.459999999999923
2022-10-26 05:00:29-07:00,5.740000000000009
2022-10-26 11:00:29-07:00,6.459999999999923
2022-10-26 17:00:29-07:00,5.019999999999982
2022-10-26 23:00:29-07:00,6.459999999999923
2022-10-27 05:00:29-07:00,5.740000000000009
2022-10-27 11:00:29-07:00,5.019999999999982
2022-10-27 17:00:29-07:00,7.169999999999959
2022-10-27 23:00:29-07:00,6.459999999999923
2022-10-28 05:00:29-07:00,5.019999999999982
2022-10-28 11:00:29-07:00,5.740000000000009
2022-10-28 17:00:29-07:00,5.740000000000009
2022-10-28 23:00:29-07:00,6.459999999999923
2022-10-29 05:00:29-07:00,5.019999999999982
2022-10-29 11:00:29-07:00,6.459999999999923
2022-10-29 17:00:29-07:00,6.459999999999923
2022-10-29 23:00:29-07:00,5.019999999999982
2022-10-30 05:00:29-07:00,5.019999999999982
2022-10-30 11:00:29-07:00,5.740000000000009
2022-10-30 17:00:29-07:00,7.889999999999986
2022-10-30 23:00:29-07:00,5.019999999999982
2022-10-31 05:00:29-07:00,5.019999999999982
2022-10-31 11:00:29-07:00,5.740000000000009
2022-10-31 17:00:29-07:00,5.019999999999982
2022-10-31 23:00:29-07:00,6.459999999999923
2022-11-01 05:00:29-07:00,6.459999999999923
2022-11-01 11:00:29-07:00,5.740000000000009
2022-11-01 17:00:29-07:00,5.019999999999982
2022-11-01 23:00:29-07:00,5.740000000000009
2022-11-02 05:00:29-07:00,6.459999999999923
2022-11-02 11:00:29-07:00,5.740000000000009
2022-11-02 17:00:29-07:00,6.459999999999923
2022-11-02 23:00:29-07:00,5.740000000000009
2022-11-03 05:00:29-07:00,6.459999999999923
2022-11-03 11:00:29-07:00,5.019999999999982
2022-11-03 17:00:29-07:00,6.459999999999923
2022-11-03 23:00:29-07:00,5.740000000000009
2022-11-04 05:00:29-07:00,5.740000000000009
2022-11-04 11:00:29-07:00,6.459999999999923
2022-11-04 17:00:29-07:00,6.459999999999923
2022-11-04 23:00:29-07:00,4.2999999999999545
2022-11-05 05:00:29-07:00,4.2999999999999545
2022-11-05 11:00:29-07:00,5.019999999999982
2022-11-05 17:00:29-07:00,6.459999999999923
2022-11-05 23:00:29-07:00,5.019999999999982
2022-11-06 05:00:29-07:00,5.019999999999982
2022-11-06 11:00:29-07:00,5.019999999999982
2022-11-06 17:00:29-07:00,5.740000000000009
2022-11-06 23:00:29-07:00,5.740000000000009
2022-11-07 05:00:29-07:00,7.169999999999959
2022-11-07 11:00:29-07:00,5.740000000000009
2022-11-07 17:00:29-07:00,7.169999999999959
2022-11-07 23:00:29-07:00,5.019999999999982
2022-11-08 05:00:29-07:00,7.169999999999959
2022-11-08 11:00:29-07:00,5.019999999999982
2022-11-08 17:00:29-07:00,6.459999999999923
2022-11-08 23:00:29-07:00,5.740000000000009
2022-11-09 05:00:29-07:00,5.740000000000009
2022-11-09 11:00:29-07:00,4.2999999999999545
2022-11-09 17:00:29-07:00,6.459999999999923
2022-11-09 23:00:29-07:00,6.459999999999923
2022-11-10 05:00:29-07:00,6.459999999999923
2022-11-10 11:00:29-07:00,3.590000000000032
2022-11-10 17:00:29-07:00,5.740000000000009
2022-11-10 23:00:29-07:00,5.019999999999982
2022-11-11 05:00:29-07:00,6.459999999999923
2022-11-11 11:00:29-07:00,5.740000000000009
2022-11-11 17:00:29-07:00,4.2999999999999545
2022-11-11 23:00:29-07:00,4.2999999999999545
2022-11-12 05:00:29-07:00,5.740000000000009
2022-11-12 11:00:29-07:00,5.740000000000009
2022-11-12 17:00:29-07:00,6.459999999999923
2022-11-12 23:00:29-07:00,4.2999999999999545
2022-11-13 05:00:29-07:00,5.740000000000009
2022-11-13 11:00:29-07:00,5.019999999999982
2022-11-13 17:00:29-07:00,7.169999999999959
2022-11-13 23:00:29-07:00,5.019999999999982
2022-11-14 05:00:29-07:00,5.740000000000009
2022-11-14 11:00:29-07:00,5.019999999999982
2022-11-14 17:00:29-07:00,5.019999999999982
2022-11-14 23:00:29-07:00,5.019999999999982
2022-11-15 05:00:29-07:00,6.459999999999923
2022-11-15 11:00:29-07:00,5.740000000000009
2022-11-15 17:00:29-07:00,6.459999999999923
2022-11-15 23:00:29-07:00,5.740000000000009
2022-11-16 05:00:29-07:00,5.019999999999982
2022-11-16 11:00:29-07:00,7.169999999999959
2022-11-16 17:00:29-07:00,5.740000000000009
2022-11-16 23:00:29-07:00,5.740000000000009
2022-11-17 05:00:29-07:00,5.019999999999982
2022-11-17 11:00:29-07:00,3.590000000000032
2022-11-17 17:00:29-07:00,7.169999999999959
2022-11-17 23:00:29-07:00,4.2999999999999545
2022-11-18 05:00:29-07:00,4.2999999999999545
2022-11-18 11:00:29-07:00,5.740000000000009
2022-11-18 17:00:29-07:00,7.169999999999959
2022-11-18 23:00:29-07:00,7.889999999999986
2022-11-19 05:00:29-07:00,7.169999999999959
2022-11-19 11:00:29-07:00,6.459999999999923
2022-11-19 17:00:29-07:00,9.329999999999927
2022-11-19 23:00:29-07:00,7.169999999999959
2022-11-20 05:00:29-07:00,6.459999999999923
2022-11-20 11:00:29-07:00,7.169999999999959
2022-11-20 17:00:29-07:00,7.169999999999959
2022-11-20 23:00:29-07:00,7.169999999999959
2022-11-21 05:00:29-07:00,5.740000000000009
2022-11-21 11:00:29-07:00,5.019999999999982
2022-11-21 17:00:29-07:00,6.459999999999923
2022-11-21 23:00:29-07:00,5.019999999999982
2022-11-22 05:00:29-07:00,6.459999999999923
2022-11-22 11:00:29-07:00,5.740000000000009
2022-11-22 17:00:29-07:00,5.019999999999982
2022-11-22 23:00:29-07:00,5.740000000000009
2022-11-23 05:00:29-07:00,5.740000000000009
2022-11-23 11:00:29-07:00,5.019999999999982
2022-11-23 17:00:29-07:00,5.019999999999982
2022-11-23 23:00:29-07:00,5.019999999999982
2022-11-24 05:00:29-07:00,6.459999999999923
2022-11-24 11:00:29-07:00,6.459999999999923
2022-11-24 17:00:29-07:00,5.740000000000009
2022-11-24 23:00:29-07:00,6.459999999999923
2022-11-25 05:00:29-07:00,5.740000000000009
2022-11-25 11:00:29-07:00,6.459999999999923
2022-11-25 17:00:29-07:00,6.459999999999923
2022-11-25 23:00:29-07:00,5.740000000000009
2022-11-26 05:00:29-07:00,6.459999999999923
2022-11-26 11:00:29-07:00,5.740000000000009
2022-11-26 17:00:29-07:00,5.019999999999982
2022-11-26 23:00:29-07:00,5.740000000000009
2022-11-27 05:00:29-07:00,7.889999999999986
2022-11-27 11:00:29-07:00,6.459999999999923
2022-11-27 17:00:29-07:00,7.889999999999986
2022-11-27 23:00:29-07:00,8.610000000000014
2022-11-28 05:00:29-07:00,10.039999999999964
2022-11-28 11:00:29-07:00,7.889999999999986
2022-11-28 17:00:29-07:00,7.889999999999986
2022-11-28 23:00:29-07:00,7.889999999999986
2022-11-29 05:00:29-07:00,7.889999999999986
2022-11-29 11:00:29-07:00,9.329999999999927
2022-11-29 17:00:29-07:00,7.169999999999959
2022-11-29 23:00:29-07:00,7.889999999999986
2022-11-30 05:00:29-07:00,6.459999999999923
2022-11-30 11:00:29-07:00,5.740000000000009
2022-11-30 17:00:29-07:00,5.740000000000009
2022-11-30 23:00:29-07:00,7.169999999999959
2022-12-01 05:00:29-07:00,5.019999999999982
2022-12-01 11:00:29-07:00,5.740000000000009
2022-12-01 17:00:29-07:00,5.019999999999982
2022-12-01 23:00:29-07:00,5.740000000000009
2022-12-02 05:00:29-07:00,5.019999999999982
2022-12-02 11:00:29-07:00,5.019999999999982
2022-12-02 17:00:29-07:00,5.740000000000009
2022-12-02 23:00:29-07:00,7.889999999999986
2022-12-03 05:00:29-07:00,7.889999999999986
2022-12-03 11:00:29-07:00,8.610000000000014
2022-12-03 17:00:29-07:00,5.740000000000009
2022-12-03 23:00:29-07:00,5.740000000000009
2022-12-04 05:00:29-07:00,6.459999999999923
2022-12-04 11:00:29-07:00,7.889999999999986
2022-12-04 17:00:29-07:00,7.889999999999986
2022-12-04 23:00:29-07:00,7.169999999999959
2022-12-05 05:00:29-07:00,6.459999999999923
2022-12-05 11:00:29-07:00,7.889999999999986
2022-12-05 17:00:29-07:00,7.889999999999986
2022-12-05 23:00:29-07:00,7.169999999999959
2022-12-06 05:00:29-07:00,6.459999999999923
2022-12-06 11:00:29-07:00,6.459999999999923
2022-12-06 17:00:29-07:00,8.610000000000014
2022-12-06 23:00:29-07:00,8.610000000000014
2022-12-07 05:00:29-07:00,7.889999999999986
2022-12-07 11:00:29-07:00,7.169999999999959
2022-12-07 17:00:29-07:00,7.889999999999986
2022-12-07 23:00:29-07:00,8.610000000000014
2022-12-08 05:00:29-07:00,7.169999999999959
2022-12-08 11:00:29-07:00,7.889999999999986
2022-12-08 17:00:29-07:00,8.610000000000014
2022-12-08 23:00:29-07:00,9.329999999999927
2022-12-09 05:00:29-07:00,8.610000000000014
2022-12-09 11:00:29-07:00,8.610000000000014
2022-12-09 17:00:29-07:00,7.889999999999986
2022-12-09 23:00:29-07:00,7.169999999999959
2022-12-10 05:00:29-07:00,6.459999999999923
2022-12-10 11:00:29-07:00,6.459999999999923
2022-12-10 17:00:29-07:00,6.459999999999923
2022-12-10 23:00:29-07:00,7.169999999999959
2022-12-11 05:00:29-07:00,5.019999999999982
2022-12-11 11:00:29-07:00,7.169999999999959
2022-12-11 17:00:29-07:00,7.889999999999986
2022-12-11 23:00:29-07:00,7.169999999999959
2022-12-12 05:00:29-07:00,7.889999999999986
2022-12-12 11:00:29-07:00,6.459999999999923
2022-12-12 17:00:29-07:00,6.459999999999923
2022-12-12 23:00:29-07:00,5.019999999999982
2022-12-13 05:00:29-07:00,5.019999999999982
2022-12-13 11:00:29-07:00,7.169999999999959
2022-12-13 17:00:29-07:00,5.740000000000009
2022-12-13 23:00:29-07:00,4.2999999999999545
2022-12-14 05:00:29-07:00,6.459999999999923
2022-12-14 11:00:29-07:00,5.019999999999982
2022-12-14 17:00:29-07:00,6.459999999999923
2022-12-14 23:00:29-07:00,6.459999999999923
2022-12-15 05:00:29-07:00,5.019999999999982
2022-12-15 11:00:29-07:00,5.740000000000009
2022-12-15 17:00:29-07:00,5.740000000000009
2022-12-15 23:00:29-07:00,7.169999999999959
2022-12-16 05:00:29-07:00,5.740000000000009
2022-12-16 11:00:29-07:00,5.019999999999982
2022-12-16 17:00:29-07:00,5.740000000000009
2022-12-16 23:00:29-07:00,6.459999999999923
2022-12-17 05:00:29-07:00,6.459999999999923
2022-12-17 11:00:29-07:00,7.169999999999959
2022-12-17 17:00:29-07:00,6.459999999999923
2022-12-17 23:00:29-07:00,6.459999999999923
2022-12-18 05:00:29-07:00,7.169999999999959
2022-12-18 11:00:29-07:00,8.610000000000014
2022-12-18 17:00:29-07:00,7.169999999999959
2022-12-18 23:00:29-07:00,8.610000000000014
2022-12-19 05:00:29-07:00,8.610000000000014
2022-12-19 11:00:29-07:00,7.889999999999986
2022-12-19 17:00:29-07:00,8.610000000000014
2022-12-19 23:00:29-07:00,8.610000000000014
2022-12-20 05:00:29-07:00,7.169999999999959
2022-12-20 11:00:29-07:00,9.329999999999927
2022-12-20 17:00:29-07:00,7.169999999999959
2022-12-20 23:00:29-07:00,7.889999999999986
2022-12-21 05:00:29-07:00,7.889999999999986
2022-12-21 11:00:29-07:00,7.169999999999959
2022-12-21 17:00:29-07:00,5.740000000000009
2022-12-21 23:00:29-07:00,6.459999999999923
2022-12-22 05:00:29-07:00,7.889999999999986
2022-12-22 11:00:29-07:00,7.169999999999959
2022-12-22 17:00:29-07:00,7.169999999999959
2022-12-22 23:00:29-07:00,7.169999999999959
2022-12-23 05:00:29-07:00,7.889999999999986
2022-12-23 11:00:29-07:00,7.889999999999986
2022-12-23 17:00:29-07:00,9.329999999999927
2022-12-23 23:00:29-07:00,8.610000000000014
2022-12-24 05:00:29-07:00,10.039999999999964
2022-12-24 11:00:29-07:00,10.039999999999964
2022-12-24 17:00:29-07:00,10.759999999999991
2022-12-24 23:00:29-07:00,10.039999999999964
2022-12-25 05:00:29-07:00,10.039999999999964
2022-12-25 11:00:29-07:00,10.759999999999991
2022-12-25 17:00:29-07:00,10.759999999999991
2022-12-25 23:00:29-07:00,10.759999999999991
2022-12-26 05:00:29-07:00,9.329999999999927
2022-12-26 11:00:29-07:00,10.039999999999964
2022-12-26 17:00:29-07:00,9.329999999999927
2022-12-26 23:00:29-07:00,8.610000000000014
2022-12-27 05:00:29-07:00,7.889999999999986
2022-12-27 11:00:29-07:00,8.610000000000014
2022-12-27 17:00:29-07:00,9.329999999999927
2022-12-27 23:00:29-07:00,8.610000000000014
2022-12-28 05:00:29-07:00,8.610000000000014
2022-12-28 11:00:29-07:00,8.610000000000014
2022-12-28 17:00:29-07:00,7.889999999999986
2022-12-28 23:00:29-07:00,7.169999999999959
2022-12-29 05:00:29-07:00,6.459999999999923
2022-12-29 11:00:29-07:00,7.169999999999959
2022-12-29 17:00:29-07:00,7.169999999999959
2022-12-29 23:00:29-07:00,7.169999999999959
2022-12-30 05:00:29-07:00,6.459999999999923
2022-12-30 11:00:29-07:00,5.019999999999982
2022-12-30 17:00:29-07:00,6.459999999999923
2022-12-30 23:00:29-07:00,6.459999999999923
2022-12-31 05:00:29-07:00,5.019999999999982
2022-12-31 11:00:29-07:00,7.169999999999959
2022-12-31 17:00:29-07:00,6.459999999999923
2022-12-31 23:00:29-07:00,6.459999999999923
2023-01-01 05:00:29-07:00,6.459999999999923
2023-01-01 11:00:29-07:00,6.459999999999923
2023-01-01 17:00:29-07:00,6.459999999999923
2023-01-01 23:00:29-07:00,7.169999999999959
2023-01-02 05:00:29-07:00,6.459999999999923
2023-01-02 11:00:29-07:00,6.459999999999923
2023-01-02 17:00:29-07:00,5.019999999999982
2023-01-02 23:00:29-07:00,6.459999999999923
2023-01-03 05:00:29-07:00,5.019999999999982
2023-01-03 11:00:29-07:00,5.019999999999982
2023-01-03 17:00:29-07:00,5.740000000000009
2023-01-03 23:00:29-07:00,6.459999999999923
2023-01-04 05:00:29-07:00,5.019999999999982
2023-01-04 11:00:29-07:00,6.459999999999923
2023-01-04 17:00:29-07:00,5.740000000000009
2023-01-04 23:00:29-07:00,4.2999999999999545
2023-01-05 05:00:29-07:00,6.459999999999923
2023-01-05 11:00:29-07:00,5.019999999999982
2023-01-05 17:00:29-07:00,6.459999999999923
2023-01-05 23:00:29-07:00,6.459999999999923
2023-01-06 05:00:29-07:00,7.169999999999959
2023-01-06 11:00:29-07:00,6.459999999999923
2023-01-06 17:00:29-07:00,5.740000000000009
2023-01-06 23:00:29-07:00,6.459999999999923
2023-01-07 05:00:29-07:00,5.740000000000009
2023-01-07 11:00:29-07:00,5.740000000000009
2023-01-07 17:00:29-07:00,6.459999999999923
2023-01-07 23:00:29-07:00,7.169999999999959
2023-01-08 05:00:29-07:00,7.169999999999959
2023-01-08 11:00:29-07:00,6.459999999999923
2023-01-08 17:00:29-07:00,7.169999999999959
2023-01-08 23:00:29-07:00,5.740000000000009
2023-01-09 05:00:29-07:00,7.169999999999959
2023-01-09 11:00:29-07:00,6.459999999999923
2023-01-09 17:00:29-07:00,5.740000000000009
2023-01-09 23:00:29-07:00,6.459999999999923
2023-01-10 05:00:29-07:00,6.459999999999923
2023-01-10 11:00:29-07:00,7.169999999999959
2023-01-10 17:00:29-07:00,6.459999999999923
2023-01-10 23:00:29-07:00,7.889999999999986
2023-01-11 05:00:29-07:00,8.610000000000014
2023-01-11 11:00:29-07:00,7.889999999999986
2023-01-11 17:00:29-07:00,7.889999999999986
2023-01-11 23:00:29-07:00,7.889999999999986
2023-01-12 05:00:29-07:00,8.610000000000014
2023-01-12 11:00:29-07:00,8.610000000000014
2023-01-12 17:00:29-07:00,8.610000000000014
2023-01-12 23:00:29-07:00,8.610000000000014
2023-01-13 05:00:29-07:00,7.169999999999959
2023-01-13 11:00:29-07:00,6.459999999999923
2023-01-13 17:00:29-07:00,6.459999999999923
2023-01-13 23:00:29-07:00,5.740000000000009
2023-01-14 05:00:29-07:00,7.169999999999959
2023-01-14 11:00:29-07:00,7.169999999999959
2023-01-14 17:00:29-07:00,7.169999999999959
2023-01-14 23:00:29-07:00,9.329999999999927
2023-01-15 05:00:29-07:00,7.889999999999986
2023-01-15 11:00:29-07:00,8.610000000000014
2023-01-15 17:00:29-07:00,7.889999999999986
2023-01-15 23:00:29-07:00,6.459999999999923
2023-01-16 05:00:29-07:00,7.169999999999959
2023-01-16 11:00:29-07:00,7.169999999999959
2023-01-16 17:00:29-07:00,7.169999999999959
2023-01-16 23:00:29-07:00,7.889999999999986
2023-01-17 05:00:29-07:00,6.459999999999923
2023-01-17 11:00:29-07:00,6.459999999999923
2023-01-17 17:00:29-07:00,6.459999999999923
2023-01-17 23:00:29-07:00,5.740000000000009
2023-01-18 05:00:29-07:00,5.740000000000009
2023-01-18 11:00:29-07:00,6.459999999999923
2023-01-18 17:00:29-07:00,6.459999999999923
2023-01-18 23:00:29-07:00,6.459999999999923
2023-01-19 05:00:29-07:00,5.740000000000009
2023-01-19 11:00:29-07:00,7.169999999999959
2023-01-19 17:00:29-07:00,7.169999999999959
2023-01-19 23:00:29-07:00,6.459999999999923
2023-01-20 05:00:29-07:00,6.459999999999923
2023-01-20 11:00:29-07:00,6.459999999999923
2023-01-20 17:00:29-07:00,7.889999999999986
2023-01-20 23:00:29-07:00,7.889999999999986
2023-01-21 05:00:29-07:00,5.740000000000009
2023-01-21 11:00:29-07:00,6.459999999999923
2023-01-21 17:00:29-07:00,6.459999999999923
2023-01-21 23:00:29-07:00,10.759999999999991
2023-01-22 05:00:29-07:00,5.019999999999982
2023-01-22 11:00:29-07:00,5.019999999999982
2023-01-22 17:00:29-07:00,5.740000000000009
2023-01-22 23:00:29-07:00,5.740000000000009
2023-01-23 05:00:29-07:00,6.459999999999923
2023-01-23 11:00:29-07:00,5.740000000000009
2023-01-23 17:00:29-07:00,7.169999999999959
2023-01-23 23:00:29-07:00,6.459999999999923
2023-01-24 05:00:29-07:00,7.889999999999986
2023-01-24 11:00:29-07:00,6.459999999999923
2023-01-24 17:00:29-07:00,6.459999999999923
2023-01-24 23:00:29-07:00,7.169999999999959
2023-01-25 05:00:29-07:00,7.169999999999959
2023-01-25 11:00:29-07:00,5.740000000000009
2023-01-25 17:00:29-07:00,5.740000000000009
2023-01-25 23:00:29-07:00,7.889999999999986
2023-01-26 05:00:29-07:00,7.889999999999986
2023-01-26 11:00:29-07:00,7.889999999999986
2023-01-26 17:00:29-07:00,7.889999999999986
2023-01-26 23:00:29-07:00,8.610000000000014
2023-01-27 05:00:29-07:00,10.039999999999964
2023-01-27 11:00:29-07:00,9.329999999999927
2023-01-27 17:00:29-07:00,8.610000000000014
2023-01-27 23:00:29-07:00,7.889999999999986
2023-01-28 05:00:29-07:00,9.329999999999927
2023-01-28 11:00:29-07:00,7.889999999999986
2023-01-28 17:00:29-07:00,7.889999999999986
2023-01-28 23:00:29-07:00,6.459999999999923
2023-01-29 05:00:29-07:00,6.459999999999923
2023-01-29 11:00:29-07:00,5.019999999999982
2023-01-29 17:00:29-07:00,5.740000000000009
2023-01-29 23:00:29-07:00,7.169999999999959
2023-01-30 05:00:29-07:00,7.169999999999959
2023-01-30 11:00:29-07:00,7.889999999999986
2023-01-30 17:00:29-07:00,9.329999999999927
2023-01-30 23:00:29-07:00,10.039999999999964
2023-01-31 05:00:29-07:00,10.039999999999964
2023-01-31 11:00:29-07:00,10.039999999999964
2023-01-31 17:00:29-07:00,10.759999999999991
2023-01-31 23:00:29-07:00,9.329999999999927
2023-02-01 05:00:29-07:00,9.329999999999927
2023-02-01 11:00:29-07:00,9.329999999999927
2023-02-01 17:00:29-07:00,10.039999999999964
2023-02-01 23:00:29-07:00,9.329999999999927
2023-02-02 05:00:29-07:00,10.039999999999964
2023-02-02 11:00:29-07:00,8.610000000000014
2023-02-02 17:00:29-07:00,10.759999999999991
2023-02-02 23:00:29-07:00,10.039999999999964
2023-02-03 05:00:29-07:00,10.759999999999991
2023-02-03 11:00:29-07:00,10.039999999999964
2023-02-03 17:00:29-07:00,11.480000000000018
2023-02-03 23:00:29-07:00,10.039999999999964
2023-02-04 05:00:29-07:00,10.759999999999991
2023-02-04 11:00:29-07:00,11.480000000000018
2023-02-04 17:00:29-07:00,10.759999999999991
2023-02-04 23:00:29-07:00,10.039999999999964
2023-02-05 05:00:29-07:00,10.039999999999964
2023-02-05 11:00:29-07:00,11.480000000000018
2023-02-05 17:00:29-07:00,10.759999999999991
2023-02-05 23:00:29-07:00,10.039999999999964
2023-02-06 05:00:29-07:00,10.759999999999991
2023-02-06 11:00:29-07:00,10.759999999999991
2023-02-06 17:00:29-07:00,11.480000000000018
2023-02-06 23:00:29-07:00,10.039999999999964
2023-02-07 05:00:29-07:00,10.039999999999964
2023-02-07 11:00:29-07:00,9.329999999999927
2023-02-07 17:00:29-07:00,9.329999999999927
2023-02-07 23:00:29-07:00,7.169999999999959
2023-02-08 05:00:29-07:00,7.169999999999959
2023-02-08 11:00:29-07:00,7.169999999999959
2023-02-08 17:00:29-07:00,7.889999999999986
2023-02-08 23:00:29-07:00,7.889999999999986
2023-02-09 05:00:29-07:00,7.889999999999986
2023-02-09 11:00:29-07:00,8.610000000000014
2023-02-09 17:00:29-07:00,8.610000000000014
2023-02-09 23:00:29-07:00,7.889999999999986
2023-02-10 05:00:29-07:00,5.740000000000009
2023-02-10 11:00:29-07:00,7.889999999999986
2023-02-10 17:00:29-07:00,7.889999999999986
2023-02-10 23:00:29-07:00,7.889999999999986
2023-02-11 05:00:29-07:00,7.889999999999986
2023-02-11 11:00:29-07:00,7.889999999999986
2023-02-11 17:00:29-07:00,8.610000000000014
2023-02-11 23:00:29-07:00,7.169999999999959
2023-02-12 05:00:29-07:00,9.329999999999927
2023-02-12 11:00:29-07:00,8.610000000000014
2023-02-12 17:00:29-07:00,9.329999999999927
2023-02-12 23:00:29-07:00,8.610000000000014
2023-02-13 05:00:29-07:00,10.039999999999964
2023-02-13 11:00:29-07:00,9.329999999999927
2023-02-13 17:00:29-07:00,8.610000000000014
2023-02-13 23:00:29-07:00,7.889999999999986
2023-02-14 05:00:29-07:00,9.329999999999927
2023-02-14 11:00:29-07:00,7.889999999999986
2023-02-14 17:00:29-07:00,9.329999999999927
2023-02-14 23:00:29-07:00,7.889999999999986
2023-02-15 05:00:29-07:00,9.329999999999927
2023-02-15 11:00:29-07:00,8.610000000000014
2023-02-15 17:00:29-07:00,9.329999999999927
2023-02-15 23:00:29-07:00,8.610000000000014
2023-02-16 05:00:29-07:00,10.039999999999964
2023-02-16 11:00:29-07:00,8.610000000000014
2023-02-16 17:00:29-07:00,10.039999999999964
2023-02-16 23:00:29-07:00,9.329999999999927
2023-02-17 05:00:29-07:00,9.329999999999927
2023-02-17 11:00:29-07:00,9.329999999999927
2023-02-17 17:00:29-07:00,8.610000000000014
2023-02-17 23:00:29-07:00,8.610000000000014
2023-02-18 05:00:29-07:00,7.889999999999986
2023-02-18 11:00:29-07:00,8.610000000000014
2023-02-18 17:00:29-07:00,7.169999999999959
2023-02-18 23:00:29-07:00,7.169999999999959
2023-02-19 05:00:29-07:00,9.329999999999927
2023-02-19 11:00:29-07:00,8.610000000000014
2023-02-19 17:00:29-07:00,7.889999999999986
2023-02-19 23:00:29-07:00,7.169999999999959
2023-02-20 05:00:29-07:00,9.329999999999927
2023-02-20 11:00:29-07:00,7.889999999999986
2023-02-20 17:00:29-07:00,7.889999999999986
2023-02-20 23:00:29-07:00,6.459999999999923
2023-02-21 05:00:29-07:00,6.459999999999923
2023-02-21 11:00:29-07:00,7.889999999999986
2023-02-21 17:00:29-07:00,7.889999999999986
2023-02-21 23:00:29-07:00,7.889999999999986
2023-02-22 05:00:29-07:00,9.329999999999927
2023-02-22 11:00:29-07:00,9.329999999999927
2023-02-22 17:00:29-07:00,7.169999999999959
2023-02-22 23:00:29-07:00,6.459999999999923
2023-02-23 05:00:29-07:00,7.169999999999959
2023-02-23 11:00:29-07:00,7.169999999999959
2023-02-23 17:00:29-07:00,5.740000000000009
2023-02-23 23:00:29-07:00,5.019999999999982
2023-02-24 05:00:29-07:00,5.740000000000009
2023-02-24 11:00:29-07:00,5.019999999999982
2023-02-24 17:00:29-07:00,5.740000000000009
2023-02-24 23:00:29-07:00,5.019999999999982
2023-02-25 05:00:29-07:00,5.019999999999982
2023-02-25 11:00:29-07:00,6.459999999999923
2023-02-25 17:00:29-07:00,7.169999999999959
2023-02-25 23:00:29-07:00,4.2999999999999545
2023-02-26 05:00:29-07:00,5.019999999999982
2023-02-26 11:00:29-07:00,5.740000000000009
2023-02-26 17:00:29-07:00,5.740000000000009
2023-02-26 23:00:29-07:00,6.459999999999923
2023-02-27 05:00:29-07:00,7.169999999999959
2023-02-27 11:00:29-07:00,7.889999999999986
2023-02-27 17:00:29-07:00,9.329999999999927
2023-02-27 23:00:29-07:00,7.169999999999959
2023-02-28 05:00:29-07:00,7.889999999999986
2023-02-28 11:00:29-07:00,8.610000000000014
2023-02-28 17:00:29-07:00,9.329999999999927
2023-02-28 23:00:29-07:00,7.169999999999959
2023-03-01 05:00:29-07:00,8.610000000000014
2023-03-01 11:00:29-07:00,9.329999999999927
2023-03-01 17:00:29-07:00,8.610000000000014
2023-03-01 23:00:29-07:00,6.459999999999923
2023-03-02 05:00:29-07:00,9.329999999999927
2023-03-02 11:00:29-07:00,7.169999999999959
2023-03-02 17:00:29-07:00,7.169999999999959
2023-03-02 23:00:29-07:00,7.169999999999959
2023-03-03 05:00:29-07:00,9.329999999999927
2023-03-03 11:00:29-07:00,8.610000000000014
2023-03-03 17:00:29-07:00,9.329999999999927
2023-03-03 23:00:29-07:00,7.889999999999986
2023-03-04 05:00:29-07:00,9.329999999999927
2023-03-04 11:00:29-07:00,10.039999999999964
2023-03-04 17:00:29-07:00,7.889999999999986
2023-03-04 23:00:29-07:00,7.169999999999959
2023-03-05 05:00:29-07:00,9.329999999999927
2023-03-05 11:00:29-07:00,9.329999999999927
2023-03-05 17:00:29-07:00,10.039999999999964
2023-03-05 23:00:29-07:00,5.740000000000009
2023-03-06 05:00:29-07:00,7.169999999999959
2023-03-06 11:00:29-07:00,9.329999999999927
2023-03-06 17:00:29-07:00,9.329999999999927
2023-03-06 23:00:29-07:00,7.889999999999986
2023-03-07 05:00:29-07:00,7.889999999999986
2023-03-07 11:00:29-07:00,8.610000000000014
2023-03-07 17:00:29-07:00,6.459999999999923
2023-03-07 23:00:29-07:00,5.740000000000009
2023-03-08 05:00:29-07:00,5.019999999999982
2023-03-08 11:00:29-07:00,7.169999999999959
2023-03-08 17:00:29-07:00,6.459999999999923
2023-03-08 23:00:29-07:00,5.019999999999982
2023-03-09 05:00:29-07:00,5.740000000000009
2023-03-09 11:00:29-07:00,5.740000000000009
2023-03-09 17:00:29-07:00,6.459999999999923
2023-03-09 23:00:29-07:00,5.019999999999982
2023-03-10 05:00:29-07:00,5.740000000000009
2023-03-10 11:00:29-07:00,5.740000000000009
2023-03-10 17:00:29-07:00,6.459999999999923
2023-03-10 23:00:29-07:00,4.2999999999999545
2023-03-11 05:00:29-07:00,6.459999999999923
2023-03-11 11:00:29-07:00,7.169999999999959
2023-03-11 17:00:29-07:00,7.889999999999986
2023-03-11 23:00:29-07:00,4.2999999999999545
2023-03-12 05:00:29-07:00,6.459999999999923
2023-03-12 11:00:29-07:00,6.459999999999923
2023-03-12 17:00:29-07:00,5.740000000000009
2023-03-12 23:00:29-07:00,5.740000000000009
2023-03-13 05:00:29-07:00,5.019999999999982
2023-03-13 11:00:29-07:00,5.740000000000009
2023-03-13 17:00:29-07:00,9.329999999999927
2023-03-13 23:00:29-07:00,5.740000000000009
2023-03-14 05:00:29-07:00,7.889999999999986
2023-03-14 11:00:29-07:00,9.329999999999927
2023-03-14 17:00:29-07:00,8.610000000000014
2023-03-14 23:00:29-07:00,6.459999999999923
2023-03-15 05:00:29-07:00,8.610000000000014
2023-03-15 11:00:29-07:00,9.329999999999927
2023-03-15 17:00:29-07:00,11.480000000000018
2023-03-15 23:00:29-07:00,7.169999999999959
2023-03-16 05:00:29-07:00,9.329999999999927
2023-03-16 11:00:29-07:00,9.329999999999927
2023-03-16 17:00:29-07:00,9.329999999999927
2023-03-16 23:00:29-07:00,7.169999999999959
2023-03-17 05:00:29-07:00,7.889999999999986
2023-03-17 11:00:29-07:00,10.039999999999964
2023-03-17 17:00:29-07:00,9.329999999999927
2023-03-17 23:00:29-07:00,7.169999999999959
2023-03-18 05:00:29-07:00,7.889999999999986
2023-03-18 11:00:29-07:00,7.169999999999959
2023-03-18 17:00:29-07:00,5.740000000000009
2023-03-18 23:00:29-07:00,3.590000000000032
2023-03-19 05:00:29-07:00,5.740000000000009
2023-03-19 11:00:29-07:00,5.740000000000009
2023-03-19 17:00:29-07:00,5.740000000000009
2023-03-19 23:00:29-07:00,5.019999999999982
2023-03-20 05:00:29-07:00,5.740000000000009
2023-03-20 11:00:29-07:00,6.459999999999923
2023-03-20 17:00:29-07:00,14.350000000000023
2023-03-20 23:00:29-07:00,4.2999999999999545
2023-03-21 05:00:29-07:00,5.740000000000009
2023-03-21 11:00:29-07:00,7.169999999999959
2023-03-21 17:00:29-07:00,14.350000000000023
2023-03-21 23:00:29-07:00,4.2999999999999545
2023-03-22 05:00:29-07:00,3.590000000000032
2023-03-22 11:00:29-07:00,7.889999999999986
2023-03-22 17:00:29-07:00,12.199999999999932
2023-03-22 23:00:29-07:00,4.2999999999999545
2023-03-23 05:00:29-07:00,5.740000000000009
2023-03-23 11:00:29-07:00,7.169999999999959
2023-03-23 17:00:29-07:00,8.610000000000014
2023-03-23 23:00:29-07:00,4.2999999999999545
2023-03-24 05:00:29-07:00,5.019999999999982
2023-03-24 11:00:29-07:00,9.329999999999927
2023-03-24 17:00:29-07:00,21.529999999999973
2023-03-24 23:00:29-07:00,5.740000000000009
2023-03-25 05:00:29-07:00,6.459999999999923
2023-03-25 11:00:29-07:00,6.459999999999923
2023-03-25 17:00:29-07:00,7.169999999999959
2023-03-25 23:00:29-07:00,5.019999999999982
2023-03-26 05:00:29-07:00,5.019999999999982
2023-03-26 11:00:29-07:00,7.169999999999959
2023-03-26 17:00:29-07:00,8.610000000000014
2023-03-26 23:00:29-07:00,6.459999999999923
2023-03-27 05:00:29-07:00,5.019999999999982
2023-03-27 11:00:29-07:00,9.329999999999927
2023-03-27 17:00:29-07:00,12.909999999999968
2023-03-27 23:00:29-07:00,6.459999999999923
2023-03-28 05:00:29-07:00,6.459999999999923
2023-03-28 11:00:29-07:00,8.610000000000014
2023-03-28 17:00:29-07:00,7.169999999999959
2023-03-28 23:00:29-07:00,5.740000000000009
2023-03-29 05:00:29-07:00,5.740000000000009
2023-03-29 11:00:29-07:00,10.039999999999964
2023-03-29 17:00:29-07:00,7.169999999999959
2023-03-29 23:00:29-07:00,3.590000000000032
2023-03-30 05:00:29-07:00,5.740000000000009
2023-03-30 11:00:29-07:00,7.169999999999959
2023-03-30 17:00:29-07:00,5.740000000000009
2023-03-30 23:00:29-07:00,5.019999999999982
2023-03-31 05:00:29-07:00,6.459999999999923
2023-03-31 11:00:29-07:00,7.889999999999986
2023-03-31 17:00:29-07:00,7.169999999999959
2023-03-31 23:00:29-07:00,4.2999999999999545
2023-04-01 05:00:29-07:00,7.169999999999959
2023-04-01 11:00:29-07:00,7.889999999999986
2023-04-01 17:00:29-07:00,7.169999999999959
2023-04-01 23:00:29-07:00,5.740000000000009
2023-04-02 05:00:29-07:00,6.459999999999923
2023-04-02 11:00:29-07:00,9.329999999999927
2023-04-02 17:00:29-07:00,10.759999999999991
2023-04-02 23:00:29-07:00,3.590000000000032
2023-04-03 05:00:29-07:00,5.740000000000009
2023-04-03 11:00:29-07:00,7.889999999999986
2023-04-03 17:00:29-07:00,9.329999999999927
2023-04-03 23:00:29-07:00,4.2999999999999545
2023-04-04 05:00:29-07:00,6.459999999999923
2023-04-04 11:00:29-07:00,7.169999999999959
2023-04-04 17:00:29-07:00,13.629999999999995
2023-04-04 23:00:29-07:00,3.590000000000032
2023-04-05 05:00:29-07:00,5.019999999999982
2023-04-05 11:00:29-07:00,6.459999999999923
2023-04-05 17:00:29-07:00,7.889999999999986
2023-04-05 23:00:29-07:00,4.2999999999999545
2023-04-06 05:00:29-07:00,5.740000000000009
2023-04-06 11:00:29-07:00,7.169999999999959
2023-04-06 17:00:29-07:00,7.169999999999959
2023-04-06 23:00:29-07:00,5.019999999999982
2023-04-07 05:00:29-07:00,6.459999999999923
2023-04-07 11:00:29-07:00,6.459999999999923
2023-04-07 17:00:29-07:00,6.459999999999923
2023-04-07 23:00:29-07:00,5.019999999999982
2023-04-08 05:00:29-07:00,6.459999999999923
2023-04-08 11:00:29-07:00,9.329999999999927
2023-04-08 17:00:29-07:00,7.889999999999986
2023-04-08 23:00:29-07:00,5.019999999999982
2023-04-09 05:00:29-07:00,6.459999999999923
2023-04-09 11:00:29-07:00,8.610000000000014
2023-04-09 17:00:29-07:00,7.889999999999986
2023-04-09 23:00:29-07:00,5.019999999999982
2023-04-10 05:00:29-07:00,4.2999999999999545
2023-04-10 11:00:29-07:00,5.740000000000009
2023-04-10 17:00:29-07:00,8.610000000000014
2023-04-10 23:00:29-07:00,5.740000000000009
2023-04-11 05:00:29-07:00,5.019999999999982
2023-04-11 11:00:29-07:00,6.459999999999923
2023-04-11 17:00:29-07:00,10.759999999999991
2023-04-11 23:00:29-07:00,4.2999999999999545
2023-04-12 05:00:29-07:00,5.019999999999982
2023-04-12 11:00:29-07:00,7.889999999999986
2023-04-12 17:00:29-07:00,7.169999999999959
2023-04-12 23:00:29-07:00,3.590000000000032
2023-04-13 05:00:29-07:00,6.459999999999923
2023-04-13 11:00:29-07:00,8.610000000000014
2023-04-13 17:00:29-07:00,8.610000000000014
2023-04-13 23:00:29-07:00,5.740000000000009
2023-04-14 05:00:29-07:00,7.169999999999959
2023-04-14 11:00:29-07:00,7.889999999999986
2023-04-14 17:00:29-07:00,6.459999999999923
2023-04-14 23:00:29-07:00,5.740000000000009
2023-04-15 05:00:29-07:00,7.169999999999959
2023-04-15 11:00:29-07:00,8.610000000000014
2023-04-15 17:00:29-07:00,8.610000000000014
2023-04-15 23:00:29-07:00,3.590000000000032
2023-04-16 05:00:29-07:00,6.459999999999923
2023-04-16 11:00:29-07:00,5.740000000000009
2023-04-16 17:00:29-07:00,7.169999999999959
2023-04-16 23:00:29-07:00,4.2999999999999545
2023-04-17 05:00:29-07:00,5.019999999999982
2023-04-17 11:00:29-07:00,7.169999999999959
2023-04-17 17:00:29-07:00,5.740000000000009
2023-04-17 23:00:29-07:00,4.2999999999999545
2023-04-18 05:00:29-07:00,6.459999999999923
2023-04-18 11:00:29-07:00,5.740000000000009
2023-04-18 17:00:29-07:00,6.459999999999923
2023-04-18 23:00:29-07:00,5.019999999999982
2023-04-19 05:00:29-07:00,5.740000000000009
2023-04-19 11:00:29-07:00,6.459999999999923
2023-04-19 17:00:29-07:00,10.759999999999991
2023-04-19 23:00:29-07:00,5.740000000000009
2023-04-20 05:00:29-07:00,4.2999999999999545
2023-04-20 11:00:29-07:00,9.329999999999927
2023-04-20 17:00:29-07:00,14.350000000000023
2023-04-20 23:00:29-07:00,5.019999999999982
2023-04-21 05:00:29-07:00,5.740000000000009
2023-04-21 11:00:29-07:00,9.329999999999927
2023-04-21 17:00:29-07:00,12.199999999999932
2023-04-21 23:00:29-07:00,3.590000000000032
2023-04-22 05:00:29-07:00,4.2999999999999545
2023-04-22 11:00:29-07:00,5.740000000000009
2023-04-22 17:00:29-07:00,6.459999999999923
2023-04-22 23:00:29-07:00,5.740000000000009
2023-04-23 05:00:29-07:00,5.740000000000009
2023-04-23 11:00:29-07:00,9.329999999999927
2023-04-23 17:00:29-07:00,6.459999999999923
2023-04-23 23:00:29-07:00,5.740000000000009
2023-04-24 05:00:29-07:00,7.889999999999986
2023-04-24 11:00:29-07:00,10.039999999999964
2023-04-24 17:00:29-07:00,8.610000000000014
2023-04-24 23:00:29-07:00,5.019999999999982
2023-04-25 05:00:29-07:00,7.169999999999959
2023-04-25 11:00:29-07:00,8.610000000000014
2023-04-25 17:00:29-07:00,7.169999999999959
2023-04-25 23:00:29-07:00,5.740000000000009
2023-04-26 05:00:29-07:00,6.459999999999923
2023-04-26 11:00:29-07:00,6.459999999999923
2023-04-26 17:00:29-07:00,9.329999999999927
2023-04-26 23:00:29-07:00,5.019999999999982
2023-04-27 05:00:29-07:00,5.019999999999982
2023-04-27 11:00:29-07:00,7.169999999999959
2023-04-27 17:00:29-07:00,7.169999999999959
2023-04-27 23:00:29-07:00,3.590000000000032
2023-04-28 05:00:29-07:00,5.019999999999982
2023-04-28 11:00:29-07:00,6.459999999999923
2023-04-28 17:00:29-07:00,20.809999999999945
2023-04-28 23:00:29-07:00,5.740000000000009
2023-04-29 05:00:29-07:00,6.459999999999923
2023-04-29 11:00:29-07:00,9.329999999999927
2023-04-29 17:00:29-07:00,10.039999999999964
2023-04-29 23:00:29-07:00,5.740000000000009
2023-04-30 05:00:29-07:00,5.740000000000009
2023-04-30 11:00:29-07:00,7.889999999999986
2023-04-30 17:00:29-07:00,8.610000000000014
2023-04-30 23:00:29-07:00,5.019999999999982
2023-05-01 05:00:29-07:00,5.019999999999982
2023-05-01 11:00:29-07:00,7.169999999999959
2023-05-01 17:00:29-07:00,15.789999999999964
2023-05-01 23:00:29-07:00,9.329999999999927
2023-05-02 05:00:29-07:00,5.740000000000009
2023-05-02 11:00:29-07:00,10.759999999999991
2023-05-02 17:00:29-07:00,20.090000000000032
2023-05-02 23:00:29-07:00,20.809999999999945
2023-05-03 05:00:29-07:00,8.610000000000014
2023-05-03 11:00:29-07:00,12.909999999999968
2023-05-03 17:00:29-07:00,16.5
2023-05-03 23:00:29-07:00,9.329999999999927
2023-05-04 05:00:29-07:00,5.740000000000009
2023-05-04 11:00:29-07:00,21.529999999999973
2023-05-04 17:00:29-07:00,5.740000000000009
2023-05-04 23:00:29-07:00,22.24000000000001
2023-05-05 05:00:29-07:00,9.329999999999927
2023-05-05 11:00:29-07:00,12.909999999999968
2023-05-05 17:00:29-07:00,17.93999999999994
2023-05-05 23:00:29-07:00,11.480000000000018
2023-05-06 05:00:29-07:00,8.610000000000014
2023-05-06 11:00:29-07:00,11.480000000000018
2023-05-06 17:00:29-07:00,15.789999999999964
2023-05-06 23:00:29-07:00,12.199999999999932
2023-05-07 05:00:29-07:00,9.329999999999927
2023-05-07 11:00:29-07:00,10.759999999999991
2023-05-07 17:00:29-07:00,27.980000000000018
2023-05-07 23:00:29-07:00,15.069999999999936
2023-05-08 05:00:29-07:00,7.889999999999986
2023-05-08 11:00:29-07:00,13.629999999999995
2023-05-08 17:00:29-07:00,22.959999999999923
2023-05-08 23:00:29-07:00,8.610000000000014
2023-05-09 05:00:29-07:00,8.610000000000014
2023-05-09 11:00:29-07:00,15.069999999999936
2023-05-09 17:00:29-07:00,27.980000000000018
2023-05-09 23:00:29-07:00,15.069999999999936
2023-05-10 05:00:29-07:00,10.039999999999964
2023-05-10 11:00:29-07:00,25.110000000000014
2023-05-10 17:00:29-07:00,20.809999999999945
2023-05-10 23:00:29-07:00,18.659999999999968
2023-05-11 05:00:29-07:00,7.889999999999986
2023-05-11 11:00:29-07:00,20.090000000000032
2023-05-11 17:00:29-07:00,22.959999999999923
2023-05-11 23:00:29-07:00,20.090000000000032
2023-05-12 05:00:29-07:00,7.889999999999986
2023-05-12 11:00:29-07:00,10.039999999999964
2023-05-12 17:00:29-07:00,15.789999999999964
2023-05-12 23:00:29-07:00,12.909999999999968
2023-05-13 05:00:29-07:00,7.889999999999986
2023-05-13 11:00:29-07:00,12.909999999999968
2023-05-13 17:00:29-07:00,28.699999999999932
2023-05-13 23:00:29-07:00,24.399999999999977
2023-05-14 05:00:29-07:00,14.350000000000023
2023-05-14 11:00:29-07:00,27.269999999999982
2023-05-14 23:00:29-07:00,13.629999999999995
2023-05-15 05:00:29-07:00,21.529999999999973
2023-05-15 23:00:29-07:00,8.610000000000014
2023-05-16 05:00:29-07:00,16.5
2023-05-16 11:00:29-07:00,12.199999999999932
2023-05-16 17:00:29-07:00,16.5
2023-05-16 23:00:29-07:00,10.759999999999991
2023-05-17 05:00:29-07:00,10.039999999999964
2023-05-17 11:00:29-07:00,12.909999999999968
2023-05-17 17:00:29-07:00,20.809999999999945
2023-05-17 23:00:29-07:00,18.659999999999968
2023-05-18 05:00:29-07:00,7.889999999999986
2023-05-18 11:00:29-07:00,10.039999999999964
2023-05-18 17:00:29-07:00,14.350000000000023
2023-05-18 23:00:29-07:00,12.199999999999932
2023-05-19 05:00:29-07:00,7.889999999999986
2023-05-19 11:00:29-07:00,17.93999999999994
2023-05-19 17:00:29-07:00,23.67999999999995
2023-05-19 23:00:29-07:00,25.829999999999927
2023-05-20 05:00:29-07:00,15.789999999999964
2023-05-20 11:00:29-07:00,26.549999999999955
2023-05-20 17:00:29-07:00,25.829999999999927
2023-05-20 23:00:29-07:00,18.659999999999968
2023-05-21 05:00:29-07:00,10.759999999999991
2023-05-21 11:00:29-07:00,11.480000000000018
2023-05-21 17:00:29-07:00,26.549999999999955
2023-05-21 23:00:29-07:00,27.980000000000018
2023-05-22 05:00:29-07:00,20.809999999999945
2023-05-22 23:00:29-07:00,-59.56
2023-05-23 05:00:29-07:00,21.529999999999973
2023-05-23 11:00:29-07:00,27.980000000000018
2023-05-23 23:00:29-07:00,22.959999999999923
2023-05-24 05:00:29-07:00,15.069999999999936
2023-05-24 11:00:29-07:00,12.199999999999932
2023-05-24 17:00:29-07:00,13.629999999999995
2023-05-24 23:00:29-07:00,10.759999999999991
2023-05-25 05:00:29-07:00,10.039999999999964
2023-05-25 11:00:29-07:00,10.039999999999964
2023-05-25 17:00:29-07:00,13.629999999999995
2023-05-25 23:00:29-07:00,13.629999999999995
2023-05-26 05:00:29-07:00,7.889999999999986
2023-05-26 11:00:29-07:00,12.909999999999968
2023-05-26 17:00:29-07:00,23.67999999999995
2023-05-26 23:00:29-07:00,27.980000000000018
2023-05-27 05:00:29-07:00,18.659999999999968
2023-05-27 11:00:29-07:00,16.5
2023-05-27 17:00:29-07:00,21.529999999999973
2023-05-27 23:00:29-07:00,15.789999999999964
2023-05-28 05:00:29-07:00,7.169999999999959
2023-05-28 11:00:29-07:00,15.069999999999936
2023-05-28 17:00:29-07:00,26.549999999999955
2023-05-28 23:00:29-07:00,27.269999999999982
2023-05-29 05:00:29-07:00,17.93999999999994
2023-05-29 23:00:29-07:00,-69.60000000000002
2023-05-30 05:00:29-07:00,25.110000000000014
2023-05-30 23:00:29-07:00,22.959999999999923
2023-05-31 05:00:29-07:00,19.370000000000005
2023-05-31 11:00:29-07:00,25.110000000000014
2023-05-31 23:00:29-07:00,25.829999999999927
2023-06-01 05:00:29-07:00,12.909999999999968
2023-06-01 11:00:29-07:00,12.909999999999968
2023-06-01 17:00:29-07:00,22.24000000000001
2023-06-01 23:00:29-07:00,19.370000000000005
2023-06-02 05:00:29-07:00,12.199999999999932
2023-06-02 23:00:29-07:00,25.110000000000014
2023-06-03 05:00:29-07:00,25.110000000000014
2023-06-03 17:00:29-07:00,-36.60000000000002
2023-06-04 17:00:29-07:00,-51.670000000000016
2023-06-04 23:00:29-07:00,23.67999999999995
2023-06-05 05:00:29-07:00,13.629999999999995
2023-06-05 11:00:29-07:00,20.809999999999945
2023-06-05 23:00:29-07:00,25.829999999999927
2023-06-06 05:00:29-07:00,19.370000000000005
2023-06-06 17:00:29-07:00,-94.72000000000003
2023-06-06 23:00:29-07:00,-66.73000000000002
2023-06-07 05:00:29-07:00,26.549999999999955
2023-06-07 23:00:29-07:00,-35.879999999999995
2023-06-08 05:00:29-07:00,19.370000000000005
2023-06-08 11:00:29-07:00,25.110000000000014
2023-06-08 23:00:29-07:00,26.549999999999955
2023-06-09 05:00:29-07:00,15.789999999999964
2023-06-09 11:00:29-07:00,17.220000000000027
2023-06-09 17:00:29-07:00,26.549999999999955
2023-06-09 23:00:29-07:00,17.220000000000027
2023-06-10 05:00:29-07:00,10.759999999999991
2023-06-10 11:00:29-07:00,12.199999999999932
2023-06-10 17:00:29-07:00,18.659999999999968
2023-06-10 23:00:29-07:00,15.789999999999964
2023-06-11 05:00:29-07:00,15.069999999999936
2023-06-11 11:00:29-07:00,25.829999999999927
2023-06-11 23:00:29-07:00,22.24000000000001
2023-06-12 05:00:29-07:00,27.269999999999982
2023-06-13 05:00:29-07:00,26.549999999999955
2023-06-14 05:00:29-07:00,27.980000000000018
2023-06-14 17:00:29-07:00,-62.43000000000001
2023-06-14 23:00:29-07:00,-23.680000000000007
2023-06-15 05:00:29-07:00,17.93999999999994
2023-06-16 05:00:29-07:00,23.67999999999995
2023-06-16 23:00:29-07:00,-2.8700000000000045
2023-06-17 05:00:29-07:00,20.809999999999945
2023-06-17 11:00:29-07:00,27.269999999999982
2023-06-17 23:00:29-07:00,10.039999999999964
2023-06-18 05:00:29-07:00,18.659999999999968
2023-06-18 11:00:29-07:00,22.24000000000001
2023-06-18 23:00:29-07:00,-0.7200000000000273
2023-06-19 05:00:29-07:00,26.549999999999955
2023-06-19 23:00:29-07:00,-15.79000000000002
2023-06-20 05:00:29-07:00,25.110000000000014
2023-06-20 11:00:29-07:00,23.67999999999995
2023-06-20 17:00:29-07:00,21.529999999999973
2023-06-20 23:00:29-07:00,17.93999999999994
2023-06-21 05:00:29-07:00,25.110000000000014
2023-06-21 11:00:29-07:00,25.829999999999927
2023-06-21 23:00:29-07:00,-36.60000000000002
2023-06-22 05:00:29-07:00,27.269999999999982
2023-06-22 11:00:29-07:00,27.269999999999982
2023-06-22 17:00:29-07:00,27.269999999999982
2023-06-22 23:00:29-07:00,22.24000000000001
2023-06-23 05:00:29-07:00,13.629999999999995
2023-06-23 11:00:29-07:00,20.809999999999945
2023-06-23 23:00:29-07:00,26.549999999999955
2023-06-24 05:00:29-07:00,21.529999999999973
2023-06-27 23:00:29-07:00,11.480000000000018
2023-06-28 05:00:29-07:00,25.829999999999927
2023-06-29 05:00:29-07:00,20.090000000000032
2023-07-01 23:00:29-07:00,-5.740000000000009
2023-07-02 05:00:29-07:00,26.549999999999955
2023-07-11 05:00:29-07:00,2.8700000000000045
2023-07-12 05:00:29-07:00,18.659999999999968
2023-07-13 05:00:29-07:00,26.549999999999955
2023-07-13 17:00:29-07:00,27.980000000000018
2023-07-13 23:00:29-07:00,30.139999999999986
2023-07-14 05:00:29-07:00,26.549999999999955
2023-07-14 11:00:29-07:00,25.110000000000014
2023-07-16 05:00:29-07:00,25.829999999999927
2023-07-16 11:00:29-07:00,15.069999999999936
2023-07-18 05:00:29-07:00,23.67999999999995
2023-07-18 23:00:29-07:00,22.24000000000001
2023-07-19 05:00:29-07:00,27.269999999999982
2023-07-19 23:00:29-07:00,17.93999999999994
2023-07-24 05:00:29-07:00,25.829999999999927
2023-07-25 05:00:29-07:00,28.699999999999932
2023-07-26 11:00:29-07:00,16.5
2023-07-27 05:00:29-07:00,29.41999999999996
2023-07-29 05:00:29-07:00,26.549999999999955
2023-07-30 05:00:29-07:00,11.480000000000018
