date,snow_depth_cm,Longitude (x)_x,Latitude (y)_x,Station Name_x,Climate ID_x,Date/Time_x,Data Quality_x,Max Temp (°C)_x,Min Temp (°C)_x,Mean Temp (°C)_x,Heat Deg Days (°C)_x,Cool Deg Days (°C)_x,Total Rain (mm)_x,Total Snow (cm)_x,Total Precip (mm)_x,Snow on Grnd (cm)_x,Dir of Max Gust (10s deg)_x,Spd of Max Gust (km/h)_x,Elevation_x,Longitude (x)_y,Latitude (y)_y,Station Name_y,Climate ID_y,Date/Time_y,Data Quality_y,Max Temp (°C)_y,Min Temp (°C)_y,Mean Temp (°C)_y,Heat Deg Days (°C)_y,Cool Deg Days (°C)_y,Total Rain (mm)_y,Total Snow (cm)_y,Total Precip (mm)_y,Snow on Grnd (cm)_y,Dir of Max Gust (10s deg)_y,Spd of Max Gust (km/h)_y,Elevation_y
2022-07-23,,-133.532794,68.317527,INUVIK CLIMATE,2202578,2022-07-23,,13.7,9.0,11.4,6.6,0.0,,,4.7,,,,104.8,-133.5018,68.7463,TRAIL VALLEY,220N005,2022-07-23,,15.7,8.0,11.9,6.1,0.0,,,6.1,,27.0,38.0,86.2
2022-07-24,,-133.532794,68.317527,INUVIK CLIMATE,2202578,2022-07-24,,14.9,7.2,11.1,6.9,0.0,,,0.0,,,,104.8,-133.5018,68.7463,TRAIL VALLEY,220N005,2022-07-24,,15.0,6.6,10.8,7.2,0.0,,,0.7,,,,86.2
2022-07-25,,-133.532794,68.317527,INUVIK CLIMATE,2202578,2022-07-25,,26.0,8.5,17.2,0.8,0.0,,,0.0,,,,104.8,-133.5018,68.7463,TRAIL VALLEY,220N005,2022-07-25,,,,,,,,,,,,,86.2
2022-07-26,,-133.532794,68.317527,INUVIK CLIMATE,2202578,2022-07-26,,20.3,15.3,17.8,0.2,0.0,,,0.6,,27.0,46.0,104.8,-133.5018,68.7463,TRAIL VALLEY,220N005,2022-07-26,,19.9,12.3,16.1,1.9,0.0,,,0.0,,26.0,57.0,86.2
2022-07-27,,-133.532794,68.317527,INUVIK CLIMATE,2202578,2022-07-27,,16.8,9.6,13.2,4.8,0.0,,,0.3,,,,104.8,-133.5018,68.7463,TRAIL VALLEY,220N005,2022-07-27,,16.4,6.3,11.3,6.7,0.0,,,0.0,,25.0,49.0,86.2
2022-07-28,,-133.532794,68.317527,INUVIK CLIMATE,2202578,2022-07-28,,13.8,6.7,10.3,7.7,0.0,,,0.8,,36.0,32.0,104.8,-133.5018,68.7463,TRAIL VALLEY,220N005,2022-07-28,,9.8,5.1,7.4,10.6,0.0,,,4.4,,,,86.2
2022-07-29,,-133.532794,68.317527,INUVIK CLIMATE,2202578,2022-07-29,,7.4,4.6,6.0,12.0,0.0,,,2.8,,2.0,32.0,104.8,-133.5018,68.7463,TRAIL VALLEY,220N005,2022-07-29,,,,,,,,,,,,,86.2
2022-07-30,,-133.532794,68.317527,INUVIK CLIMATE,2202578,2022-07-30,,13.4,2.8,8.1,9.9,0.0,,,0.0,,,,104.8,-133.5018,68.7463,TRAIL VALLEY,220N005,2022-07-30,,10.8,1.3,6.1,11.9,0.0,,,0.2,,,,86.2
2022-07-31,,-133.532794,68.317527,INUVIK CLIMATE,2202578,2022-07-31,,20.0,7.0,13.5,4.5,0.0,,,0.0,,,,104.8,-133.5018,68.7463,TRAIL VALLEY,220N005,2022-07-31,,19.5,0.3,9.9,8.1,0.0,,,0.5,,,,86.2
2022-08-01,,-133.532794,68.317527,INUVIK CLIMATE,2202578,2022-08-01,,20.0,7.9,13.9,4.1,0.0,,,0.0,,,,104.8,-133.5018,68.7463,TRAIL VALLEY,220N005,2022-08-01,,19.3,6.2,12.7,5.3,0.0,,,0.0,,,,86.2
2022-08-02,,-133.532794,68.317527,INUVIK CLIMATE,2202578,2022-08-02,,15.0,8.0,11.5,6.5,0.0,,,0.0,,,,104.8,-133.5018,68.7463,TRAIL VALLEY,220N005,2022-08-02,,15.4,7.8,11.6,6.4,0.0,,,0.0,,33.0,33.0,86.2
2022-08-03,,-133.532794,68.317527,INUVIK CLIMATE,2202578,2022-08-03,,19.9,5.2,12.5,5.5,0.0,,,0.0,,,,104.8,-133.5018,68.7463,TRAIL VALLEY,220N005,2022-08-03,,20.1,6.0,13.0,5.0,0.0,,,0.0,,,,86.2
2022-08-04,,-133.532794,68.317527,INUVIK CLIMATE,2202578,2022-08-04,,24.9,11.0,18.0,0.0,0.0,,,0.0,,,,104.8,-133.5018,68.7463,TRAIL VALLEY,220N005,2022-08-04,,24.8,7.7,16.2,1.8,0.0,,,1.0,,,,86.2
2022-08-05,,-133.532794,68.317527,INUVIK CLIMATE,2202578,2022-08-05,,28.2,16.3,22.2,0.0,4.2,,,0.0,,19.0,31.0,104.8,-133.5018,68.7463,TRAIL VALLEY,220N005,2022-08-05,,27.5,13.2,20.4,0.0,2.4,,,0.0,,16.0,43.0,86.2
2022-08-06,,-133.532794,68.317527,INUVIK CLIMATE,2202578,2022-08-06,,19.6,8.5,14.0,4.0,0.0,,,6.3,,29.0,39.0,104.8,-133.5018,68.7463,TRAIL VALLEY,220N005,2022-08-06,,17.3,7.1,12.2,5.8,0.0,,,5.7,,29.0,42.0,86.2
2022-08-07,,-133.532794,68.317527,INUVIK CLIMATE,2202578,2022-08-07,,15.0,6.0,10.5,7.5,0.0,,,0.0,,,,104.8,-133.5018,68.7463,TRAIL VALLEY,220N005,2022-08-07,,14.2,5.3,9.8,8.2,0.0,,,0.0,,,,86.2
2022-08-08,,-133.532794,68.317527,INUVIK CLIMATE,2202578,2022-08-08,,19.6,8.4,14.0,4.0,0.0,,,0.0,,24.0,35.0,104.8,-133.5018,68.7463,TRAIL VALLEY,220N005,2022-08-08,,19.7,6.8,13.2,4.8,0.0,,,0.0,,18.0,42.0,86.2
2022-08-09,,-133.532794,68.317527,INUVIK CLIMATE,2202578,2022-08-09,,15.7,8.2,11.9,6.1,0.0,,,2.1,,,,104.8,-133.5018,68.7463,TRAIL VALLEY,220N005,2022-08-09,,17.7,4.5,11.1,6.9,0.0,,,1.2,,28.0,53.0,86.2
2022-08-10,,-133.532794,68.317527,INUVIK CLIMATE,2202578,2022-08-10,,13.1,5.4,9.2,8.8,0.0,,,0.0,,24.0,31.0,104.8,-133.5018,68.7463,TRAIL VALLEY,220N005,2022-08-10,,,,,,,,,,,,,86.2
2022-08-11,,-133.532794,68.317527,INUVIK CLIMATE,2202578,2022-08-11,,20.4,9.3,14.8,3.2,0.0,,,0.0,,3.0,37.0,104.8,-133.5018,68.7463,TRAIL VALLEY,220N005,2022-08-11,,,,,,,,,,,,,86.2
2022-08-12,,-133.532794,68.317527,INUVIK CLIMATE,2202578,2022-08-12,,25.4,8.2,16.8,1.2,0.0,,,0.0,,23.0,32.0,104.8,-133.5018,68.7463,TRAIL VALLEY,220N005,2022-08-12,,,,,,,,,,,,,86.2
2022-08-13,,-133.532794,68.317527,INUVIK CLIMATE,2202578,2022-08-13,,25.3,9.6,17.5,0.5,0.0,,,0.0,,36.0,41.0,104.8,-133.5018,68.7463,TRAIL VALLEY,220N005,2022-08-13,,25.0,7.9,16.4,1.6,0.0,,,0.4,,1.0,36.0,86.2
2022-08-14,,-133.532794,68.317527,INUVIK CLIMATE,2202578,2022-08-14,,11.9,7.4,9.6,8.4,0.0,,,11.7,,2.0,33.0,104.8,-133.5018,68.7463,TRAIL VALLEY,220N005,2022-08-14,,11.7,6.3,9.0,9.0,0.0,,,8.2,,3.0,38.0,86.2
2022-08-15,,-133.532794,68.317527,INUVIK CLIMATE,2202578,2022-08-15,,13.7,8.4,11.1,6.9,0.0,,,0.1,,,,104.8,-133.5018,68.7463,TRAIL VALLEY,220N005,2022-08-15,,13.7,4.7,9.2,8.8,0.0,,,0.2,,,,86.2
2022-08-16,,-133.532794,68.317527,INUVIK CLIMATE,2202578,2022-08-16,,18.9,11.0,14.9,3.1,0.0,,,0.1,,,,104.8,-133.5018,68.7463,TRAIL VALLEY,220N005,2022-08-16,,16.8,8.3,12.5,5.5,0.0,,,0.2,,,,86.2
2022-08-17,,-133.532794,68.317527,INUVIK CLIMATE,2202578,2022-08-17,,23.4,11.9,17.6,0.4,0.0,,,0.0,,13.0,36.0,104.8,-133.5018,68.7463,TRAIL VALLEY,220N005,2022-08-17,,21.5,5.8,13.7,4.3,0.0,,,0.0,,10.0,33.0,86.2
2022-08-18,,-133.532794,68.317527,INUVIK CLIMATE,2202578,2022-08-18,,18.7,7.2,12.9,5.1,0.0,,,28.7,,28.0,56.0,104.8,-133.5018,68.7463,TRAIL VALLEY,220N005,2022-08-18,,,,,,,,,,,,,86.2
2022-08-19,,-133.532794,68.317527,INUVIK CLIMATE,2202578,2022-08-19,,10.9,7.0,8.9,9.1,0.0,,,0.3,,,,104.8,-133.5018,68.7463,TRAIL VALLEY,220N005,2022-08-19,,,,,,,,,,,,,86.2
2022-08-20,,-133.532794,68.317527,INUVIK CLIMATE,2202578,2022-08-20,,11.8,6.0,8.9,9.1,0.0,,,1.2,,,,104.8,-133.5018,68.7463,TRAIL VALLEY,220N005,2022-08-20,,9.8,4.8,7.3,10.7,0.0,,,1.1,,,,86.2
2022-08-21,,-133.532794,68.317527,INUVIK CLIMATE,2202578,2022-08-21,,10.1,5.7,7.9,10.1,0.0,,,1.3,,4.0,38.0,104.8,-133.5018,68.7463,TRAIL VALLEY,220N005,2022-08-21,,8.7,4.7,6.7,11.3,0.0,,,2.2,,2.0,32.0,86.2
2022-08-22,,-133.532794,68.317527,INUVIK CLIMATE,2202578,2022-08-22,,11.2,2.2,6.7,11.3,0.0,,,0.0,,7.0,36.0,104.8,-133.5018,68.7463,TRAIL VALLEY,220N005,2022-08-22,,9.8,1.6,5.7,12.3,0.0,,,0.0,,9.0,33.0,86.2
2022-08-23,,-133.532794,68.317527,INUVIK CLIMATE,2202578,2022-08-23,,17.3,7.7,12.5,5.5,0.0,,,0.1,,,,104.8,-133.5018,68.7463,TRAIL VALLEY,220N005,2022-08-23,,15.2,7.0,11.1,6.9,0.0,,,0.0,,,,86.2
2022-08-24,,-133.532794,68.317527,INUVIK CLIMATE,2202578,2022-08-24,,18.3,10.7,14.5,3.5,0.0,,,0.6,,,,104.8,-133.5018,68.7463,TRAIL VALLEY,220N005,2022-08-24,,18.0,9.0,13.5,4.5,0.0,,,0.4,,,,86.2
2022-08-25,,-133.532794,68.317527,INUVIK CLIMATE,2202578,2022-08-25,,17.9,12.5,15.2,2.8,0.0,,,0.0,,33.0,33.0,104.8,-133.5018,68.7463,TRAIL VALLEY,220N005,2022-08-25,,17.9,8.3,13.1,4.9,0.0,,,1.6,,30.0,40.0,86.2
2022-08-26,,-133.532794,68.317527,INUVIK CLIMATE,2202578,2022-08-26,,21.7,7.7,14.7,3.3,0.0,,,0.0,,,,104.8,-133.5018,68.7463,TRAIL VALLEY,220N005,2022-08-26,,21.3,4.2,12.7,5.3,0.0,,,0.6,,,,86.2
2022-08-27,,-133.532794,68.317527,INUVIK CLIMATE,2202578,2022-08-27,,18.2,9.3,13.7,4.3,0.0,,,0.0,,,,104.8,-133.5018,68.7463,TRAIL VALLEY,220N005,2022-08-27,,18.4,7.1,12.8,5.2,0.0,,,0.5,,,,86.2
2022-08-28,,-133.532794,68.317527,INUVIK CLIMATE,2202578,2022-08-28,,10.7,5.3,8.0,10.0,0.0,,,0.0,,,,104.8,-133.5018,68.7463,TRAIL VALLEY,220N005,2022-08-28,,9.0,5.1,7.1,10.9,0.0,,,0.5,,,,86.2
2022-08-29,,-133.532794,68.317527,INUVIK CLIMATE,2202578,2022-08-29,,11.4,2.7,7.1,10.9,0.0,,,0.0,,,,104.8,-133.5018,68.7463,TRAIL VALLEY,220N005,2022-08-29,,10.1,4.9,7.5,10.5,0.0,,,1.0,,,,86.2
2022-08-30,,-133.532794,68.317527,INUVIK CLIMATE,2202578,2022-08-30,,15.8,4.3,10.0,8.0,0.0,,,0.0,,,,104.8,-133.5018,68.7463,TRAIL VALLEY,220N005,2022-08-30,,,,,,,,,,,,,86.2
2022-08-31,,-133.532794,68.317527,INUVIK CLIMATE,2202578,2022-08-31,,20.0,7.5,13.7,4.3,0.0,,,0.0,,,,104.8,-133.5018,68.7463,TRAIL VALLEY,220N005,2022-08-31,,19.9,2.6,11.3,6.7,0.0,,,0.6,,20.0,31.0,86.2
2022-09-01,,-133.532794,68.317527,INUVIK CLIMATE,2202578,2022-09-01,,22.2,9.4,15.8,2.2,0.0,,,0.0,,,,104.8,-133.5018,68.7463,TRAIL VALLEY,220N005,2022-09-01,,20.1,7.9,14.0,4.0,0.0,,,0.0,,,,86.2
2022-09-02,,-133.532794,68.317527,INUVIK CLIMATE,2202578,2022-09-02,,19.7,9.5,14.6,3.4,0.0,,,0.0,,,,104.8,-133.5018,68.7463,TRAIL VALLEY,220N005,2022-09-02,,19.9,7.0,13.5,4.5,0.0,,,0.5,,,,86.2
2022-09-03,,-133.532794,68.317527,INUVIK CLIMATE,2202578,2022-09-03,,16.5,10.6,13.6,4.4,0.0,,,0.0,0.0,,,104.8,-133.5018,68.7463,TRAIL VALLEY,220N005,2022-09-03,,17.0,5.5,11.2,6.8,0.0,,,0.2,,,,86.2
2022-09-04,,-133.532794,68.317527,INUVIK CLIMATE,2202578,2022-09-04,,10.6,6.7,8.6,9.4,0.0,,,0.6,,31.0,35.0,104.8,-133.5018,68.7463,TRAIL VALLEY,220N005,2022-09-04,,11.4,5.7,8.6,9.4,0.0,,,0.0,,30.0,37.0,86.2
2022-09-05,,-133.532794,68.317527,INUVIK CLIMATE,2202578,2022-09-05,,6.7,2.9,4.8,13.2,0.0,,,3.0,,33.0,52.0,104.8,-133.5018,68.7463,TRAIL VALLEY,220N005,2022-09-05,,6.6,2.0,4.3,13.7,0.0,,,1.5,,31.0,61.0,86.2
2022-09-06,,-133.532794,68.317527,INUVIK CLIMATE,2202578,2022-09-06,,7.2,0.6,3.9,14.1,0.0,,,0.0,,,,104.8,-133.5018,68.7463,TRAIL VALLEY,220N005,2022-09-06,,6.9,-3.3,1.8,16.2,0.0,,,0.0,,31.0,36.0,86.2
2022-09-07,,-133.532794,68.317527,INUVIK CLIMATE,2202578,2022-09-07,,7.4,0.4,3.9,14.1,0.0,,,0.1,,,,104.8,-133.5018,68.7463,TRAIL VALLEY,220N005,2022-09-07,,9.8,-4.6,2.6,15.4,0.0,,,0.2,,,,86.2
2022-09-08,,-133.532794,68.317527,INUVIK CLIMATE,2202578,2022-09-08,,10.8,4.9,7.9,10.1,0.0,,,0.1,,,,104.8,-133.5018,68.7463,TRAIL VALLEY,220N005,2022-09-08,,10.5,3.0,6.8,11.2,0.0,,,0.6,,,,86.2
2022-09-09,61.8151333333333,-133.532794,68.317527,INUVIK CLIMATE,2202578,2022-09-09,,14.2,4.8,9.5,8.5,0.0,,,1.1,0.0,,,104.8,-133.5018,68.7463,TRAIL VALLEY,220N005,2022-09-09,,12.8,1.9,7.3,10.7,0.0,,,0.4,,9.0,33.0,86.2
2022-09-10,,-133.532794,68.317527,INUVIK CLIMATE,2202578,2022-09-10,,7.9,3.7,5.8,12.2,0.0,,,15.8,,,,104.8,-133.5018,68.7463,TRAIL VALLEY,220N005,2022-09-10,,7.9,3.3,5.6,12.4,0.0,,,7.4,,,,86.2
2022-09-11,47.2418833333332,-133.532794,68.317527,INUVIK CLIMATE,2202578,2022-09-11,,7.1,2.5,4.8,13.2,0.0,,,0.0,0.0,,,104.8,-133.5018,68.7463,TRAIL VALLEY,220N005,2022-09-11,,6.2,2.2,4.2,13.8,0.0,,,0.0,,,,86.2
2022-09-12,,-133.532794,68.317527,INUVIK CLIMATE,2202578,2022-09-12,,13.6,3.4,8.5,9.5,0.0,,,0.0,,,,104.8,-133.5018,68.7463,TRAIL VALLEY,220N005,2022-09-12,,9.4,-2.2,3.6,14.4,0.0,,,0.5,,,,86.2
2022-09-13,,-133.532794,68.317527,INUVIK CLIMATE,2202578,2022-09-13,,5.8,2.1,3.9,14.1,0.0,,,0.4,,8.0,31.0,104.8,-133.5018,68.7463,TRAIL VALLEY,220N005,2022-09-13,,4.3,0.6,2.5,15.5,0.0,,,0.9,,,,86.2
2022-09-14,40.853783333333304,-133.532794,68.317527,INUVIK CLIMATE,2202578,2022-09-14,,8.4,2.2,5.3,12.7,0.0,,,0.0,0.0,7.0,41.0,104.8,-133.5018,68.7463,TRAIL VALLEY,220N005,2022-09-14,,8.7,-0.1,4.3,13.7,0.0,,,0.0,,6.0,34.0,86.2
2022-09-15,44.04783333333329,-133.532794,68.317527,INUVIK CLIMATE,2202578,2022-09-15,,6.9,3.2,5.0,13.0,0.0,,,2.5,0.0,,,104.8,-133.5018,68.7463,TRAIL VALLEY,220N005,2022-09-15,,4.5,2.3,3.4,14.6,0.0,,,9.6,,,,86.2
2022-09-16,,-133.532794,68.317527,INUVIK CLIMATE,2202578,2022-09-16,,5.8,3.1,4.5,13.5,0.0,,,2.0,,,,104.8,-133.5018,68.7463,TRAIL VALLEY,220N005,2022-09-16,,6.5,0.5,3.5,14.5,0.0,,,0.4,,,,86.2
2022-09-17,,-133.532794,68.317527,INUVIK CLIMATE,2202578,2022-09-17,,14.4,3.2,8.8,9.2,0.0,,,0.0,,,,104.8,-133.5018,68.7463,TRAIL VALLEY,220N005,2022-09-17,,14.8,2.4,8.6,9.4,0.0,,,0.4,,19.0,39.0,86.2
2022-09-18,,-133.532794,68.317527,INUVIK CLIMATE,2202578,2022-09-18,,12.7,5.3,9.0,9.0,0.0,,,0.1,,,,104.8,-133.5018,68.7463,TRAIL VALLEY,220N005,2022-09-18,,12.6,4.0,8.3,9.7,0.0,,,0.0,,26.0,37.0,86.2
2022-09-19,,-133.532794,68.317527,INUVIK CLIMATE,2202578,2022-09-19,,13.1,3.7,8.4,9.6,0.0,,,0.0,,,,104.8,-133.5018,68.7463,TRAIL VALLEY,220N005,2022-09-19,,13.2,4.6,8.9,9.1,0.0,,,0.0,,,,86.2
2022-09-20,,-133.532794,68.317527,INUVIK CLIMATE,2202578,2022-09-20,,10.8,3.3,7.0,11.0,0.0,,,1.9,,,,104.8,-133.5018,68.7463,TRAIL VALLEY,220N005,2022-09-20,,10.7,1.5,6.1,11.9,0.0,,,1.2,,29.0,34.0,86.2
2022-09-21,,-133.532794,68.317527,INUVIK CLIMATE,2202578,2022-09-21,,9.3,2.1,5.7,12.3,0.0,,,0.0,,,,104.8,-133.5018,68.7463,TRAIL VALLEY,220N005,2022-09-21,,9.5,0.1,4.8,13.2,0.0,,,0.3,,,,86.2
2022-09-22,,-133.532794,68.317527,INUVIK CLIMATE,2202578,2022-09-22,,4.1,0.7,2.4,15.6,0.0,,,4.4,,33.0,37.0,104.8,-133.5018,68.7463,TRAIL VALLEY,220N005,2022-09-22,,2.7,0.5,1.6,16.4,0.0,,,0.2,,33.0,32.0,86.2
2022-09-23,,-133.532794,68.317527,INUVIK CLIMATE,2202578,2022-09-23,,4.3,0.7,2.5,15.5,0.0,,,0.0,,34.0,35.0,104.8,-133.5018,68.7463,TRAIL VALLEY,220N005,2022-09-23,,3.5,0.7,2.1,15.9,0.0,,,0.5,,31.0,34.0,86.2
2022-09-24,31.74788333333321,-133.532794,68.317527,INUVIK CLIMATE,2202578,2022-09-24,,3.8,1.0,2.4,15.6,0.0,,,0.0,0.0,,,104.8,-133.5018,68.7463,TRAIL VALLEY,220N005,2022-09-24,,2.5,-0.2,1.1,16.9,0.0,,,0.0,,,,86.2
2022-09-25,,-133.532794,68.317527,INUVIK CLIMATE,2202578,2022-09-25,,3.1,-0.1,1.5,16.5,0.0,,,0.1,,,,104.8,-133.5018,68.7463,TRAIL VALLEY,220N005,2022-09-25,,2.2,-1.2,0.5,17.5,0.0,,,0.0,,,,86.2
2022-09-26,,-133.532794,68.317527,INUVIK CLIMATE,2202578,2022-09-26,,2.4,-1.1,0.7,17.3,0.0,,,0.6,,5.0,46.0,104.8,-133.5018,68.7463,TRAIL VALLEY,220N005,2022-09-26,,1.7,-1.4,0.1,17.9,0.0,,,0.4,,4.0,45.0,86.2
2022-09-27,29.468233333333192,-133.532794,68.317527,INUVIK CLIMATE,2202578,2022-09-27,,0.0,-1.1,-0.5,18.5,0.0,,,14.9,1.0,30.0,49.0,104.8,-133.5018,68.7463,TRAIL VALLEY,220N005,2022-09-27,,,,,,,,,,7.0,,,86.2
2022-09-28,24.908933333333223,-133.532794,68.317527,INUVIK CLIMATE,2202578,2022-09-28,,0.3,-6.4,-3.1,21.1,0.0,,,1.8,12.0,,,104.8,-133.5018,68.7463,TRAIL VALLEY,220N005,2022-09-28,,0.3,-5.5,-2.6,20.6,0.0,,,1.8,16.0,32.0,33.0,86.2
2022-09-29,28.566533333333215,-133.532794,68.317527,INUVIK CLIMATE,2202578,2022-09-29,,5.2,-4.4,0.4,17.6,0.0,,,0.0,11.0,,,104.8,-133.5018,68.7463,TRAIL VALLEY,220N005,2022-09-29,,3.2,-6.0,-1.4,19.4,0.0,,,0.4,16.0,,,86.2
2022-09-30,31.290683333333266,-133.532794,68.317527,INUVIK CLIMATE,2202578,2022-09-30,,2.7,-1.5,0.6,17.4,0.0,,,0.0,9.0,,,104.8,-133.5018,68.7463,TRAIL VALLEY,220N005,2022-09-30,,1.8,-1.9,0.0,18.0,0.0,,,0.0,15.0,20.0,45.0,86.2
2022-10-01,27.188583333333316,-133.532794,68.317527,INUVIK CLIMATE,2202578,2022-10-01,,0.1,-3.2,-1.6,19.6,0.0,,,0.3,8.0,35.0,40.0,104.8,-133.5018,68.7463,TRAIL VALLEY,220N005,2022-10-01,,-0.3,-3.0,-1.6,19.6,0.0,,,0.0,14.0,2.0,33.0,86.2
2022-10-02,23.54368333333331,-133.532794,68.317527,INUVIK CLIMATE,2202578,2022-10-02,,-2.1,-5.0,-3.6,21.6,0.0,,,0.7,6.0,,,104.8,-133.5018,68.7463,TRAIL VALLEY,220N005,2022-10-02,,-2.8,-4.7,-3.8,21.8,0.0,,,0.0,17.0,32.0,35.0,86.2
2022-10-03,21.7275833333333,-133.532794,68.317527,INUVIK CLIMATE,2202578,2022-10-03,,-1.4,-4.3,-2.8,20.8,0.0,,,0.0,9.0,,,104.8,-133.5018,68.7463,TRAIL VALLEY,220N005,2022-10-03,,-2.5,-8.1,-5.3,23.3,0.0,,,0.0,16.0,,,86.2
2022-10-04,24.007233333333176,-133.532794,68.317527,INUVIK CLIMATE,2202578,2022-10-04,,2.4,-4.3,-1.0,19.0,0.0,,,0.0,8.0,16.0,33.0,104.8,-133.5018,68.7463,TRAIL VALLEY,220N005,2022-10-04,,1.3,-4.7,-1.7,19.7,0.0,,,0.0,16.0,19.0,61.0,86.2
2022-10-05,29.011033333333245,-133.532794,68.317527,INUVIK CLIMATE,2202578,2022-10-05,,2.6,-1.1,0.7,17.3,0.0,,,1.0,7.0,,,104.8,-133.5018,68.7463,TRAIL VALLEY,220N005,2022-10-05,,,,,,,,,,16.0,,,86.2
2022-10-06,29.468233333333334,-133.532794,68.317527,INUVIK CLIMATE,2202578,2022-10-06,,9.5,-0.5,4.5,13.5,0.0,,,0.0,6.0,23.0,34.0,104.8,-133.5018,68.7463,TRAIL VALLEY,220N005,2022-10-06,,8.4,-1.0,3.7,14.3,0.0,,,0.0,14.0,20.0,57.0,86.2
2022-10-07,,-133.532794,68.317527,INUVIK CLIMATE,2202578,2022-10-07,,12.4,3.7,8.1,9.9,0.0,,,0.2,,26.0,39.0,104.8,-133.5018,68.7463,TRAIL VALLEY,220N005,2022-10-07,,10.9,-2.3,4.3,13.7,0.0,,,0.0,0.0,22.0,56.0,86.2
2022-10-08,,-133.532794,68.317527,INUVIK CLIMATE,2202578,2022-10-08,,7.2,-1.5,2.8,15.2,0.0,,,0.4,,,,104.8,-133.5018,68.7463,TRAIL VALLEY,220N005,2022-10-08,,5.6,-3.3,1.2,16.8,0.0,,,0.0,,27.0,39.0,86.2
2022-10-09,,-133.532794,68.317527,INUVIK CLIMATE,2202578,2022-10-09,,4.5,0.3,2.4,15.6,0.0,,,1.0,,34.0,34.0,104.8,-133.5018,68.7463,TRAIL VALLEY,220N005,2022-10-09,,4.0,0.5,2.3,15.7,0.0,,,1.7,,32.0,34.0,86.2
2022-10-10,28.560183333333296,-133.532794,68.317527,INUVIK CLIMATE,2202578,2022-10-10,,0.4,-3.7,-1.7,19.7,0.0,,,5.6,1.0,34.0,55.0,104.8,-133.5018,68.7463,TRAIL VALLEY,220N005,2022-10-10,,1.1,-6.4,-2.6,20.6,0.0,,,2.6,,33.0,58.0,86.2
2022-10-11,24.915283333333218,-133.532794,68.317527,INUVIK CLIMATE,2202578,2022-10-11,,-1.0,-3.9,-2.5,20.5,0.0,,,0.1,1.0,,,104.8,-133.5018,68.7463,TRAIL VALLEY,220N005,2022-10-11,,-0.7,-5.5,-3.1,21.1,0.0,,,0.0,0.0,28.0,31.0,86.2
2022-10-12,25.36613333333324,-133.532794,68.317527,INUVIK CLIMATE,2202578,2022-10-12,,-0.2,-7.5,-3.9,21.9,0.0,,,0.0,0.0,,,104.8,-133.5018,68.7463,TRAIL VALLEY,220N005,2022-10-12,,-0.5,-7.1,-3.8,21.8,0.0,,,0.0,0.0,,,86.2
2022-10-13,23.09283333333329,-133.532794,68.317527,INUVIK CLIMATE,2202578,2022-10-13,,-3.3,-8.1,-5.7,23.7,0.0,,,0.0,0.0,,,104.8,-133.5018,68.7463,TRAIL VALLEY,220N005,2022-10-13,,-2.9,-8.1,-5.5,23.5,0.0,,,0.5,0.0,29.0,31.0,86.2
2022-10-14,,-133.532794,68.317527,INUVIK CLIMATE,2202578,2022-10-14,,-2.5,-9.3,-5.9,23.9,0.0,,,0.0,,,,104.8,-133.5018,68.7463,TRAIL VALLEY,220N005,2022-10-14,,-3.3,-8.7,-6.0,24.0,0.0,,,0.0,1.0,27.0,34.0,86.2
2022-10-15,,-133.532794,68.317527,INUVIK CLIMATE,2202578,2022-10-15,,-4.3,-9.0,-6.6,24.6,0.0,,,0.0,,10.0,31.0,104.8,-133.5018,68.7463,TRAIL VALLEY,220N005,2022-10-15,,-3.5,-9.9,-6.7,24.7,0.0,,,0.0,1.0,,,86.2
2022-10-16,,-133.532794,68.317527,INUVIK CLIMATE,2202578,2022-10-16,,-1.2,-7.2,-4.2,22.2,0.0,,,0.6,,9.0,32.0,104.8,-133.5018,68.7463,TRAIL VALLEY,220N005,2022-10-16,,-0.9,-7.0,-3.9,21.9,0.0,,,0.3,2.0,12.0,37.0,86.2
2022-10-17,23.08648333333322,-133.532794,68.317527,INUVIK CLIMATE,2202578,2022-10-17,,-0.4,-2.8,-1.6,19.6,0.0,,,0.8,1.0,,,104.8,-133.5018,68.7463,TRAIL VALLEY,220N005,2022-10-17,,-0.6,-5.8,-3.2,21.2,0.0,,,0.2,4.0,,,86.2
2022-10-18,23.092833333333214,-133.532794,68.317527,INUVIK CLIMATE,2202578,2022-10-18,,-2.0,-6.4,-4.2,22.2,0.0,,,0.0,1.0,,,104.8,-133.5018,68.7463,TRAIL VALLEY,220N005,2022-10-18,,-0.3,-6.5,-3.4,21.4,0.0,,,0.2,4.0,,,86.2
2022-10-19,24.464433333333194,-133.532794,68.317527,INUVIK CLIMATE,2202578,2022-10-19,,-2.6,-5.0,-3.8,21.8,0.0,,,0.0,1.0,,,104.8,-133.5018,68.7463,TRAIL VALLEY,220N005,2022-10-19,,-2.6,-5.2,-3.9,21.9,0.0,,,0.4,4.0,,,86.2
2022-10-20,21.72758333333323,-133.532794,68.317527,INUVIK CLIMATE,2202578,2022-10-20,,-3.1,-7.8,-5.5,23.5,0.0,,,4.6,5.0,,,104.8,-133.5018,68.7463,TRAIL VALLEY,220N005,2022-10-20,,-2.9,-4.9,-3.9,21.9,0.0,,,2.2,6.0,,,86.2
2022-10-21,21.72758333333323,-133.532794,68.317527,INUVIK CLIMATE,2202578,2022-10-21,,-6.0,-10.3,-8.2,26.2,0.0,,,0.0,8.0,,,104.8,-133.5018,68.7463,TRAIL VALLEY,220N005,2022-10-21,,-4.8,-13.5,-9.2,27.2,0.0,,,0.0,7.0,,,86.2
2022-10-22,18.98438333333327,-133.532794,68.317527,INUVIK CLIMATE,2202578,2022-10-22,,-8.0,-11.5,-9.8,27.8,0.0,,,0.2,7.0,,,104.8,-133.5018,68.7463,TRAIL VALLEY,220N005,2022-10-22,,-5.2,-15.6,-10.4,28.4,0.0,,,0.7,7.0,,,86.2
2022-10-23,18.52718333333325,-133.532794,68.317527,INUVIK CLIMATE,2202578,2022-10-23,,-9.3,-13.2,-11.3,29.3,0.0,,,0.0,7.0,,,104.8,-133.5018,68.7463,TRAIL VALLEY,220N005,2022-10-23,,-6.7,-15.6,-11.1,29.1,0.0,,,0.0,7.0,,,86.2
2022-10-24,19.898783333333306,-133.532794,68.317527,INUVIK CLIMATE,2202578,2022-10-24,,-8.9,-16.0,-12.5,30.5,0.0,,,0.0,7.0,,,104.8,-133.5018,68.7463,TRAIL VALLEY,220N005,2022-10-24,,-10.9,-19.5,-15.2,33.2,0.0,,,0.5,7.0,,,86.2
2022-10-25,21.264033333333288,-133.532794,68.317527,INUVIK CLIMATE,2202578,2022-10-25,,-9.8,-16.1,-13.0,31.0,0.0,,,0.0,7.0,,,104.8,-133.5018,68.7463,TRAIL VALLEY,220N005,2022-10-25,,,,,,,,,,8.0,,,86.2
2022-10-26,21.27038333333321,-133.532794,68.317527,INUVIK CLIMATE,2202578,2022-10-26,,-6.8,-10.3,-8.6,26.6,0.0,,,0.0,6.0,8.0,40.0,104.8,-133.5018,68.7463,TRAIL VALLEY,220N005,2022-10-26,,-7.8,-11.5,-9.7,27.7,0.0,,,0.0,9.0,6.0,34.0,86.2
2022-10-27,18.990733333333264,-133.532794,68.317527,INUVIK CLIMATE,2202578,2022-10-27,,-9.3,-14.6,-12.0,30.0,0.0,,,0.0,9.0,8.0,33.0,104.8,-133.5018,68.7463,TRAIL VALLEY,220N005,2022-10-27,,-8.8,-15.1,-11.9,29.9,0.0,,,0.0,8.0,,,86.2
2022-10-28,20.35598333333325,-133.532794,68.317527,INUVIK CLIMATE,2202578,2022-10-28,,-9.0,-11.2,-10.1,28.1,0.0,,,0.2,8.0,,,104.8,-133.5018,68.7463,TRAIL VALLEY,220N005,2022-10-28,,-8.2,-11.9,-10.1,28.1,0.0,,,0.0,8.0,,,86.2
2022-10-29,19.905133333333225,-133.532794,68.317527,INUVIK CLIMATE,2202578,2022-10-29,,-9.1,-12.1,-10.6,28.6,0.0,,,0.1,9.0,6.0,34.0,104.8,-133.5018,68.7463,TRAIL VALLEY,220N005,2022-10-29,,-9.0,-14.9,-11.9,29.9,0.0,,,0.2,10.0,,,86.2
2022-10-30,18.990733333333264,-133.532794,68.317527,INUVIK CLIMATE,2202578,2022-10-30,,-9.1,-17.1,-13.1,31.1,0.0,,,0.0,9.0,,,104.8,-133.5018,68.7463,TRAIL VALLEY,220N005,2022-10-30,,-10.5,-18.1,-14.3,32.3,0.0,,,0.2,9.0,,,86.2
2022-10-31,19.898783333333302,-133.532794,68.317527,INUVIK CLIMATE,2202578,2022-10-31,,-11.1,-15.2,-13.1,31.1,0.0,,,0.0,9.0,,,104.8,-133.5018,68.7463,TRAIL VALLEY,220N005,2022-10-31,,-10.8,-18.6,-14.7,32.7,0.0,,,0.2,12.0,,,86.2
2022-11-01,19.905133333333225,-133.532794,68.317527,INUVIK CLIMATE,2202578,2022-11-01,,-13.1,-15.6,-14.3,32.3,0.0,,,0.0,9.0,14.0,32.0,104.8,-133.5018,68.7463,TRAIL VALLEY,220N005,2022-11-01,,-12.8,-15.4,-14.1,32.1,0.0,,,0.0,10.0,16.0,36.0,86.2
2022-11-02,19.447933333333282,-133.532794,68.317527,INUVIK CLIMATE,2202578,2022-11-02,,-13.7,-16.7,-15.2,33.2,0.0,,,0.1,9.0,15.0,36.0,104.8,-133.5018,68.7463,TRAIL VALLEY,220N005,2022-11-02,,-13.8,-17.9,-15.8,33.8,0.0,,,0.0,10.0,14.0,38.0,86.2
2022-11-03,19.905133333333225,-133.532794,68.317527,INUVIK CLIMATE,2202578,2022-11-03,,-11.4,-14.2,-12.8,30.8,0.0,,,0.6,9.0,,,104.8,-133.5018,68.7463,TRAIL VALLEY,220N005,2022-11-03,,-10.5,-16.2,-13.3,31.3,0.0,,,0.2,10.0,,,86.2
2022-11-04,20.362333333333243,-133.532794,68.317527,INUVIK CLIMATE,2202578,2022-11-04,,-10.6,-13.4,-12.0,30.0,0.0,,,0.9,10.0,1.0,37.0,104.8,-133.5018,68.7463,TRAIL VALLEY,220N005,2022-11-04,,-10.0,-13.1,-11.6,29.6,0.0,,,0.3,9.0,3.0,40.0,86.2
2022-11-05,17.619133333333213,-133.532794,68.317527,INUVIK CLIMATE,2202578,2022-11-05,,-12.4,-15.5,-13.9,31.9,0.0,,,0.0,12.0,29.0,36.0,104.8,-133.5018,68.7463,TRAIL VALLEY,220N005,2022-11-05,,-12.1,-17.5,-14.8,32.8,0.0,,,0.2,11.0,30.0,44.0,86.2
2022-11-06,18.533533333333246,-133.532794,68.317527,INUVIK CLIMATE,2202578,2022-11-06,,-12.4,-16.8,-14.6,32.6,0.0,,,0.9,14.0,30.0,35.0,104.8,-133.5018,68.7463,TRAIL VALLEY,220N005,2022-11-06,,-11.3,-17.2,-14.3,32.3,0.0,,,0.2,8.0,30.0,42.0,86.2
2022-11-07,20.35598333333332,-133.532794,68.317527,INUVIK CLIMATE,2202578,2022-11-07,,-13.6,-19.6,-16.6,34.6,0.0,,,0.0,13.0,,,104.8,-133.5018,68.7463,TRAIL VALLEY,220N005,2022-11-07,,-13.2,-19.5,-16.4,34.4,0.0,,,0.0,8.0,21.0,42.0,86.2
2022-11-08,20.349633333333255,-133.532794,68.317527,INUVIK CLIMATE,2202578,2022-11-08,,-4.1,-13.8,-8.9,26.9,0.0,,,0.0,13.0,17.0,38.0,104.8,-133.5018,68.7463,TRAIL VALLEY,220N005,2022-11-08,,-2.8,-18.0,-10.4,28.4,0.0,,,0.0,8.0,18.0,43.0,86.2
2022-11-09,18.990733333333264,-133.532794,68.317527,INUVIK CLIMATE,2202578,2022-11-09,,-3.9,-8.7,-6.3,24.3,0.0,,,0.0,12.0,16.0,35.0,104.8,-133.5018,68.7463,TRAIL VALLEY,220N005,2022-11-09,,-2.4,-13.2,-7.8,25.8,0.0,,,0.0,8.0,18.0,42.0,86.2
2022-11-10,19.454283333333205,-133.532794,68.317527,INUVIK CLIMATE,2202578,2022-11-10,,-4.7,-10.5,-7.6,25.6,0.0,,,0.2,12.0,19.0,31.0,104.8,-133.5018,68.7463,TRAIL VALLEY,220N005,2022-11-10,,-4.4,-9.7,-7.0,25.0,0.0,,,0.4,8.0,19.0,44.0,86.2
2022-11-11,19.447933333333282,-133.532794,68.317527,INUVIK CLIMATE,2202578,2022-11-11,,-6.8,-10.9,-8.9,26.9,0.0,,,1.2,14.0,,,104.8,-133.5018,68.7463,TRAIL VALLEY,220N005,2022-11-11,,-4.4,-11.8,-8.1,26.1,0.0,,,1.4,9.0,26.0,39.0,86.2
2022-11-12,17.619133333333284,-133.532794,68.317527,INUVIK CLIMATE,2202578,2022-11-12,,-4.6,-10.3,-7.5,25.5,0.0,,,0.0,13.0,,,104.8,-133.5018,68.7463,TRAIL VALLEY,220N005,2022-11-12,,-4.9,-14.4,-9.6,27.6,0.0,,,0.0,8.0,18.0,40.0,86.2
2022-11-13,18.533533333333246,-133.532794,68.317527,INUVIK CLIMATE,2202578,2022-11-13,,-8.4,-17.9,-13.2,31.2,0.0,,,0.0,13.0,,,104.8,-133.5018,68.7463,TRAIL VALLEY,220N005,2022-11-13,,-7.0,-16.1,-11.5,29.5,0.0,,,0.4,8.0,,,86.2
2022-11-14,19.441583333333288,-133.532794,68.317527,INUVIK CLIMATE,2202578,2022-11-14,,-7.1,-13.2,-10.2,28.2,0.0,,,2.4,13.0,32.0,44.0,104.8,-133.5018,68.7463,TRAIL VALLEY,220N005,2022-11-14,,-7.0,-15.1,-11.0,29.0,0.0,,,2.8,9.0,33.0,47.0,86.2
2022-11-15,18.990733333333264,-133.532794,68.317527,INUVIK CLIMATE,2202578,2022-11-15,,-12.5,-17.2,-14.9,32.9,0.0,,,0.1,16.0,32.0,31.0,104.8,-133.5018,68.7463,TRAIL VALLEY,220N005,2022-11-15,,-12.8,-19.6,-16.2,34.2,0.0,,,0.7,16.0,20.0,36.0,86.2
2022-11-16,20.35598333333325,-133.532794,68.317527,INUVIK CLIMATE,2202578,2022-11-16,,-3.8,-13.2,-8.5,26.5,0.0,,,0.0,16.0,,,104.8,-133.5018,68.7463,TRAIL VALLEY,220N005,2022-11-16,,-4.6,-13.7,-9.2,27.2,0.0,,,0.0,16.0,20.0,48.0,86.2
2022-11-17,17.62548333333335,-133.532794,68.317527,INUVIK CLIMATE,2202578,2022-11-17,,-2.3,-8.9,-5.6,23.6,0.0,,,0.0,16.0,,,104.8,-133.5018,68.7463,TRAIL VALLEY,220N005,2022-11-17,,0.4,-6.5,-3.1,21.1,0.0,,,0.0,10.0,28.0,50.0,86.2
2022-11-18,18.52718333333325,-133.532794,68.317527,INUVIK CLIMATE,2202578,2022-11-18,,0.2,-6.7,-3.2,21.2,0.0,,,0.0,15.0,,,104.8,-133.5018,68.7463,TRAIL VALLEY,220N005,2022-11-18,,,,,,,,,,10.0,,,86.2
2022-11-19,23.08648333333322,-133.532794,68.317527,INUVIK CLIMATE,2202578,2022-11-19,,0.3,-4.9,-2.3,20.3,0.0,,,3.4,15.0,,,104.8,-133.5018,68.7463,TRAIL VALLEY,220N005,2022-11-19,,0.7,-5.6,-2.5,20.5,0.0,,,1.8,9.0,31.0,39.0,86.2
2022-11-20,24.00088333333318,-133.532794,68.317527,INUVIK CLIMATE,2202578,2022-11-20,,-4.6,-6.4,-5.5,23.5,0.0,,,0.3,19.0,,,104.8,-133.5018,68.7463,TRAIL VALLEY,220N005,2022-11-20,,-4.9,-7.3,-6.1,24.1,0.0,,,0.2,9.0,,,86.2
2022-11-21,20.806833333333273,-133.532794,68.317527,INUVIK CLIMATE,2202578,2022-11-21,,-6.2,-10.2,-8.2,26.2,0.0,,,0.0,19.0,,,104.8,-133.5018,68.7463,TRAIL VALLEY,220N005,2022-11-21,,-6.6,-11.5,-9.0,27.0,0.0,,,0.0,10.0,,,86.2
2022-11-22,19.905133333333225,-133.532794,68.317527,INUVIK CLIMATE,2202578,2022-11-22,,-7.6,-9.1,-8.3,26.3,0.0,,,3.0,18.0,,,104.8,-133.5018,68.7463,TRAIL VALLEY,220N005,2022-11-22,,,,,,,,,,10.0,,,86.2
2022-11-23,18.533533333333317,-133.532794,68.317527,INUVIK CLIMATE,2202578,2022-11-23,,-8.8,-17.2,-13.0,31.0,0.0,,,1.6,23.0,,,104.8,-133.5018,68.7463,TRAIL VALLEY,220N005,2022-11-23,,,,,,,,,,,,,86.2
2022-11-24,19.447933333333207,-133.532794,68.317527,INUVIK CLIMATE,2202578,2022-11-24,,-13.1,-17.9,-15.5,33.5,0.0,,,0.0,23.0,,,104.8,-133.5018,68.7463,TRAIL VALLEY,220N005,2022-11-24,,,,,,,,,,10.0,,,86.2
2022-11-25,20.362333333333243,-133.532794,68.317527,INUVIK CLIMATE,2202578,2022-11-25,,-12.3,-14.3,-13.3,31.3,0.0,,,0.2,22.0,,,104.8,-133.5018,68.7463,TRAIL VALLEY,220N005,2022-11-25,,-11.9,-17.3,-14.6,32.6,0.0,,,0.4,10.0,,,86.2
2022-11-26,20.362333333333243,-133.532794,68.317527,INUVIK CLIMATE,2202578,2022-11-26,,-12.2,-20.1,-16.2,34.2,0.0,,,1.7,23.0,,,104.8,-133.5018,68.7463,TRAIL VALLEY,220N005,2022-11-26,,,,,,,,,,11.0,,,86.2
2022-11-27,20.813183333333267,-133.532794,68.317527,INUVIK CLIMATE,2202578,2022-11-27,,-20.0,-30.0,-25.0,43.0,0.0,,,0.3,25.0,,,104.8,-133.5018,68.7463,TRAIL VALLEY,220N005,2022-11-27,,,,,,,,,,18.0,,,86.2
2022-11-28,26.731383333333298,-133.532794,68.317527,INUVIK CLIMATE,2202578,2022-11-28,,-25.0,-29.9,-27.4,45.4,0.0,,,0.0,25.0,,,104.8,-133.5018,68.7463,TRAIL VALLEY,220N005,2022-11-28,,,,,,,,,,16.0,,,86.2
2022-11-29,25.823333333333256,-133.532794,68.317527,INUVIK CLIMATE,2202578,2022-11-29,,-22.8,-30.8,-26.8,44.8,0.0,,,0.0,24.0,,,104.8,-133.5018,68.7463,TRAIL VALLEY,220N005,2022-11-29,,,,,,,,,,,,,86.2
2022-11-30,22.178433333333253,-133.532794,68.317527,INUVIK CLIMATE,2202578,2022-11-30,,-14.9,-22.9,-18.9,36.9,0.0,,,0.3,24.0,,,104.8,-133.5018,68.7463,TRAIL VALLEY,220N005,2022-11-30,,,,,,,,,,,,,86.2
2022-12-01,19.898783333333306,-133.532794,68.317527,INUVIK CLIMATE,2202578,2022-12-01,,-14.9,-20.7,-17.8,35.8,0.0,,,0.5,25.0,,,104.8,-133.5018,68.7463,TRAIL VALLEY,220N005,2022-12-01,,-14.3,-21.2,-17.7,35.7,0.0,,,0.2,16.0,,,86.2
2022-12-02,18.076333333333302,-133.532794,68.317527,INUVIK CLIMATE,2202578,2022-12-02,,-3.4,-16.0,-9.7,27.7,0.0,,,2.8,25.0,,,104.8,-133.5018,68.7463,TRAIL VALLEY,220N005,2022-12-02,,-1.6,-15.2,-8.4,26.4,0.0,,,2.3,15.0,,,86.2
2022-12-03,24.000883333333327,-133.532794,68.317527,INUVIK CLIMATE,2202578,2022-12-03,,1.4,-16.4,-7.5,25.5,0.0,,,0.8,29.0,32.0,96.0,104.8,-133.5018,68.7463,TRAIL VALLEY,220N005,2022-12-03,,0.6,-16.9,-8.2,26.2,0.0,,,1.9,28.0,,,86.2
2022-12-04,21.27038333333328,-133.532794,68.317527,INUVIK CLIMATE,2202578,2022-12-04,,-16.3,-24.2,-20.2,38.2,0.0,,,0.0,16.0,11.0,33.0,104.8,-133.5018,68.7463,TRAIL VALLEY,220N005,2022-12-04,,-16.9,-27.7,-22.3,40.3,0.0,,,0.0,18.0,,,86.2
2022-12-05,23.543683333333238,-133.532794,68.317527,INUVIK CLIMATE,2202578,2022-12-05,,-22.4,-24.8,-23.6,41.6,0.0,,,0.0,16.0,18.0,38.0,104.8,-133.5018,68.7463,TRAIL VALLEY,220N005,2022-12-05,,-22.7,-26.2,-24.5,42.5,0.0,,,0.0,18.0,,,86.2
2022-12-06,22.635633333333196,-133.532794,68.317527,INUVIK CLIMATE,2202578,2022-12-06,,-23.5,-26.6,-25.0,43.0,0.0,,,0.0,16.0,,,104.8,-133.5018,68.7463,TRAIL VALLEY,220N005,2022-12-06,,-23.8,-29.4,-26.6,44.6,0.0,,,0.0,18.0,14.0,37.0,86.2
2022-12-07,25.366133333333313,-133.532794,68.317527,INUVIK CLIMATE,2202578,2022-12-07,,-25.8,-30.0,-27.9,45.9,0.0,,,0.0,17.0,,,104.8,-133.5018,68.7463,TRAIL VALLEY,220N005,2022-12-07,,-26.0,-30.3,-28.1,46.1,0.0,,,0.0,18.0,,,86.2
2022-12-08,24.908933333333295,-133.532794,68.317527,INUVIK CLIMATE,2202578,2022-12-08,,-28.0,-32.2,-30.1,48.1,0.0,,,0.0,17.0,,,104.8,-133.5018,68.7463,TRAIL VALLEY,220N005,2022-12-08,,-27.1,-32.8,-29.9,47.9,0.0,,,0.0,18.0,,,86.2
2022-12-09,27.194933333333307,-133.532794,68.317527,INUVIK CLIMATE,2202578,2022-12-09,,-23.9,-30.2,-27.1,45.1,0.0,,,0.0,17.0,,,104.8,-133.5018,68.7463,TRAIL VALLEY,220N005,2022-12-09,,-22.5,-33.1,-27.8,45.8,0.0,,,0.0,18.0,20.0,37.0,86.2
2022-12-10,22.635633333333196,-133.532794,68.317527,INUVIK CLIMATE,2202578,2022-12-10,,-16.8,-24.1,-20.5,38.5,0.0,,,0.0,16.0,,,104.8,-133.5018,68.7463,TRAIL VALLEY,220N005,2022-12-10,,-17.9,-23.6,-20.8,38.8,0.0,,,0.0,18.0,21.0,40.0,86.2
2022-12-11,21.264033333333217,-133.532794,68.317527,INUVIK CLIMATE,2202578,2022-12-11,,-20.5,-25.2,-22.8,40.8,0.0,,,0.0,17.0,,,104.8,-133.5018,68.7463,TRAIL VALLEY,220N005,2022-12-11,,-19.7,-27.1,-23.4,41.4,0.0,,,0.0,17.0,,,86.2
2022-12-12,23.543683333333238,-133.532794,68.317527,INUVIK CLIMATE,2202578,2022-12-12,,-18.2,-24.8,-21.5,39.5,0.0,,,1.8,17.0,13.0,33.0,104.8,-133.5018,68.7463,TRAIL VALLEY,220N005,2022-12-12,,-17.2,-27.3,-22.3,40.3,0.0,,,1.6,17.0,14.0,34.0,86.2
2022-12-13,19.89878333333323,-133.532794,68.317527,INUVIK CLIMATE,2202578,2022-12-13,,-12.4,-20.1,-16.2,34.2,0.0,,,0.0,18.0,,,104.8,-133.5018,68.7463,TRAIL VALLEY,220N005,2022-12-13,,-10.6,-19.5,-15.0,33.0,0.0,,,0.5,19.0,28.0,63.0,86.2
2022-12-14,18.533533333333246,-133.532794,68.317527,INUVIK CLIMATE,2202578,2022-12-14,,-13.8,-19.7,-16.7,34.7,0.0,,,0.4,19.0,,,104.8,-133.5018,68.7463,TRAIL VALLEY,220N005,2022-12-14,,,,,,,,,,17.0,,,86.2
2022-12-15,19.905133333333225,-133.532794,68.317527,INUVIK CLIMATE,2202578,2022-12-15,,-16.6,-22.0,-19.3,37.3,0.0,,,0.0,20.0,,,104.8,-133.5018,68.7463,TRAIL VALLEY,220N005,2022-12-15,,-17.3,-21.0,-19.2,37.2,0.0,,,0.0,18.0,23.0,40.0,86.2
2022-12-16,19.898783333333306,-133.532794,68.317527,INUVIK CLIMATE,2202578,2022-12-16,,-15.5,-23.5,-19.5,37.5,0.0,,,0.4,19.0,29.0,38.0,104.8,-133.5018,68.7463,TRAIL VALLEY,220N005,2022-12-16,,-14.9,-20.1,-17.5,35.5,0.0,,,0.5,18.0,29.0,55.0,86.2
2022-12-17,21.27038333333321,-133.532794,68.317527,INUVIK CLIMATE,2202578,2022-12-17,,-18.9,-26.1,-22.5,40.5,0.0,,,0.4,20.0,29.0,34.0,104.8,-133.5018,68.7463,TRAIL VALLEY,220N005,2022-12-17,,,,,,,,,,18.0,,,86.2
2022-12-18,23.092833333333214,-133.532794,68.317527,INUVIK CLIMATE,2202578,2022-12-18,,-24.5,-28.6,-26.5,44.5,0.0,,,0.0,20.0,,,104.8,-133.5018,68.7463,TRAIL VALLEY,220N005,2022-12-18,,-24.9,-31.4,-28.2,46.2,0.0,,,0.2,18.0,,,86.2
2022-12-19,25.366133333333313,-133.532794,68.317527,INUVIK CLIMATE,2202578,2022-12-19,,-25.5,-29.9,-27.7,45.7,0.0,,,0.0,20.0,,,104.8,-133.5018,68.7463,TRAIL VALLEY,220N005,2022-12-19,,-25.2,-30.5,-27.9,45.9,0.0,,,0.0,17.0,,,86.2
2022-12-20,26.280533333333274,-133.532794,68.317527,INUVIK CLIMATE,2202578,2022-12-20,,-25.2,-30.2,-27.7,45.7,0.0,,,0.0,20.0,,,104.8,-133.5018,68.7463,TRAIL VALLEY,220N005,2022-12-20,,-20.9,-28.0,-24.4,42.4,0.0,,,0.0,18.0,,,86.2
2022-12-21,23.994533333333262,-133.532794,68.317527,INUVIK CLIMATE,2202578,2022-12-21,,-23.0,-26.3,-24.7,42.7,0.0,,,0.3,20.0,,,104.8,-133.5018,68.7463,TRAIL VALLEY,220N005,2022-12-21,,-21.9,-25.1,-23.5,41.5,0.0,,,0.6,18.0,29.0,36.0,86.2
2022-12-22,22.178433333333253,-133.532794,68.317527,INUVIK CLIMATE,2202578,2022-12-22,,-19.4,-27.5,-23.4,41.4,0.0,,,2.9,21.0,34.0,33.0,104.8,-133.5018,68.7463,TRAIL VALLEY,220N005,2022-12-22,,-17.9,-28.2,-23.1,41.1,0.0,,,0.9,22.0,35.0,43.0,86.2
2022-12-23,23.994533333333262,-133.532794,68.317527,INUVIK CLIMATE,2202578,2022-12-23,,-27.5,-36.5,-32.0,50.0,0.0,,,0.0,24.0,,,104.8,-133.5018,68.7463,TRAIL VALLEY,220N005,2022-12-23,,-28.2,-39.6,-33.9,51.9,0.0,,,0.2,18.0,33.0,35.0,86.2
2022-12-24,29.011033333333245,-133.532794,68.317527,INUVIK CLIMATE,2202578,2022-12-24,,-32.7,-37.0,-34.8,52.8,0.0,,,0.0,24.0,,,104.8,-133.5018,68.7463,TRAIL VALLEY,220N005,2022-12-24,,-36.1,-41.9,-39.0,57.0,0.0,,,0.2,17.0,,,86.2
2022-12-25,31.284333333333276,-133.532794,68.317527,INUVIK CLIMATE,2202578,2022-12-25,,-34.2,-38.0,-36.1,54.1,0.0,,,0.0,24.0,,,104.8,-133.5018,68.7463,TRAIL VALLEY,220N005,2022-12-25,,-35.7,-41.1,-38.4,56.4,0.0,,,0.0,17.0,,,86.2
2022-12-26,30.833483333333252,-133.532794,68.317527,INUVIK CLIMATE,2202578,2022-12-26,,-26.1,-35.5,-30.8,48.8,0.0,,,1.6,24.0,,,104.8,-133.5018,68.7463,TRAIL VALLEY,220N005,2022-12-26,,-26.5,-41.9,-34.2,52.2,0.0,,,0.0,17.0,,,86.2
2022-12-27,26.737733333333292,-133.532794,68.317527,INUVIK CLIMATE,2202578,2022-12-27,,-25.5,-32.7,-29.1,47.1,0.0,,,1.0,25.0,,,104.8,-133.5018,68.7463,TRAIL VALLEY,220N005,2022-12-27,,-26.5,-34.0,-30.2,48.2,0.0,,,0.4,18.0,,,86.2
2022-12-28,27.194933333333307,-133.532794,68.317527,INUVIK CLIMATE,2202578,2022-12-28,,-22.7,-32.6,-27.6,45.6,0.0,,,0.9,26.0,,,104.8,-133.5018,68.7463,TRAIL VALLEY,220N005,2022-12-28,,-22.1,-34.5,-28.3,46.3,0.0,,,0.9,18.0,,,86.2
2022-12-29,23.08648333333322,-133.532794,68.317527,INUVIK CLIMATE,2202578,2022-12-29,,-21.2,-23.5,-22.4,40.4,0.0,,,0.1,28.0,,,104.8,-133.5018,68.7463,TRAIL VALLEY,220N005,2022-12-29,,,,,,,,,,21.0,,,86.2
2022-12-30,21.264033333333217,-133.532794,68.317527,INUVIK CLIMATE,2202578,2022-12-30,,-16.7,-22.3,-19.5,37.5,0.0,,,0.3,28.0,,,104.8,-133.5018,68.7463,TRAIL VALLEY,220N005,2022-12-30,,,,,,,,,,21.0,,,86.2
2022-12-31,20.813183333333196,-133.532794,68.317527,INUVIK CLIMATE,2202578,2022-12-31,,-16.5,-21.4,-18.9,36.9,0.0,,,0.0,28.0,,,104.8,-133.5018,68.7463,TRAIL VALLEY,220N005,2022-12-31,,-18.0,-24.9,-21.5,39.5,0.0,,,0.0,21.0,,,86.2
2023-01-01,21.276733333333134,-133.532794,68.317527,INUVIK CLIMATE,2202578,2023-01-01,,-15.9,-20.1,-18.0,36.0,0.0,,,0.0,27.0,,,104.8,-133.5018,68.7463,TRAIL VALLEY,220N005,2023-01-01,,-16.3,-23.7,-20.0,38.0,0.0,,,0.2,21.0,,,86.2
2023-01-02,21.727583333333158,-133.532794,68.317527,INUVIK CLIMATE,2202578,2023-01-02,,-14.9,-18.3,-16.6,34.6,0.0,,,2.1,26.0,,,104.8,-133.5018,68.7463,TRAIL VALLEY,220N005,2023-01-02,,-15.0,-21.6,-18.3,36.3,0.0,,,0.7,21.0,11.0,38.0,86.2
2023-01-03,18.533533333333246,-133.532794,68.317527,INUVIK CLIMATE,2202578,2023-01-03,,-14.7,-15.8,-15.2,33.2,0.0,,,0.1,30.0,,,104.8,-133.5018,68.7463,TRAIL VALLEY,220N005,2023-01-03,,-14.8,-16.3,-15.5,33.5,0.0,,,0.2,33.0,14.0,33.0,86.2
2023-01-04,19.905133333333225,-133.532794,68.317527,INUVIK CLIMATE,2202578,2023-01-04,,-14.3,-18.2,-16.3,34.3,0.0,,,0.2,29.0,,,104.8,-133.5018,68.7463,TRAIL VALLEY,220N005,2023-01-04,,,,,,,,,,33.0,,,86.2
2023-01-05,18.533533333333246,-133.532794,68.317527,INUVIK CLIMATE,2202578,2023-01-05,,-15.2,-16.7,-16.0,34.0,0.0,,,0.0,29.0,,,104.8,-133.5018,68.7463,TRAIL VALLEY,220N005,2023-01-05,,-15.9,-25.6,-20.8,38.8,0.0,,,0.0,32.0,,,86.2
2023-01-06,21.727583333333158,-133.532794,68.317527,INUVIK CLIMATE,2202578,2023-01-06,,-15.6,-19.3,-17.4,35.4,0.0,,,0.0,27.0,,,104.8,-133.5018,68.7463,TRAIL VALLEY,220N005,2023-01-06,,-19.2,-26.9,-23.1,41.1,0.0,,,0.2,31.0,,,86.2
2023-01-07,19.9051333333333,-133.532794,68.317527,INUVIK CLIMATE,2202578,2023-01-07,,-17.2,-21.8,-19.5,37.5,0.0,,,1.6,28.0,,,104.8,-133.5018,68.7463,TRAIL VALLEY,220N005,2023-01-07,,-17.2,-25.3,-21.3,39.3,0.0,,,1.5,29.0,,,86.2
2023-01-08,22.178433333333178,-133.532794,68.317527,INUVIK CLIMATE,2202578,2023-01-08,,-17.6,-23.1,-20.3,38.3,0.0,,,1.5,31.0,,,104.8,-133.5018,68.7463,TRAIL VALLEY,220N005,2023-01-08,,-18.0,-26.1,-22.0,40.0,0.0,,,1.5,34.0,,,86.2
2023-01-09,21.721233333333235,-133.532794,68.317527,INUVIK CLIMATE,2202578,2023-01-09,,-16.9,-20.0,-18.4,36.4,0.0,,,0.7,35.0,,,104.8,-133.5018,68.7463,TRAIL VALLEY,220N005,2023-01-09,,,,,,,,,,39.0,,,86.2
2023-01-10,21.27038333333321,-133.532794,68.317527,INUVIK CLIMATE,2202578,2023-01-10,,-16.5,-28.1,-22.3,40.3,0.0,,,0.0,34.0,32.0,34.0,104.8,-133.5018,68.7463,TRAIL VALLEY,220N005,2023-01-10,,,,,,,,,,33.0,,,86.2
2023-01-11,24.45808333333327,-133.532794,68.317527,INUVIK CLIMATE,2202578,2023-01-11,,-23.0,-28.5,-25.7,43.7,0.0,,,0.0,34.0,,,104.8,-133.5018,68.7463,TRAIL VALLEY,220N005,2023-01-11,,-27.3,-29.6,-28.5,46.5,0.0,,,0.0,33.0,,,86.2
2023-01-12,25.823333333333327,-133.532794,68.317527,INUVIK CLIMATE,2202578,2023-01-12,,-21.9,-25.6,-23.7,41.7,0.0,,,0.0,33.0,,,104.8,-133.5018,68.7463,TRAIL VALLEY,220N005,2023-01-12,,-27.8,-35.1,-31.4,49.4,0.0,,,0.0,32.0,,,86.2
2023-01-13,24.45808333333327,-133.532794,68.317527,INUVIK CLIMATE,2202578,2023-01-13,,-21.7,-26.2,-23.9,41.9,0.0,,,0.0,33.0,,,104.8,-133.5018,68.7463,TRAIL VALLEY,220N005,2023-01-13,,-22.7,-31.2,-26.9,44.9,0.0,,,0.0,32.0,,,86.2
2023-01-14,21.721233333333235,-133.532794,68.317527,INUVIK CLIMATE,2202578,2023-01-14,,-22.6,-29.3,-26.0,44.0,0.0,,,0.0,32.0,,,104.8,-133.5018,68.7463,TRAIL VALLEY,220N005,2023-01-14,,,,,,,,,,32.0,,,86.2
2023-01-15,25.823333333333256,-133.532794,68.317527,INUVIK CLIMATE,2202578,2023-01-15,,-26.3,-29.7,-28.0,46.0,0.0,,,0.0,32.0,,,104.8,-133.5018,68.7463,TRAIL VALLEY,220N005,2023-01-15,,-25.8,-31.9,-28.8,46.8,0.0,,,,,,,86.2
2023-01-16,23.08648333333322,-133.532794,68.317527,INUVIK CLIMATE,2202578,2023-01-16,,-21.0,-26.4,-23.7,41.7,0.0,,,0.9,31.0,,,104.8,-133.5018,68.7463,TRAIL VALLEY,220N005,2023-01-16,,-21.7,-27.5,-24.6,42.6,0.0,,,0.9,32.0,,,86.2
2023-01-17,22.635633333333196,-133.532794,68.317527,INUVIK CLIMATE,2202578,2023-01-17,,-17.7,-25.2,-21.4,39.4,0.0,,,0.0,31.0,,,104.8,-133.5018,68.7463,TRAIL VALLEY,220N005,2023-01-17,,,,,,,,,,,,,86.2
2023-01-18,20.362333333333243,-133.532794,68.317527,INUVIK CLIMATE,2202578,2023-01-18,,-16.6,-21.0,-18.8,36.8,0.0,,,0.9,32.0,,,104.8,-133.5018,68.7463,TRAIL VALLEY,220N005,2023-01-18,,,,,,,,,,32.0,,,86.2
2023-01-19,21.27038333333321,-133.532794,68.317527,INUVIK CLIMATE,2202578,2023-01-19,,-20.0,-23.5,-21.7,39.7,0.0,,,0.0,35.0,,,104.8,-133.5018,68.7463,TRAIL VALLEY,220N005,2023-01-19,,,,,,,,,,35.0,,,86.2
2023-01-20,21.727583333333158,-133.532794,68.317527,INUVIK CLIMATE,2202578,2023-01-20,,-19.6,-23.2,-21.4,39.4,0.0,,,0.0,34.0,,,104.8,-133.5018,68.7463,TRAIL VALLEY,220N005,2023-01-20,,,,,,,,,,32.0,,,86.2
2023-01-21,22.63563333333327,-133.532794,68.317527,INUVIK CLIMATE,2202578,2023-01-21,,-16.8,-21.7,-19.3,37.3,0.0,,,0.0,33.0,,,104.8,-133.5018,68.7463,TRAIL VALLEY,220N005,2023-01-21,,-17.1,-22.7,-19.9,37.9,0.0,,,0.0,32.0,,,86.2
2023-01-22,22.178433333333253,-133.532794,68.317527,INUVIK CLIMATE,2202578,2023-01-22,,-16.5,-21.5,-19.0,37.0,0.0,,,5.7,33.0,,,104.8,-133.5018,68.7463,TRAIL VALLEY,220N005,2023-01-22,,,,,,,,,,32.0,,,86.2
2023-01-23,19.9051333333333,-133.532794,68.317527,INUVIK CLIMATE,2202578,2023-01-23,,-21.1,-23.2,-22.1,40.1,0.0,,,0.6,36.0,,,104.8,-133.5018,68.7463,TRAIL VALLEY,220N005,2023-01-23,,,,,,,,,,31.0,,,86.2
2023-01-24,22.635633333333196,-133.532794,68.317527,INUVIK CLIMATE,2202578,2023-01-24,,-19.7,-22.9,-21.3,39.3,0.0,,,6.0,37.0,,,104.8,-133.5018,68.7463,TRAIL VALLEY,220N005,2023-01-24,,,,,,,,,,30.0,,,86.2
2023-01-25,21.721233333333235,-133.532794,68.317527,INUVIK CLIMATE,2202578,2023-01-25,,-21.0,-23.8,-22.4,40.4,0.0,,,0.4,42.0,,,104.8,-133.5018,68.7463,TRAIL VALLEY,220N005,2023-01-25,,,,,,,,,,38.0,,,86.2
2023-01-26,23.54368333333331,-133.532794,68.317527,INUVIK CLIMATE,2202578,2023-01-26,,-23.7,-29.5,-26.6,44.6,0.0,,,0.5,41.0,,,104.8,-133.5018,68.7463,TRAIL VALLEY,220N005,2023-01-26,,,,,,,,,,38.0,,,86.2
2023-01-27,27.64578333333326,-133.532794,68.317527,INUVIK CLIMATE,2202578,2023-01-27,,-28.0,-33.4,-30.7,48.7,0.0,,,0.0,42.0,,,104.8,-133.5018,68.7463,TRAIL VALLEY,220N005,2023-01-27,,,,,,,,,,37.0,,,86.2
2023-01-28,26.280533333333274,-133.532794,68.317527,INUVIK CLIMATE,2202578,2023-01-28,,-17.3,-30.7,-24.0,42.0,0.0,,,1.5,41.0,,,104.8,-133.5018,68.7463,TRAIL VALLEY,220N005,2023-01-28,,,,,,,,,,36.0,,,86.2
2023-01-29,21.27038333333321,-133.532794,68.317527,INUVIK CLIMATE,2202578,2023-01-29,,-10.9,-24.7,-17.8,35.8,0.0,,,0.1,42.0,,,104.8,-133.5018,68.7463,TRAIL VALLEY,220N005,2023-01-29,,,,,,,,,,30.0,,,86.2
2023-01-30,22.629283333333273,-133.532794,68.317527,INUVIK CLIMATE,2202578,2023-01-30,,-24.7,-33.4,-29.1,47.1,0.0,,,0.0,43.0,,,104.8,-133.5018,68.7463,TRAIL VALLEY,220N005,2023-01-30,,-26.6,-34.4,-30.5,48.5,0.0,,,0.0,30.0,,,86.2
2023-01-31,29.919083333333212,-133.532794,68.317527,INUVIK CLIMATE,2202578,2023-01-31,,-27.6,-33.3,-30.5,48.5,0.0,,,0.0,43.0,,,104.8,-133.5018,68.7463,TRAIL VALLEY,220N005,2023-01-31,,-27.8,-35.2,-31.5,49.5,0.0,,,0.0,29.0,,,86.2
2023-02-01,29.474583333333186,-133.532794,68.317527,INUVIK CLIMATE,2202578,2023-02-01,,-28.7,-32.3,-30.5,48.5,0.0,,,0.0,43.0,,,104.8,-133.5018,68.7463,TRAIL VALLEY,220N005,2023-02-01,,-28.3,-35.5,-31.9,49.9,0.0,,,0.0,27.0,,,86.2
2023-02-02,29.011033333333245,-133.532794,68.317527,INUVIK CLIMATE,2202578,2023-02-02,,-30.9,-35.1,-33.0,51.0,0.0,,,0.0,42.0,,,104.8,-133.5018,68.7463,TRAIL VALLEY,220N005,2023-02-02,,,,,,,,,,29.0,,,86.2
2023-02-03,31.284333333333276,-133.532794,68.317527,INUVIK CLIMATE,2202578,2023-02-03,,-32.6,-36.4,-34.5,52.5,0.0,,,0.0,42.0,,,104.8,-133.5018,68.7463,TRAIL VALLEY,220N005,2023-02-03,,-33.2,-40.6,-36.9,54.9,0.0,,,0.0,29.0,,,86.2
2023-02-04,32.65593333333333,-133.532794,68.317527,INUVIK CLIMATE,2202578,2023-02-04,,-30.5,-35.9,-33.2,51.2,0.0,,,0.0,42.0,,,104.8,-133.5018,68.7463,TRAIL VALLEY,220N005,2023-02-04,,-32.6,-40.6,-36.6,54.6,0.0,,,0.0,27.0,,,86.2
2023-02-05,31.74153333333329,-133.532794,68.317527,INUVIK CLIMATE,2202578,2023-02-05,,-32.5,-38.4,-35.5,53.5,0.0,,,0.0,42.0,,,104.8,-133.5018,68.7463,TRAIL VALLEY,220N005,2023-02-05,,-33.0,-41.3,-37.1,55.1,0.0,,,0.2,28.0,,,86.2
2023-02-06,31.741533333333294,-133.532794,68.317527,INUVIK CLIMATE,2202578,2023-02-06,,-31.8,-38.8,-35.3,53.3,0.0,,,0.0,42.0,,,104.8,-133.5018,68.7463,TRAIL VALLEY,220N005,2023-02-06,,-35.9,-41.3,-38.6,56.6,0.0,,,0.0,27.0,,,86.2
2023-02-07,30.83348333333325,-133.532794,68.317527,INUVIK CLIMATE,2202578,2023-02-07,,-29.1,-37.0,-33.1,51.1,0.0,,,0.6,41.0,,,104.8,-133.5018,68.7463,TRAIL VALLEY,220N005,2023-02-07,,-30.1,-38.4,-34.3,52.3,0.0,,,,28.0,,,86.2
2023-02-08,24.451733333333205,-133.532794,68.317527,INUVIK CLIMATE,2202578,2023-02-08,,-26.9,-30.9,-28.9,46.9,0.0,,,0.0,42.0,,,104.8,-133.5018,68.7463,TRAIL VALLEY,220N005,2023-02-08,,,,,,,,,,29.0,,,86.2
2023-02-09,25.366133333333313,-133.532794,68.317527,INUVIK CLIMATE,2202578,2023-02-09,,-22.6,-31.1,-26.8,44.8,0.0,,,0.0,42.0,,,104.8,-133.5018,68.7463,TRAIL VALLEY,220N005,2023-02-09,,-23.1,-28.3,-25.7,43.7,0.0,,,,29.0,,,86.2
2023-02-10,24.000883333333327,-133.532794,68.317527,INUVIK CLIMATE,2202578,2023-02-10,,-22.1,-27.8,-25.0,43.0,0.0,,,5.1,41.0,,,104.8,-133.5018,68.7463,TRAIL VALLEY,220N005,2023-02-10,,-23.1,-28.4,-25.7,43.7,0.0,,,0.7,29.0,,,86.2
2023-02-11,24.908933333333295,-133.532794,68.317527,INUVIK CLIMATE,2202578,2023-02-11,,-27.3,-31.9,-29.6,47.6,0.0,,,0.0,44.0,,,104.8,-133.5018,68.7463,TRAIL VALLEY,220N005,2023-02-11,,-25.5,-33.9,-29.7,47.7,0.0,,,0.2,33.0,,,86.2
2023-02-12,26.280533333333274,-133.532794,68.317527,INUVIK CLIMATE,2202578,2023-02-12,,-28.7,-33.5,-31.1,49.1,0.0,,,0.0,43.0,,,104.8,-133.5018,68.7463,TRAIL VALLEY,220N005,2023-02-12,,-28.9,-36.6,-32.7,50.7,0.0,,,0.0,33.0,,,86.2
2023-02-13,28.56018333333322,-133.532794,68.317527,INUVIK CLIMATE,2202578,2023-02-13,,-30.2,-38.5,-34.4,52.4,0.0,,,0.0,43.0,,,104.8,-133.5018,68.7463,TRAIL VALLEY,220N005,2023-02-13,,-28.8,-37.4,-33.1,51.1,0.0,,,1.6,33.0,,,86.2
2023-02-14,26.280533333333274,-133.532794,68.317527,INUVIK CLIMATE,2202578,2023-02-14,,-24.3,-31.4,-27.9,45.9,0.0,,,0.0,43.0,,,104.8,-133.5018,68.7463,TRAIL VALLEY,220N005,2023-02-14,,-24.5,-33.3,-28.9,46.9,0.0,,,0.0,33.0,,,86.2
2023-02-15,27.194933333333235,-133.532794,68.317527,INUVIK CLIMATE,2202578,2023-02-15,,-26.5,-30.5,-28.5,46.5,0.0,,,0.0,43.0,,,104.8,-133.5018,68.7463,TRAIL VALLEY,220N005,2023-02-15,,,,,,,,,,32.0,,,86.2
2023-02-16,28.102983333333277,-133.532794,68.317527,INUVIK CLIMATE,2202578,2023-02-16,,-26.3,-35.2,-30.8,48.8,0.0,,,0.0,43.0,,,104.8,-133.5018,68.7463,TRAIL VALLEY,220N005,2023-02-16,,-22.6,-38.5,-30.5,48.5,0.0,,,0.2,33.0,,,86.2
2023-02-17,29.017383333333168,-133.532794,68.317527,INUVIK CLIMATE,2202578,2023-02-17,,-26.1,-33.5,-29.8,47.8,0.0,,,0.0,43.0,,,104.8,-133.5018,68.7463,TRAIL VALLEY,220N005,2023-02-17,,-19.9,-36.0,-28.0,46.0,0.0,,,0.0,33.0,,,86.2
2023-02-18,26.280533333333345,-133.532794,68.317527,INUVIK CLIMATE,2202578,2023-02-18,,-24.2,-31.5,-27.8,45.8,0.0,,,0.0,43.0,,,104.8,-133.5018,68.7463,TRAIL VALLEY,220N005,2023-02-18,,-22.6,-35.0,-28.8,46.8,0.0,,,0.0,33.0,,,86.2
2023-02-19,25.36613333333324,-133.532794,68.317527,INUVIK CLIMATE,2202578,2023-02-19,,-23.3,-29.7,-26.5,44.5,0.0,,,0.0,43.0,,,104.8,-133.5018,68.7463,TRAIL VALLEY,220N005,2023-02-19,,-21.1,-34.8,-28.0,46.0,0.0,,,0.0,33.0,,,86.2
2023-02-20,25.36613333333324,-133.532794,68.317527,INUVIK CLIMATE,2202578,2023-02-20,,-21.9,-27.8,-24.8,42.8,0.0,,,0.7,43.0,,,104.8,-133.5018,68.7463,TRAIL VALLEY,220N005,2023-02-20,,-22.8,-32.0,-27.4,45.4,0.0,,,0.0,33.0,,,86.2
2023-02-21,23.092833333333214,-133.532794,68.317527,INUVIK CLIMATE,2202578,2023-02-21,,-24.3,-29.8,-27.1,45.1,0.0,,,0.0,44.0,,,104.8,-133.5018,68.7463,TRAIL VALLEY,220N005,2023-02-21,,,,,,,,,,33.0,,,86.2
2023-02-22,26.73773333333322,-133.532794,68.317527,INUVIK CLIMATE,2202578,2023-02-22,,-20.8,-32.1,-26.5,44.5,0.0,,,0.0,43.0,13.0,32.0,104.8,-133.5018,68.7463,TRAIL VALLEY,220N005,2023-02-22,,,,,,,,,,32.0,,,86.2
2023-02-23,22.629283333333202,-133.532794,68.317527,INUVIK CLIMATE,2202578,2023-02-23,,-12.9,-23.0,-18.0,36.0,0.0,,,6.2,43.0,14.0,48.0,104.8,-133.5018,68.7463,TRAIL VALLEY,220N005,2023-02-23,,,,,,,,,,35.0,,,86.2
2023-02-24,18.533533333333317,-133.532794,68.317527,INUVIK CLIMATE,2202578,2023-02-24,,-5.5,-13.8,-9.6,27.6,0.0,,,4.5,46.0,31.0,49.0,104.8,-133.5018,68.7463,TRAIL VALLEY,220N005,2023-02-24,,-5.5,-12.6,-9.0,27.0,0.0,,,0.4,45.0,,,86.2
2023-02-25,18.990733333333264,-133.532794,68.317527,INUVIK CLIMATE,2202578,2023-02-25,,-8.6,-14.1,-11.4,29.4,0.0,,,1.7,50.0,,,104.8,-133.5018,68.7463,TRAIL VALLEY,220N005,2023-02-25,,-8.6,-15.3,-11.9,29.9,0.0,,,0.3,45.0,,,86.2
2023-02-26,18.98438333333327,-133.532794,68.317527,INUVIK CLIMATE,2202578,2023-02-26,,-12.7,-22.2,-17.5,35.5,0.0,,,0.2,50.0,35.0,34.0,104.8,-133.5018,68.7463,TRAIL VALLEY,220N005,2023-02-26,,-14.5,-22.4,-18.5,36.5,0.0,,,0.4,45.0,,,86.2
2023-02-27,22.178433333333253,-133.532794,68.317527,INUVIK CLIMATE,2202578,2023-02-27,,-21.6,-26.7,-24.1,42.1,0.0,,,0.0,49.0,,,104.8,-133.5018,68.7463,TRAIL VALLEY,220N005,2023-02-27,,,,,,,,,,46.0,,,86.2
2023-02-28,25.823333333333256,-133.532794,68.317527,INUVIK CLIMATE,2202578,2023-02-28,,-22.6,-28.1,-25.3,43.3,0.0,,,0.0,49.0,,,104.8,-133.5018,68.7463,TRAIL VALLEY,220N005,2023-02-28,,-24.5,-30.4,-27.4,45.4,0.0,,,0.0,46.0,19.0,31.0,86.2
2023-03-01,26.73773333333322,-133.532794,68.317527,INUVIK CLIMATE,2202578,2023-03-01,,-24.6,-28.8,-26.7,44.7,0.0,,,0.0,49.0,,,104.8,-133.5018,68.7463,TRAIL VALLEY,220N005,2023-03-01,,,,,,,,,,46.0,,,86.2
2023-03-02,24.915283333333218,-133.532794,68.317527,INUVIK CLIMATE,2202578,2023-03-02,,-27.7,-33.5,-30.6,48.6,0.0,,,0.0,47.0,,,104.8,-133.5018,68.7463,TRAIL VALLEY,220N005,2023-03-02,,-30.8,-35.8,-33.3,51.3,0.0,,,0.0,46.0,,,86.2
2023-03-03,25.36613333333324,-133.532794,68.317527,INUVIK CLIMATE,2202578,2023-03-03,,-25.5,-34.6,-30.0,48.0,0.0,,,0.0,48.0,,,104.8,-133.5018,68.7463,TRAIL VALLEY,220N005,2023-03-03,,-29.5,-37.4,-33.4,51.4,0.0,,,0.2,46.0,,,86.2
2023-03-04,28.102983333333203,-133.532794,68.317527,INUVIK CLIMATE,2202578,2023-03-04,,-25.5,-35.1,-30.3,48.3,0.0,,,0.0,48.0,,,104.8,-133.5018,68.7463,TRAIL VALLEY,220N005,2023-03-04,,-25.5,-36.6,-31.0,49.0,0.0,,,0.0,46.0,19.0,32.0,86.2
2023-03-05,26.280533333333203,-133.532794,68.317527,INUVIK CLIMATE,2202578,2023-03-05,,-19.4,-29.9,-24.6,42.6,0.0,,,0.0,47.0,,,104.8,-133.5018,68.7463,TRAIL VALLEY,220N005,2023-03-05,,-24.3,-34.0,-29.1,47.1,0.0,,,0.0,45.0,,,86.2
2023-03-06,25.36613333333324,-133.532794,68.317527,INUVIK CLIMATE,2202578,2023-03-06,,-18.3,-29.1,-23.7,41.7,0.0,,,0.0,47.0,,,104.8,-133.5018,68.7463,TRAIL VALLEY,220N005,2023-03-06,,,,,,,,,,46.0,,,86.2
2023-03-07,26.280533333333274,-133.532794,68.317527,INUVIK CLIMATE,2202578,2023-03-07,,-16.3,-27.8,-22.1,40.1,0.0,,,0.0,47.0,15.0,37.0,104.8,-133.5018,68.7463,TRAIL VALLEY,220N005,2023-03-07,,-18.8,-34.1,-26.5,44.5,0.0,,,0.0,46.0,17.0,44.0,86.2
2023-03-08,20.35598333333325,-133.532794,68.317527,INUVIK CLIMATE,2202578,2023-03-08,,-13.4,-21.4,-17.4,35.4,0.0,,,0.0,46.0,15.0,38.0,104.8,-133.5018,68.7463,TRAIL VALLEY,220N005,2023-03-08,,-15.1,-20.5,-17.8,35.8,0.0,,,0.0,45.0,17.0,63.0,86.2
2023-03-09,19.447933333333282,-133.532794,68.317527,INUVIK CLIMATE,2202578,2023-03-09,,-12.9,-17.6,-15.3,33.3,0.0,,,0.9,47.0,33.0,62.0,104.8,-133.5018,68.7463,TRAIL VALLEY,220N005,2023-03-09,,-14.0,-18.9,-16.4,34.4,0.0,,,0.6,45.0,33.0,61.0,86.2
2023-03-10,19.447933333333282,-133.532794,68.317527,INUVIK CLIMATE,2202578,2023-03-10,,-14.2,-18.6,-16.4,34.4,0.0,,,0.0,47.0,31.0,43.0,104.8,-133.5018,68.7463,TRAIL VALLEY,220N005,2023-03-10,,-17.5,-22.4,-20.0,38.0,0.0,,,0.0,45.0,30.0,45.0,86.2
2023-03-11,20.355983333333178,-133.532794,68.317527,INUVIK CLIMATE,2202578,2023-03-11,,-10.0,-20.0,-15.0,33.0,0.0,,,0.0,46.0,,,104.8,-133.5018,68.7463,TRAIL VALLEY,220N005,2023-03-11,,-10.4,-22.1,-16.3,34.3,0.0,,,0.2,45.0,32.0,33.0,86.2
2023-03-12,20.813183333333193,-133.532794,68.317527,INUVIK CLIMATE,2202578,2023-03-12,,-14.2,-19.5,-16.9,34.9,0.0,,,0.1,46.0,31.0,39.0,104.8,-133.5018,68.7463,TRAIL VALLEY,220N005,2023-03-12,,-15.2,-19.7,-17.4,35.4,0.0,,,0.2,45.0,32.0,50.0,86.2
2023-03-13,18.990733333333335,-133.532794,68.317527,INUVIK CLIMATE,2202578,2023-03-13,,-19.5,-24.6,-22.1,40.1,0.0,,,0.5,46.0,33.0,33.0,104.8,-133.5018,68.7463,TRAIL VALLEY,220N005,2023-03-13,,-19.6,-29.3,-24.5,42.5,0.0,,,0.2,45.0,32.0,40.0,86.2
2023-03-14,25.372483333333232,-133.532794,68.317527,INUVIK CLIMATE,2202578,2023-03-14,,-23.9,-32.5,-28.2,46.2,0.0,,,0.0,46.0,,,104.8,-133.5018,68.7463,TRAIL VALLEY,220N005,2023-03-14,,-26.8,-32.4,-29.6,47.6,0.0,,,,44.0,,,86.2
2023-03-15,25.82968333333325,-133.532794,68.317527,INUVIK CLIMATE,2202578,2023-03-15,,-25.8,-33.7,-29.7,47.7,0.0,,,0.0,46.0,,,104.8,-133.5018,68.7463,TRAIL VALLEY,220N005,2023-03-15,,-23.7,-34.1,-28.9,46.9,0.0,,,0.2,44.0,,,86.2
2023-03-16,28.560183333333224,-133.532794,68.317527,INUVIK CLIMATE,2202578,2023-03-16,,-22.7,-32.2,-27.4,45.4,0.0,,,0.0,46.0,,,104.8,-133.5018,68.7463,TRAIL VALLEY,220N005,2023-03-16,,-25.0,-36.9,-30.9,48.9,0.0,,,0.0,44.0,,,86.2
2023-03-17,26.731383333333223,-133.532794,68.317527,INUVIK CLIMATE,2202578,2023-03-17,,-18.1,-29.8,-24.0,42.0,0.0,,,0.0,46.0,,,104.8,-133.5018,68.7463,TRAIL VALLEY,220N005,2023-03-17,,-23.7,-34.7,-29.2,47.2,0.0,,,0.0,44.0,,,86.2
2023-03-18,24.908933333333223,-133.532794,68.317527,INUVIK CLIMATE,2202578,2023-03-18,,-10.0,-21.9,-15.9,33.9,0.0,,,0.0,46.0,,,104.8,-133.5018,68.7463,TRAIL VALLEY,220N005,2023-03-18,,-15.1,-28.0,-21.5,39.5,0.0,,,0.0,45.0,,,86.2
2023-03-19,18.082683333333367,-133.532794,68.317527,INUVIK CLIMATE,2202578,2023-03-19,,-4.8,-14.6,-9.7,27.7,0.0,,,0.0,46.0,,,104.8,-133.5018,68.7463,TRAIL VALLEY,220N005,2023-03-19,,-7.7,-17.9,-12.8,30.8,0.0,,,0.0,45.0,,,86.2
2023-03-20,19.447933333333282,-133.532794,68.317527,INUVIK CLIMATE,2202578,2023-03-20,,0.0,-9.1,-4.5,22.5,0.0,,,0.0,45.0,,,104.8,-133.5018,68.7463,TRAIL VALLEY,220N005,2023-03-20,,-2.7,-9.5,-6.1,24.1,0.0,,,1.7,45.0,18.0,45.0,86.2
2023-03-21,24.908933333333298,-133.532794,68.317527,INUVIK CLIMATE,2202578,2023-03-21,,-3.4,-8.8,-6.1,24.1,0.0,,,0.0,45.0,,,104.8,-133.5018,68.7463,TRAIL VALLEY,220N005,2023-03-21,,-4.8,-8.6,-6.7,24.7,0.0,,,0.0,45.0,18.0,32.0,86.2
2023-03-22,24.000883333333327,-133.532794,68.317527,INUVIK CLIMATE,2202578,2023-03-22,,-0.6,-12.3,-6.5,24.5,0.0,,,0.0,45.0,,,104.8,-133.5018,68.7463,TRAIL VALLEY,220N005,2023-03-22,,-4.3,-11.3,-7.8,25.8,0.0,,,0.0,45.0,18.0,32.0,86.2
2023-03-23,23.543683333333238,-133.532794,68.317527,INUVIK CLIMATE,2202578,2023-03-23,,-3.8,-10.6,-7.2,25.2,0.0,,,0.0,45.0,,,104.8,-133.5018,68.7463,TRAIL VALLEY,220N005,2023-03-23,,-7.1,-11.2,-9.2,27.2,0.0,,,,45.0,,,86.2
2023-03-24,22.17843333333325,-133.532794,68.317527,INUVIK CLIMATE,2202578,2023-03-24,,0.5,-11.3,-5.4,23.4,0.0,,,0.0,45.0,,,104.8,-133.5018,68.7463,TRAIL VALLEY,220N005,2023-03-24,,-2.0,-11.9,-6.9,24.9,0.0,,,0.0,45.0,18.0,49.0,86.2
2023-03-25,30.38898333333322,-133.532794,68.317527,INUVIK CLIMATE,2202578,2023-03-25,,-3.8,-13.8,-8.8,26.8,0.0,,,0.0,44.0,29.0,37.0,104.8,-133.5018,68.7463,TRAIL VALLEY,220N005,2023-03-25,,,,,,,,,,45.0,,,86.2
2023-03-26,20.349633333333255,-133.532794,68.317527,INUVIK CLIMATE,2202578,2023-03-26,,-4.4,-17.1,-10.8,28.8,0.0,,,0.0,45.0,19.0,36.0,104.8,-133.5018,68.7463,TRAIL VALLEY,220N005,2023-03-26,,-5.1,-19.0,-12.1,30.1,0.0,,,0.0,45.0,18.0,60.0,86.2
2023-03-27,23.55003333333323,-133.532794,68.317527,INUVIK CLIMATE,2202578,2023-03-27,,5.2,-4.4,0.4,17.6,0.0,,,0.0,44.0,31.0,38.0,104.8,-133.5018,68.7463,TRAIL VALLEY,220N005,2023-03-27,,3.3,-5.3,-1.0,19.0,0.0,,,0.0,45.0,27.0,64.0,86.2
2023-03-28,26.73773333333322,-133.532794,68.317527,INUVIK CLIMATE,2202578,2023-03-28,,-0.8,-13.7,-7.3,25.3,0.0,,,4.6,46.0,35.0,50.0,104.8,-133.5018,68.7463,TRAIL VALLEY,220N005,2023-03-28,,-3.2,-15.1,-9.2,27.2,0.0,,,3.2,47.0,32.0,45.0,86.2
2023-03-29,23.08648333333329,-133.532794,68.317527,INUVIK CLIMATE,2202578,2023-03-29,,-9.1,-18.3,-13.7,31.7,0.0,,,0.0,50.0,,,104.8,-133.5018,68.7463,TRAIL VALLEY,220N005,2023-03-29,,-11.5,-21.7,-16.6,34.6,0.0,,,0.2,44.0,31.0,34.0,86.2
2023-03-30,19.898783333333306,-133.532794,68.317527,INUVIK CLIMATE,2202578,2023-03-30,,-9.5,-18.3,-13.9,31.9,0.0,,,0.0,48.0,12.0,34.0,104.8,-133.5018,68.7463,TRAIL VALLEY,220N005,2023-03-30,,-12.9,-22.8,-17.9,35.9,0.0,,,0.0,44.0,,,86.2
2023-03-31,20.813183333333267,-133.532794,68.317527,INUVIK CLIMATE,2202578,2023-03-31,,-11.6,-19.2,-15.4,33.4,0.0,,,0.0,48.0,,,104.8,-133.5018,68.7463,TRAIL VALLEY,220N005,2023-03-31,,-13.1,-28.8,-20.9,38.9,0.0,,,0.0,44.0,,,86.2
2023-04-01,21.71488333333324,-133.532794,68.317527,INUVIK CLIMATE,2202578,2023-04-01,,-11.7,-20.7,-16.2,34.2,0.0,,,0.0,47.0,,,104.8,-133.5018,68.7463,TRAIL VALLEY,220N005,2023-04-01,,-18.7,-28.8,-23.7,41.7,0.0,,,0.0,44.0,,,86.2
2023-04-02,23.092833333333214,-133.532794,68.317527,INUVIK CLIMATE,2202578,2023-04-02,,-5.1,-19.7,-12.4,30.4,0.0,,,0.0,47.0,,,104.8,-133.5018,68.7463,TRAIL VALLEY,220N005,2023-04-02,,-12.3,-25.8,-19.0,37.0,0.0,,,0.0,44.0,,,86.2
2023-04-03,22.63563333333334,-133.532794,68.317527,INUVIK CLIMATE,2202578,2023-04-03,,-8.5,-20.9,-14.7,32.7,0.0,,,0.0,47.0,,,104.8,-133.5018,68.7463,TRAIL VALLEY,220N005,2023-04-03,,,,,,,,,,44.0,,,86.2
2023-04-04,22.178433333333178,-133.532794,68.317527,INUVIK CLIMATE,2202578,2023-04-04,,-1.9,-15.1,-8.5,26.5,0.0,,,0.0,47.0,,,104.8,-133.5018,68.7463,TRAIL VALLEY,220N005,2023-04-04,,-3.9,-19.9,-11.9,29.9,0.0,,,0.0,45.0,,,86.2
2023-04-05,23.092833333333285,-133.532794,68.317527,INUVIK CLIMATE,2202578,2023-04-05,,-13.6,-17.2,-15.4,33.4,0.0,,,0.5,46.0,,,104.8,-133.5018,68.7463,TRAIL VALLEY,220N005,2023-04-05,,-13.1,-18.3,-15.7,33.7,0.0,,,0.6,45.0,,,86.2
2023-04-06,20.806833333333273,-133.532794,68.317527,INUVIK CLIMATE,2202578,2023-04-06,,-12.8,-19.5,-16.2,34.2,0.0,,,0.0,48.0,,,104.8,-133.5018,68.7463,TRAIL VALLEY,220N005,2023-04-06,,-12.8,-21.5,-17.1,35.1,0.0,,,0.2,46.0,,,86.2
2023-04-07,20.813183333333193,-133.532794,68.317527,INUVIK CLIMATE,2202578,2023-04-07,,-13.8,-19.0,-16.4,34.4,0.0,,,1.4,48.0,29.0,37.0,104.8,-133.5018,68.7463,TRAIL VALLEY,220N005,2023-04-07,,-14.7,-22.3,-18.5,36.5,0.0,,,0.7,45.0,29.0,52.0,86.2
2023-04-08,22.184783333333176,-133.532794,68.317527,INUVIK CLIMATE,2202578,2023-04-08,,-10.8,-21.4,-16.1,34.1,0.0,,,0.0,48.0,,,104.8,-133.5018,68.7463,TRAIL VALLEY,220N005,2023-04-08,,-16.7,-26.0,-21.3,39.3,0.0,,,0.0,44.0,,,86.2
2023-04-09,22.63563333333327,-133.532794,68.317527,INUVIK CLIMATE,2202578,2023-04-09,,-6.0,-14.8,-10.4,28.4,0.0,,,0.0,48.0,7.0,31.0,104.8,-133.5018,68.7463,TRAIL VALLEY,220N005,2023-04-09,,-6.4,-19.5,-13.0,31.0,0.0,,,0.0,44.0,,,86.2
2023-04-10,19.441583333333288,-133.532794,68.317527,INUVIK CLIMATE,2202578,2023-04-10,,-6.1,-14.4,-10.3,28.3,0.0,,,0.9,48.0,30.0,33.0,104.8,-133.5018,68.7463,TRAIL VALLEY,220N005,2023-04-10,,-8.6,-14.0,-11.3,29.3,0.0,,,0.2,45.0,29.0,44.0,86.2
2023-04-11,21.27038333333328,-133.532794,68.317527,INUVIK CLIMATE,2202578,2023-04-11,,-11.7,-21.1,-16.4,34.4,0.0,,,0.0,50.0,,,104.8,-133.5018,68.7463,TRAIL VALLEY,220N005,2023-04-11,,-11.0,-21.4,-16.2,34.2,0.0,,,0.4,44.0,29.0,39.0,86.2
2023-04-12,22.629283333333277,-133.532794,68.317527,INUVIK CLIMATE,2202578,2023-04-12,,-15.9,-21.0,-18.4,36.4,0.0,,,0.5,51.0,,,104.8,-133.5018,68.7463,TRAIL VALLEY,220N005,2023-04-12,,-18.0,-22.9,-20.4,38.4,0.0,,,1.1,44.0,29.0,31.0,86.2
2023-04-13,21.27038333333328,-133.532794,68.317527,INUVIK CLIMATE,2202578,2023-04-13,,-17.0,-22.7,-19.8,37.8,0.0,,,0.0,51.0,,,104.8,-133.5018,68.7463,TRAIL VALLEY,220N005,2023-04-13,,,,,,,,,,44.0,,,86.2
2023-04-14,23.54368333333331,-133.532794,68.317527,INUVIK CLIMATE,2202578,2023-04-14,,-14.2,-21.2,-17.7,35.7,0.0,,,0.0,52.0,,,104.8,-133.5018,68.7463,TRAIL VALLEY,220N005,2023-04-14,,-16.0,-23.4,-19.7,37.7,0.0,,,0.0,44.0,,,86.2
2023-04-15,22.63563333333327,-133.532794,68.317527,INUVIK CLIMATE,2202578,2023-04-15,,-13.0,-19.6,-16.3,34.3,0.0,,,0.0,52.0,,,104.8,-133.5018,68.7463,TRAIL VALLEY,220N005,2023-04-15,,-13.2,-22.1,-17.6,35.6,0.0,,,0.4,44.0,,,86.2
2023-04-16,20.362333333333314,-133.532794,68.317527,INUVIK CLIMATE,2202578,2023-04-16,,-11.5,-15.4,-13.5,31.5,0.0,,,0.2,52.0,32.0,33.0,104.8,-133.5018,68.7463,TRAIL VALLEY,220N005,2023-04-16,,-10.0,-14.0,-12.0,30.0,0.0,,,0.2,45.0,,,86.2
2023-04-17,19.892433333333237,-133.532794,68.317527,INUVIK CLIMATE,2202578,2023-04-17,,-14.6,-17.0,-15.8,33.8,0.0,,,0.0,52.0,33.0,39.0,104.8,-133.5018,68.7463,TRAIL VALLEY,220N005,2023-04-17,,,,,,,,,,46.0,,,86.2
2023-04-18,18.990733333333264,-133.532794,68.317527,INUVIK CLIMATE,2202578,2023-04-18,,-13.8,-16.3,-15.1,33.1,0.0,,,0.5,52.0,34.0,32.0,104.8,-133.5018,68.7463,TRAIL VALLEY,220N005,2023-04-18,,-14.0,-16.4,-15.2,33.2,0.0,,,0.2,44.0,32.0,35.0,86.2
2023-04-19,19.905133333333225,-133.532794,68.317527,INUVIK CLIMATE,2202578,2023-04-19,,-8.1,-13.9,-11.0,29.0,0.0,,,0.0,53.0,,,104.8,-133.5018,68.7463,TRAIL VALLEY,220N005,2023-04-19,,-9.3,-14.0,-11.7,29.7,0.0,,,0.0,44.0,,,86.2
2023-04-20,24.000883333333256,-133.532794,68.317527,INUVIK CLIMATE,2202578,2023-04-20,,-3.9,-11.2,-7.5,25.5,0.0,,,0.0,52.0,,,104.8,-133.5018,68.7463,TRAIL VALLEY,220N005,2023-04-20,,-3.4,-10.8,-7.1,25.1,0.0,,,0.0,44.0,,,86.2
2023-04-21,26.737733333333292,-133.532794,68.317527,INUVIK CLIMATE,2202578,2023-04-21,,-3.7,-10.5,-7.1,25.1,0.0,,,2.0,52.0,1.0,38.0,104.8,-133.5018,68.7463,TRAIL VALLEY,220N005,2023-04-21,,-5.7,-11.8,-8.8,26.8,0.0,,,2.7,44.0,1.0,40.0,86.2
2023-04-22,21.27038333333328,-133.532794,68.317527,INUVIK CLIMATE,2202578,2023-04-22,,-10.5,-19.9,-15.2,33.2,0.0,,,0.0,53.0,2.0,46.0,104.8,-133.5018,68.7463,TRAIL VALLEY,220N005,2023-04-22,,-11.8,-20.6,-16.2,34.2,0.0,,,0.2,44.0,1.0,46.0,86.2
2023-04-23,22.184783333333247,-133.532794,68.317527,INUVIK CLIMATE,2202578,2023-04-23,,-17.7,-27.8,-22.8,40.8,0.0,,,0.0,53.0,,,104.8,-133.5018,68.7463,TRAIL VALLEY,220N005,2023-04-23,,-18.6,-25.8,-22.2,40.2,0.0,,,,46.0,,,86.2
2023-04-24,24.000883333333253,-133.532794,68.317527,INUVIK CLIMATE,2202578,2023-04-24,,-17.3,-23.0,-20.2,38.2,0.0,,,0.0,52.0,,,104.8,-133.5018,68.7463,TRAIL VALLEY,220N005,2023-04-24,,-17.7,-22.0,-19.8,37.8,0.0,,,0.0,46.0,,,86.2
2023-04-25,23.54368333333331,-133.532794,68.317527,INUVIK CLIMATE,2202578,2023-04-25,,-12.8,-22.7,-17.8,35.8,0.0,,,0.0,52.0,,,104.8,-133.5018,68.7463,TRAIL VALLEY,220N005,2023-04-25,,-15.4,-21.8,-18.6,36.6,0.0,,,0.0,46.0,,,86.2
2023-04-26,21.27038333333321,-133.532794,68.317527,INUVIK CLIMATE,2202578,2023-04-26,,-3.2,-14.4,-8.8,26.8,0.0,,,0.0,52.0,,,104.8,-133.5018,68.7463,TRAIL VALLEY,220N005,2023-04-26,,-5.4,-23.8,-14.6,32.6,0.0,,,0.2,46.0,,,86.2
2023-04-27,21.721233333333235,-133.532794,68.317527,INUVIK CLIMATE,2202578,2023-04-27,,-6.6,-18.2,-12.4,30.4,0.0,,,0.0,52.0,,,104.8,-133.5018,68.7463,TRAIL VALLEY,220N005,2023-04-27,,-11.5,-17.2,-14.3,32.3,0.0,,,0.7,46.0,29.0,37.0,86.2
2023-04-28,18.990733333333264,-133.532794,68.317527,INUVIK CLIMATE,2202578,2023-04-28,,-5.1,-14.8,-9.9,27.9,0.0,,,0.0,52.0,,,104.8,-133.5018,68.7463,TRAIL VALLEY,220N005,2023-04-28,,-5.4,-15.1,-10.2,28.2,0.0,,,0.2,46.0,29.0,40.0,86.2
2023-04-29,31.754233333333207,-133.532794,68.317527,INUVIK CLIMATE,2202578,2023-04-29,,-5.2,-12.6,-8.9,26.9,0.0,,,0.0,51.0,,,104.8,-133.5018,68.7463,TRAIL VALLEY,220N005,2023-04-29,,-9.0,-17.9,-13.4,31.4,0.0,,,0.0,46.0,,,86.2
2023-04-30,23.54368333333331,-133.532794,68.317527,INUVIK CLIMATE,2202578,2023-04-30,,-4.0,-14.5,-9.2,27.2,0.0,,,0.9,51.0,,,104.8,-133.5018,68.7463,TRAIL VALLEY,220N005,2023-04-30,,-6.8,-18.0,-12.4,30.4,0.0,,,1.2,46.0,1.0,35.0,86.2
2023-05-01,21.264033333333288,-133.532794,68.317527,INUVIK CLIMATE,2202578,2023-05-01,,1.8,-8.2,-3.2,21.2,0.0,,,2.3,54.0,,,104.8,-133.5018,68.7463,TRAIL VALLEY,220N005,2023-05-01,,,,,,,,,,50.0,,,86.2
2023-05-02,31.29703333333326,-133.532794,68.317527,INUVIK CLIMATE,2202578,2023-05-02,,7.0,-5.4,0.8,17.2,0.0,,,0.0,53.0,,,104.8,-133.5018,68.7463,TRAIL VALLEY,220N005,2023-05-02,,1.4,-13.8,-6.2,24.2,0.0,,,0.0,47.0,,,86.2
2023-05-03,44.50503333333331,-133.532794,68.317527,INUVIK CLIMATE,2202578,2023-05-03,,3.0,-3.5,-0.3,18.3,0.0,,,0.0,49.0,,,104.8,-133.5018,68.7463,TRAIL VALLEY,220N005,2023-05-03,,2.3,-4.6,-1.1,19.1,0.0,,,0.0,48.0,28.0,32.0,86.2
2023-05-04,38.586833333333274,-133.532794,68.317527,INUVIK CLIMATE,2202578,2023-05-04,,11.6,-3.6,4.0,14.0,0.0,,,0.0,48.0,,,104.8,-133.5018,68.7463,TRAIL VALLEY,220N005,2023-05-04,,,,,,,,,,48.0,,,86.2
2023-05-05,36.75803333333328,-133.532794,68.317527,INUVIK CLIMATE,2202578,2023-05-05,,7.2,-4.6,1.3,16.7,0.0,,,0.0,43.0,,,104.8,-133.5018,68.7463,TRAIL VALLEY,220N005,2023-05-05,,,,,,,,,,45.0,,,86.2
2023-05-06,36.30718333333333,-133.532794,68.317527,INUVIK CLIMATE,2202578,2023-05-06,,4.7,-0.7,2.0,16.0,0.0,,,1.4,42.0,6.0,33.0,104.8,-133.5018,68.7463,TRAIL VALLEY,220N005,2023-05-06,,0.7,-5.9,-2.6,20.6,0.0,,,0.4,46.0,36.0,32.0,86.2
2023-05-07,35.39913333333321,-133.532794,68.317527,INUVIK CLIMATE,2202578,2023-05-07,,2.4,-3.8,-0.7,18.7,0.0,,,0.0,39.0,,,104.8,-133.5018,68.7463,TRAIL VALLEY,220N005,2023-05-07,,0.0,-3.6,-1.8,19.8,0.0,,,0.0,45.0,30.0,37.0,86.2
2023-05-08,45.87028333333329,-133.532794,68.317527,INUVIK CLIMATE,2202578,2023-05-08,,1.7,-2.2,-0.3,18.3,0.0,,,0.0,37.0,,,104.8,-133.5018,68.7463,TRAIL VALLEY,220N005,2023-05-08,,0.3,-2.7,-1.2,19.2,0.0,,,0.2,45.0,,,86.2
2023-05-09,39.952083333333256,-133.532794,68.317527,INUVIK CLIMATE,2202578,2023-05-09,,6.4,-0.4,3.0,15.0,0.0,,,0.0,33.0,,,104.8,-133.5018,68.7463,TRAIL VALLEY,220N005,2023-05-09,,4.4,-2.7,0.8,17.2,0.0,,,0.0,45.0,,,86.2
2023-05-10,54.525333333333286,-133.532794,68.317527,INUVIK CLIMATE,2202578,2023-05-10,,10.4,0.4,5.4,12.6,0.0,,,0.0,28.0,,,104.8,-133.5018,68.7463,TRAIL VALLEY,220N005,2023-05-10,,6.3,-4.9,0.7,17.3,0.0,,,0.0,43.0,,,86.2
2023-05-11,47.69908333333329,-133.532794,68.317527,INUVIK CLIMATE,2202578,2023-05-11,,7.4,-4.2,1.6,16.4,0.0,,,0.0,21.0,,,104.8,-133.5018,68.7463,TRAIL VALLEY,220N005,2023-05-11,,3.8,-3.1,0.3,17.7,0.0,,,0.0,43.0,,,86.2
2023-05-12,43.59063333333327,-133.532794,68.317527,INUVIK CLIMATE,2202578,2023-05-12,,1.8,-3.3,-0.8,18.8,0.0,,,0.0,17.0,33.0,33.0,104.8,-133.5018,68.7463,TRAIL VALLEY,220N005,2023-05-12,,,,,,,,,,43.0,,,86.2
2023-05-13,36.30083333333326,-133.532794,68.317527,INUVIK CLIMATE,2202578,2023-05-13,,11.0,-3.9,3.6,14.4,0.0,,,0.0,15.0,,,104.8,-133.5018,68.7463,TRAIL VALLEY,220N005,2023-05-13,,8.4,-4.6,1.9,16.1,0.0,,,0.0,43.0,,,86.2
2023-05-14,65.01553333333328,-133.532794,68.317527,INUVIK CLIMATE,2202578,2023-05-14,,19.0,4.7,11.8,6.2,0.0,,,0.0,10.0,,,104.8,-133.5018,68.7463,TRAIL VALLEY,220N005,2023-05-14,,14.0,2.2,8.1,9.9,0.0,,,0.0,40.0,21.0,33.0,86.2
2023-05-15,,-133.532794,68.317527,INUVIK CLIMATE,2202578,2023-05-15,,20.4,9.4,14.9,3.1,0.0,,,0.0,,,,104.8,-133.5018,68.7463,TRAIL VALLEY,220N005,2023-05-15,,,,,,,,,,35.0,,,86.2
2023-05-16,36.45746666666662,-133.532794,68.317527,INUVIK CLIMATE,2202578,2023-05-16,,12.1,-0.3,5.9,12.1,0.0,,,0.0,0.0,1.0,36.0,104.8,-133.5018,68.7463,TRAIL VALLEY,220N005,2023-05-16,,8.6,-2.5,3.0,15.0,0.0,,,0.0,27.0,33.0,38.0,86.2
2023-05-17,36.75168333333328,-133.532794,68.317527,INUVIK CLIMATE,2202578,2023-05-17,,8.9,-1.5,3.7,14.3,0.0,,,0.0,0.0,1.0,33.0,104.8,-133.5018,68.7463,TRAIL VALLEY,220N005,2023-05-17,,3.8,-2.7,0.5,17.5,0.0,,,0.0,25.0,,,86.2
2023-05-18,41.317333333333245,-133.532794,68.317527,INUVIK CLIMATE,2202578,2023-05-18,,5.8,-1.6,2.1,15.9,0.0,,,2.5,0.0,35.0,36.0,104.8,-133.5018,68.7463,TRAIL VALLEY,220N005,2023-05-18,,1.6,-3.0,-0.7,18.7,0.0,,,0.2,23.0,31.0,40.0,86.2
2023-05-19,38.12963333333326,-133.532794,68.317527,INUVIK CLIMATE,2202578,2023-05-19,,13.8,-2.2,5.8,12.2,0.0,,,0.0,0.0,,,104.8,-133.5018,68.7463,TRAIL VALLEY,220N005,2023-05-19,,12.2,-5.3,3.5,14.5,0.0,,,0.0,23.0,,,86.2
2023-05-20,63.193083333333206,-133.532794,68.317527,INUVIK CLIMATE,2202578,2023-05-20,,12.6,1.0,6.8,11.2,0.0,,,0.0,0.0,34.0,37.0,104.8,-133.5018,68.7463,TRAIL VALLEY,220N005,2023-05-20,,11.8,-0.4,5.7,12.3,0.0,,,0.0,19.0,30.0,41.0,86.2
2023-05-21,,-133.532794,68.317527,INUVIK CLIMATE,2202578,2023-05-21,,13.0,-0.8,6.1,11.9,0.0,,,0.0,,,,104.8,-133.5018,68.7463,TRAIL VALLEY,220N005,2023-05-21,,10.3,-0.9,4.7,13.3,0.0,,,0.0,4.0,,,86.2
2023-05-22,,-133.532794,68.317527,INUVIK CLIMATE,2202578,2023-05-22,,21.5,7.1,14.3,3.7,0.0,,,0.0,,,,104.8,-133.5018,68.7463,TRAIL VALLEY,220N005,2023-05-22,,20.6,3.9,12.2,5.8,0.0,,,0.0,1.0,20.0,46.0,86.2
2023-05-23,,-133.532794,68.317527,INUVIK CLIMATE,2202578,2023-05-23,,17.5,1.6,9.6,8.4,0.0,,,0.0,,,,104.8,-133.5018,68.7463,TRAIL VALLEY,220N005,2023-05-23,,12.6,1.1,6.9,11.1,0.0,,,0.0,1.0,,,86.2
2023-05-24,,-133.532794,68.317527,INUVIK CLIMATE,2202578,2023-05-24,,10.0,-1.0,4.5,13.5,0.0,,,0.0,,8.0,33.0,104.8,-133.5018,68.7463,TRAIL VALLEY,220N005,2023-05-24,,7.2,-1.4,2.9,15.1,0.0,,,0.0,1.0,32.0,40.0,86.2
2023-05-25,,-133.532794,68.317527,INUVIK CLIMATE,2202578,2023-05-25,,3.0,-1.3,0.9,17.1,0.0,,,1.0,,4.0,37.0,104.8,-133.5018,68.7463,TRAIL VALLEY,220N005,2023-05-25,,1.2,-2.4,-0.6,18.6,0.0,,,1.8,1.0,2.0,35.0,86.2
2023-05-26,,-133.532794,68.317527,INUVIK CLIMATE,2202578,2023-05-26,,11.9,-2.1,4.9,13.1,0.0,,,0.0,,12.0,31.0,104.8,-133.5018,68.7463,TRAIL VALLEY,220N005,2023-05-26,,,,,,,,,,1.0,,,86.2
2023-05-27,,-133.532794,68.317527,INUVIK CLIMATE,2202578,2023-05-27,,9.7,1.6,5.6,12.4,0.0,,,3.4,,29.0,33.0,104.8,-133.5018,68.7463,TRAIL VALLEY,220N005,2023-05-27,,8.9,-1.4,3.8,14.2,0.0,,,0.3,1.0,33.0,33.0,86.2
2023-05-28,,-133.532794,68.317527,INUVIK CLIMATE,2202578,2023-05-28,,13.6,-2.7,5.5,12.5,0.0,,,0.0,,,,104.8,-133.5018,68.7463,TRAIL VALLEY,220N005,2023-05-28,,14.3,-2.6,5.9,12.1,0.0,,,0.2,1.0,12.0,38.0,86.2
2023-05-29,,-133.532794,68.317527,INUVIK CLIMATE,2202578,2023-05-29,,20.5,5.3,12.9,5.1,0.0,,,0.0,,,,104.8,-133.5018,68.7463,TRAIL VALLEY,220N005,2023-05-29,,21.0,3.6,12.3,5.7,0.0,,,0.0,0.0,,,86.2
2023-05-30,,-133.532794,68.317527,INUVIK CLIMATE,2202578,2023-05-30,,17.7,9.5,13.6,4.4,0.0,,,5.2,,,,104.8,-133.5018,68.7463,TRAIL VALLEY,220N005,2023-05-30,,19.9,3.7,11.8,6.2,0.0,,,0.0,,19.0,36.0,86.2
2023-05-31,,-133.532794,68.317527,INUVIK CLIMATE,2202578,2023-05-31,,14.3,2.7,8.5,9.5,0.0,,,0.0,,33.0,38.0,104.8,-133.5018,68.7463,TRAIL VALLEY,220N005,2023-05-31,,16.8,2.7,9.8,8.2,0.0,,,0.0,,31.0,35.0,86.2
2023-06-01,,-133.532794,68.317527,INUVIK CLIMATE,2202578,2023-06-01,,6.8,0.3,3.5,14.5,0.0,,,1.1,,33.0,34.0,104.8,-133.5018,68.7463,TRAIL VALLEY,220N005,2023-06-01,,5.8,0.3,3.1,14.9,0.0,,,1.8,,30.0,37.0,86.2
2023-06-02,,-133.532794,68.317527,INUVIK CLIMATE,2202578,2023-06-02,,17.2,2.6,9.9,8.1,0.0,,,0.0,,26.0,48.0,104.8,-133.5018,68.7463,TRAIL VALLEY,220N005,2023-06-02,,17.5,-1.9,7.8,10.2,0.0,,,0.0,,22.0,48.0,86.2
2023-06-03,,-133.532794,68.317527,INUVIK CLIMATE,2202578,2023-06-03,,20.4,5.3,12.8,5.2,0.0,,,0.0,,24.0,35.0,104.8,-133.5018,68.7463,TRAIL VALLEY,220N005,2023-06-03,,19.2,4.1,11.7,6.3,0.0,,,0.0,,23.0,44.0,86.2
2023-06-04,,-133.532794,68.317527,INUVIK CLIMATE,2202578,2023-06-04,,21.5,5.0,13.3,4.7,0.0,,,0.1,,33.0,46.0,104.8,-133.5018,68.7463,TRAIL VALLEY,220N005,2023-06-04,,21.6,2.1,11.9,6.1,0.0,,,0.0,,31.0,48.0,86.2
2023-06-05,,-133.532794,68.317527,INUVIK CLIMATE,2202578,2023-06-05,,15.9,1.8,8.9,9.1,0.0,,,0.0,,7.0,32.0,104.8,-133.5018,68.7463,TRAIL VALLEY,220N005,2023-06-05,,13.5,0.2,6.9,11.1,0.0,,,0.0,,,,86.2
2023-06-06,,-133.532794,68.317527,INUVIK CLIMATE,2202578,2023-06-06,,21.2,8.6,14.9,3.1,0.0,,,0.0,,,,104.8,-133.5018,68.7463,TRAIL VALLEY,220N005,2023-06-06,,19.2,4.9,12.0,6.0,0.0,,,0.0,,,,86.2
2023-06-07,,-133.532794,68.317527,INUVIK CLIMATE,2202578,2023-06-07,,23.4,10.6,17.0,1.0,0.0,,,0.0,,,,104.8,-133.5018,68.7463,TRAIL VALLEY,220N005,2023-06-07,,22.5,3.0,12.7,5.3,0.0,,,0.0,,34.0,34.0,86.2
2023-06-08,,-133.532794,68.317527,INUVIK CLIMATE,2202578,2023-06-08,,16.6,3.3,10.0,8.0,0.0,,,0.0,,36.0,36.0,104.8,-133.5018,68.7463,TRAIL VALLEY,220N005,2023-06-08,,12.0,2.1,7.1,10.9,0.0,,,0.6,,3.0,40.0,86.2
2023-06-09,,-133.532794,68.317527,INUVIK CLIMATE,2202578,2023-06-09,,13.3,2.6,8.0,10.0,0.0,,,0.2,,35.0,39.0,104.8,-133.5018,68.7463,TRAIL VALLEY,220N005,2023-06-09,,8.6,0.4,4.5,13.5,0.0,,,0.0,,1.0,40.0,86.2
2023-06-10,,-133.532794,68.317527,INUVIK CLIMATE,2202578,2023-06-10,,7.6,-0.1,3.7,14.3,0.0,,,0.3,,2.0,40.0,104.8,-133.5018,68.7463,TRAIL VALLEY,220N005,2023-06-10,,5.4,-0.9,2.3,15.7,0.0,,,1.3,,35.0,38.0,86.2
2023-06-11,,-133.532794,68.317527,INUVIK CLIMATE,2202578,2023-06-11,,16.1,6.2,11.2,6.8,0.0,,,0.0,,13.0,38.0,104.8,-133.5018,68.7463,TRAIL VALLEY,220N005,2023-06-11,,15.5,3.0,9.2,8.8,0.0,,,0.2,,16.0,40.0,86.2
2023-06-12,,-133.532794,68.317527,INUVIK CLIMATE,2202578,2023-06-12,,19.6,9.0,14.3,3.7,0.0,,,0.0,,,,104.8,-133.5018,68.7463,TRAIL VALLEY,220N005,2023-06-12,,20.7,7.9,14.3,3.7,0.0,,,0.2,,16.0,37.0,86.2
2023-06-13,,-133.532794,68.317527,INUVIK CLIMATE,2202578,2023-06-13,,16.7,10.6,13.6,4.4,0.0,,,2.7,,31.0,43.0,104.8,-133.5018,68.7463,TRAIL VALLEY,220N005,2023-06-13,,,,,,,,,,,,,86.2
2023-06-14,,-133.532794,68.317527,INUVIK CLIMATE,2202578,2023-06-14,,18.7,9.1,13.9,4.1,0.0,,,0.0,,,,104.8,-133.5018,68.7463,TRAIL VALLEY,220N005,2023-06-14,,18.8,6.5,12.6,5.4,0.0,,,0.0,,28.0,41.0,86.2
2023-06-15,,-133.532794,68.317527,INUVIK CLIMATE,2202578,2023-06-15,,21.3,10.3,15.8,2.2,0.0,,,0.0,,8.0,40.0,104.8,-133.5018,68.7463,TRAIL VALLEY,220N005,2023-06-15,,19.4,7.2,13.3,4.7,0.0,,,,,,,86.2
2023-06-16,,-133.532794,68.317527,INUVIK CLIMATE,2202578,2023-06-16,,22.5,12.6,17.5,0.5,0.0,,,0.0,,3.0,40.0,104.8,-133.5018,68.7463,TRAIL VALLEY,220N005,2023-06-16,,17.2,6.0,11.6,6.4,0.0,,,0.3,,4.0,41.0,86.2
2023-06-17,,-133.532794,68.317527,INUVIK CLIMATE,2202578,2023-06-17,,16.2,4.3,10.3,7.7,0.0,,,0.0,,4.0,35.0,104.8,-133.5018,68.7463,TRAIL VALLEY,220N005,2023-06-17,,,,,,,,,,,,,86.2
2023-06-18,,-133.532794,68.317527,INUVIK CLIMATE,2202578,2023-06-18,,15.6,4.2,9.9,8.1,0.0,,,0.0,,,,104.8,-133.5018,68.7463,TRAIL VALLEY,220N005,2023-06-18,,11.4,2.0,6.7,11.3,0.0,,,0.0,,,,86.2
2023-06-19,,-133.532794,68.317527,INUVIK CLIMATE,2202578,2023-06-19,,21.8,6.8,14.3,3.7,0.0,,,0.7,,,,104.8,-133.5018,68.7463,TRAIL VALLEY,220N005,2023-06-19,,17.8,2.4,10.1,7.9,0.0,,,0.0,,,,86.2
2023-06-20,,-133.532794,68.317527,INUVIK CLIMATE,2202578,2023-06-20,,12.8,7.9,10.3,7.7,0.0,,,3.2,,,,104.8,-133.5018,68.7463,TRAIL VALLEY,220N005,2023-06-20,,11.4,5.9,8.6,9.4,0.0,,,3.5,,30.0,36.0,86.2
2023-06-21,,-133.532794,68.317527,INUVIK CLIMATE,2202578,2023-06-21,,20.2,7.0,13.6,4.4,0.0,,,0.2,,,,104.8,-133.5018,68.7463,TRAIL VALLEY,220N005,2023-06-21,,18.9,5.1,12.0,6.0,0.0,,,0.0,,28.0,42.0,86.2
2023-06-22,,-133.532794,68.317527,INUVIK CLIMATE,2202578,2023-06-22,,,,,,,,,,,,,104.8,-133.5018,68.7463,TRAIL VALLEY,220N005,2023-06-22,,11.5,4.2,7.9,10.1,0.0,,,4.0,,31.0,41.0,86.2
2023-06-23,,-133.532794,68.317527,INUVIK CLIMATE,2202578,2023-06-23,,12.0,3.9,8.0,10.0,0.0,,,0.0,,33.0,34.0,104.8,-133.5018,68.7463,TRAIL VALLEY,220N005,2023-06-23,,9.6,0.4,5.0,13.0,0.0,,,0.0,,,,86.2
2023-06-24,,-133.532794,68.317527,INUVIK CLIMATE,2202578,2023-06-24,,21.8,3.7,12.8,5.2,0.0,,,0.0,,,,104.8,-133.5018,68.7463,TRAIL VALLEY,220N005,2023-06-24,,20.3,1.4,10.9,7.1,0.0,,,0.0,,14.0,36.0,86.2
2023-06-25,,-133.532794,68.317527,INUVIK CLIMATE,2202578,2023-06-25,,27.6,12.5,20.1,0.0,2.1,,,0.0,,,,104.8,-133.5018,68.7463,TRAIL VALLEY,220N005,2023-06-25,,,,,,,,,,,,,86.2
2023-06-26,,-133.532794,68.317527,INUVIK CLIMATE,2202578,2023-06-26,,25.5,16.4,20.9,0.0,2.9,,,0.0,,30.0,39.0,104.8,-133.5018,68.7463,TRAIL VALLEY,220N005,2023-06-26,,25.0,13.5,19.3,0.0,1.3,,,0.0,,26.0,49.0,86.2
2023-06-27,,-133.532794,68.317527,INUVIK CLIMATE,2202578,2023-06-27,,21.8,10.8,16.3,1.7,0.0,,,11.1,,1.0,35.0,104.8,-133.5018,68.7463,TRAIL VALLEY,220N005,2023-06-27,,18.5,8.8,13.6,4.4,0.0,,,0.0,,,,86.2
2023-06-28,,-133.532794,68.317527,INUVIK CLIMATE,2202578,2023-06-28,,21.0,9.3,15.2,2.8,0.0,,,0.0,,1.0,31.0,104.8,-133.5018,68.7463,TRAIL VALLEY,220N005,2023-06-28,,17.3,8.6,13.0,5.0,0.0,,,0.3,,,,86.2
2023-06-29,,-133.532794,68.317527,INUVIK CLIMATE,2202578,2023-06-29,,29.7,11.9,20.8,0.0,2.8,,,0.0,,,,104.8,-133.5018,68.7463,TRAIL VALLEY,220N005,2023-06-29,,26.2,7.5,16.9,1.1,0.0,,,0.0,,4.0,32.0,86.2
2023-06-30,,-133.532794,68.317527,INUVIK CLIMATE,2202578,2023-06-30,,30.0,18.9,24.4,0.0,6.4,,,0.0,,,,104.8,-133.5018,68.7463,TRAIL VALLEY,220N005,2023-06-30,,28.7,17.9,23.3,0.0,5.3,,,0.0,,3.0,34.0,86.2
2023-07-01,,-133.532794,68.317527,INUVIK CLIMATE,2202578,2023-07-01,,25.1,13.0,19.0,0.0,1.0,,,0.0,,31.0,41.0,104.8,-133.5018,68.7463,TRAIL VALLEY,220N005,2023-07-01,,24.3,10.9,17.6,0.4,0.0,,,0.0,,32.0,45.0,86.2
2023-07-02,,-133.532794,68.317527,INUVIK CLIMATE,2202578,2023-07-02,,26.0,9.0,17.5,0.5,0.0,,,0.0,,,,104.8,-133.5018,68.7463,TRAIL VALLEY,220N005,2023-07-02,,23.4,8.5,16.0,2.0,0.0,,,0.0,,32.0,31.0,86.2
2023-07-03,,-133.532794,68.317527,INUVIK CLIMATE,2202578,2023-07-03,,30.8,18.4,24.6,0.0,6.6,,,0.0,,,,104.8,-133.5018,68.7463,TRAIL VALLEY,220N005,2023-07-03,,29.7,14.5,22.1,0.0,4.1,,,0.0,,5.0,40.0,86.2
2023-07-04,,-133.532794,68.317527,INUVIK CLIMATE,2202578,2023-07-04,,33.0,19.0,26.0,0.0,8.0,,,0.0,,35.0,39.0,104.8,-133.5018,68.7463,TRAIL VALLEY,220N005,2023-07-04,,31.7,12.7,22.2,0.0,4.2,,,0.0,,30.0,41.0,86.2
2023-07-05,,-133.532794,68.317527,INUVIK CLIMATE,2202578,2023-07-05,,23.3,17.0,20.2,0.0,2.2,,,0.0,,31.0,35.0,104.8,-133.5018,68.7463,TRAIL VALLEY,220N005,2023-07-05,,21.7,15.4,18.6,0.0,0.6,,,0.0,,28.0,37.0,86.2
2023-07-06,,-133.532794,68.317527,INUVIK CLIMATE,2202578,2023-07-06,,28.4,13.8,21.1,0.0,3.1,,,0.0,,,,104.8,-133.5018,68.7463,TRAIL VALLEY,220N005,2023-07-06,,,,,,,,,,,,,86.2
2023-07-07,,-133.532794,68.317527,INUVIK CLIMATE,2202578,2023-07-07,,28.7,20.7,24.7,0.0,6.7,,,0.0,,,,104.8,-133.5018,68.7463,TRAIL VALLEY,220N005,2023-07-07,,25.5,16.3,20.9,0.0,2.9,,,0.0,,,,86.2
2023-07-08,,-133.532794,68.317527,INUVIK CLIMATE,2202578,2023-07-08,,26.3,18.7,22.5,0.0,4.5,,,0.2,,4.0,43.0,104.8,-133.5018,68.7463,TRAIL VALLEY,220N005,2023-07-08,,23.6,15.7,19.7,0.0,1.7,,,0.0,,26.0,64.0,86.2
2023-07-09,,-133.532794,68.317527,INUVIK CLIMATE,2202578,2023-07-09,,25.0,13.3,19.1,0.0,1.1,,,0.0,,23.0,36.0,104.8,-133.5018,68.7463,TRAIL VALLEY,220N005,2023-07-09,,25.0,11.1,18.1,0.0,0.1,,,0.0,,21.0,46.0,86.2
2023-07-10,,-133.532794,68.317527,INUVIK CLIMATE,2202578,2023-07-10,,30.6,16.0,23.3,0.0,5.3,,,0.0,,,,104.8,-133.5018,68.7463,TRAIL VALLEY,220N005,2023-07-10,,27.7,11.3,19.5,0.0,1.5,,,0.0,,3.0,32.0,86.2
2023-07-11,,-133.532794,68.317527,INUVIK CLIMATE,2202578,2023-07-11,,27.4,18.5,23.0,0.0,5.0,,,0.0,,,,104.8,-133.5018,68.7463,TRAIL VALLEY,220N005,2023-07-11,,,,,,,,,,,,,86.2
2023-07-12,,-133.532794,68.317527,INUVIK CLIMATE,2202578,2023-07-12,,26.1,13.8,20.0,0.0,2.0,,,0.1,,31.0,36.0,104.8,-133.5018,68.7463,TRAIL VALLEY,220N005,2023-07-12,,23.1,12.9,18.0,0.0,0.0,,,0.0,,32.0,31.0,86.2
2023-07-13,,-133.532794,68.317527,INUVIK CLIMATE,2202578,2023-07-13,,,,,,,,,,,,,104.8,-133.5018,68.7463,TRAIL VALLEY,220N005,2023-07-13,,14.1,10.8,12.5,5.5,0.0,,,4.9,,31.0,33.0,86.2
2023-07-14,,-133.532794,68.317527,INUVIK CLIMATE,2202578,2023-07-14,,,,,,,,,,,,,104.8,-133.5018,68.7463,TRAIL VALLEY,220N005,2023-07-14,,22.5,10.1,16.3,1.7,0.0,,,0.0,,,,86.2
2023-07-15,,-133.532794,68.317527,INUVIK CLIMATE,2202578,2023-07-15,,26.8,14.8,20.8,0.0,2.8,,,14.7,,1.0,37.0,104.8,-133.5018,68.7463,TRAIL VALLEY,220N005,2023-07-15,,25.5,14.0,19.7,0.0,1.7,,,2.1,,,,86.2
2023-07-16,,-133.532794,68.317527,INUVIK CLIMATE,2202578,2023-07-16,,22.2,13.2,17.7,0.3,0.0,,,0.0,,4.0,31.0,104.8,-133.5018,68.7463,TRAIL VALLEY,220N005,2023-07-16,,19.3,12.3,15.8,2.2,0.0,,,0.0,,3.0,35.0,86.2
2023-07-17,,-133.532794,68.317527,INUVIK CLIMATE,2202578,2023-07-17,,26.0,14.0,20.0,0.0,2.0,,,3.1,,5.0,36.0,104.8,-133.5018,68.7463,TRAIL VALLEY,220N005,2023-07-17,,21.8,13.2,17.5,0.5,0.0,,,0.4,,,,86.2
2023-07-18,,-133.532794,68.317527,INUVIK CLIMATE,2202578,2023-07-18,,21.0,13.0,17.0,1.0,0.0,,,0.0,,,,104.8,-133.5018,68.7463,TRAIL VALLEY,220N005,2023-07-18,,19.9,11.3,15.6,2.4,0.0,,,0.0,,,,86.2
2023-07-19,,-133.532794,68.317527,INUVIK CLIMATE,2202578,2023-07-19,,15.2,11.4,13.3,4.7,0.0,,,0.0,,,,104.8,-133.5018,68.7463,TRAIL VALLEY,220N005,2023-07-19,,16.9,10.9,13.9,4.1,0.0,,,0.0,,,,86.2
2023-07-20,,-133.532794,68.317527,INUVIK CLIMATE,2202578,2023-07-20,,25.0,13.5,19.2,0.0,1.2,,,0.0,,,,104.8,-133.5018,68.7463,TRAIL VALLEY,220N005,2023-07-20,,21.0,10.0,15.5,2.5,0.0,,,0.0,,,,86.2
2023-07-21,,-133.532794,68.317527,INUVIK CLIMATE,2202578,2023-07-21,,30.5,18.5,24.5,0.0,6.5,,,0.0,,,,104.8,-133.5018,68.7463,TRAIL VALLEY,220N005,2023-07-21,,30.0,14.6,22.3,0.0,4.3,,,0.0,,,,86.2
2023-07-22,,-133.532794,68.317527,INUVIK CLIMATE,2202578,2023-07-22,,27.4,19.7,23.5,0.0,5.5,,,0.0,,3.0,35.0,104.8,-133.5018,68.7463,TRAIL VALLEY,220N005,2023-07-22,,26.1,18.0,22.1,0.0,4.1,,,0.0,,2.0,36.0,86.2
2023-07-23,,-133.532794,68.317527,INUVIK CLIMATE,2202578,2023-07-23,,25.2,16.3,20.8,0.0,2.8,,,0.0,,,,104.8,-133.5018,68.7463,TRAIL VALLEY,220N005,2023-07-23,,21.8,14.3,18.0,0.0,0.0,,,0.0,,,,86.2
2023-07-24,,-133.532794,68.317527,INUVIK CLIMATE,2202578,2023-07-24,,24.8,12.1,18.4,0.0,0.4,,,0.0,,1.0,31.0,104.8,-133.5018,68.7463,TRAIL VALLEY,220N005,2023-07-24,,21.0,11.9,16.5,1.5,0.0,,,0.0,,3.0,31.0,86.2
2023-07-25,,-133.532794,68.317527,INUVIK CLIMATE,2202578,2023-07-25,,26.1,14.6,20.4,0.0,2.4,,,0.0,,4.0,32.0,104.8,-133.5018,68.7463,TRAIL VALLEY,220N005,2023-07-25,,,,,,,,,,,,,86.2
2023-07-26,,-133.532794,68.317527,INUVIK CLIMATE,2202578,2023-07-26,,23.7,15.4,19.6,0.0,1.6,,,0.0,,,,104.8,-133.5018,68.7463,TRAIL VALLEY,220N005,2023-07-26,,23.2,12.0,17.6,0.4,0.0,,,0.0,,,,86.2
2023-07-27,,-133.532794,68.317527,INUVIK CLIMATE,2202578,2023-07-27,,28.2,14.6,21.4,0.0,3.4,,,0.0,,,,104.8,-133.5018,68.7463,TRAIL VALLEY,220N005,2023-07-27,,24.7,9.0,16.8,1.2,0.0,,,0.0,,,,86.2
2023-07-28,,-133.532794,68.317527,INUVIK CLIMATE,2202578,2023-07-28,,25.3,15.6,20.4,0.0,2.4,,,0.0,,,,104.8,-133.5018,68.7463,TRAIL VALLEY,220N005,2023-07-28,,21.8,12.9,17.3,0.7,0.0,,,0.0,,,,86.2
2023-07-29,,-133.532794,68.317527,INUVIK CLIMATE,2202578,2023-07-29,,27.3,15.0,21.2,0.0,3.2,,,0.0,,,,104.8,-133.5018,68.7463,TRAIL VALLEY,220N005,2023-07-29,,25.6,10.1,17.9,0.1,0.0,,,0.0,,,,86.2
2023-07-30,,-133.532794,68.317527,INUVIK CLIMATE,2202578,2023-07-30,,28.0,14.1,21.1,0.0,3.1,,,0.0,,,,104.8,-133.5018,68.7463,TRAIL VALLEY,220N005,2023-07-30,,24.1,14.2,19.2,0.0,1.2,,,0.0,,,,86.2
