<FG2 'FG2-SHELL V4.03' (Nov 25 2020) NOW(UTC):23.09.2022 22:34:18>,,,,,,
<FILE: C:\FG2_Shell_V3\data/A543D1/raw/A543D1_20220923153410.f2b>,,,,,,
<LOGGER: $A543D1>,,,,,,
<FILESIZE: 25970 Bytes>,,,,,,
<MEMORY CLEAR>,,,,,,
<PARAMETER_SET: C:\FG2_Shell_V3\data/A543D1/par/A543D1_20220723132046.f2p>,,,,,,
<PERIOD: 3600 sec>,,,,,,
<TIME: 23.07.2022 15:34:30>,,,,,,
<HK-BATUSED: 3.3 % (CALC)>,,,,,,
NO,TIME,#1:oC,#2:X,#3:Y,HK-TEMP:oC,HK-BAT:V
1,23.07.2022 15:34:30,11.4415,4.87024,2.37667,11.44,3.405
2,23.07.2022 16:00:00,10.8368,4.92056,2.37471,10.83,3.394
3,23.07.2022 17:00:00,9.99972,4.92863,2.88007,,
4,23.07.2022 18:00:00,9.91878,4.91726,2.87741,,
5,23.07.2022 19:00:00,9.55158,4.91028,2.87825,,
6,23.07.2022 20:00:00,9.0627,4.92056,2.87994,,
7,23.07.2022 21:00:00,8.45898,4.95346,2.87764,,
8,23.07.2022 22:00:00,7.78703,4.95818,2.87637,7.78,3.404
9,23.07.2022 23:00:00,7.35899,4.95406,2.87469,,
10,24.07.2022 00:00:00,7.10395,4.97302,2.87305,,
11,24.07.2022 01:00:00,6.9537,4.95467,2.8711,,
12,24.07.2022 02:00:00,6.68279,4.96912,2.869,,
13,24.07.2022 03:00:00,6.2738,4.94753,2.86874,,
14,24.07.2022 04:00:00,5.84628,4.93841,2.86871,5.84,3.413
15,24.07.2022 05:00:00,5.94522,4.93901,2.86394,,
16,24.07.2022 06:00:00,6.66427,4.93649,2.85714,,
17,24.07.2022 07:00:00,7.01295,4.92501,2.84929,,
18,24.07.2022 08:00:00,7.44575,4.92193,2.84312,,
19,24.07.2022 09:00:00,9.20872,8.08011,2.26719,,
<READOUT>,,,,,,
<HK-BATUSED: 3.3 % (CALC)>,,,,,,
20,24.07.2022 10:00:00,13.5627,8.07056,2.25922,13.56,3.401
21,24.07.2022 11:00:00,14.2352,8.08132,2.25714,,
22,24.07.2022 12:00:00,13.5262,8.08731,2.24923,,
23,24.07.2022 13:00:00,14.6225,8.07303,2.2297,,
24,24.07.2022 14:00:00,17.4701,8.06331,2.19497,,
25,24.07.2022 15:00:00,17.3786,8.05397,2.18044,,
26,24.07.2022 16:00:00,14.4045,8.0493,2.18608,14.4,3.408
27,24.07.2022 17:00:00,17.2352,8.05292,2.15629,,
28,24.07.2022 18:00:00,19.8468,8.06754,2.12733,,
29,24.07.2022 19:00:00,21.886,8.08204,2.08156,,
30,24.07.2022 20:00:00,14.7246,8.03183,2.11806,,
31,24.07.2022 21:00:00,13.2468,8.03392,2.11214,,
32,24.07.2022 22:00:00,14.877,8.04578,2.10044,14.87,3.448
33,24.07.2022 23:00:00,11.6288,8.02601,2.10917,,
34,25.07.2022 00:00:00,7.78439,8.01118,2.12251,,
35,25.07.2022 01:00:00,3.92354,8.00755,2.13287,,
36,25.07.2022 02:00:00,2.65581,7.99926,2.14197,,
37,25.07.2022 03:00:00,2.44046,7.99997,2.1493,,
38,25.07.2022 04:00:00,2.05845,7.99266,2.15148,2.05,3.428
39,25.07.2022 05:00:00,4.80607,7.98992,2.15224,,
40,25.07.2022 06:00:00,6.37751,7.9864,2.15152,,
41,25.07.2022 07:00:00,8.1828,7.98838,2.15605,,
42,25.07.2022 08:00:00,12.2823,7.97975,2.13808,,
43,25.07.2022 09:00:00,14.1394,7.98261,2.12262,,
44,25.07.2022 10:00:00,16.5341,7.96849,2.10112,16.53,3.476
45,25.07.2022 11:00:00,20.7129,7.96333,2.06391,,
46,25.07.2022 12:00:00,22.0452,7.94108,2.03158,,
47,25.07.2022 13:00:00,25.1616,7.94784,1.97485,,
48,25.07.2022 14:00:00,26.3473,7.95125,1.92878,,
49,25.07.2022 15:00:00,27.4272,7.9585,1.87128,,
50,25.07.2022 16:00:00,27.7039,7.95059,1.82113,27.7,3.386
51,25.07.2022 17:00:00,27.1008,8.00019,1.77346,,
52,25.07.2022 18:00:00,28.3045,7.99464,1.72365,,
53,25.07.2022 19:00:00,27.8352,8.0421,1.67132,,
54,25.07.2022 20:00:00,23.7336,8.01299,1.672,,
55,25.07.2022 21:00:00,20.3849,8.01249,1.67535,,
56,25.07.2022 22:00:00,19.3309,8.01145,1.67263,19.33,3.49
57,25.07.2022 23:00:00,18.2093,7.99398,1.67674,,
58,26.07.2022 00:00:00,16.7955,7.9897,1.68841,,
59,26.07.2022 01:00:00,15.2997,7.98349,1.69529,,
60,26.07.2022 02:00:00,16.5754,7.97091,1.68551,,
61,26.07.2022 03:00:00,16.5013,7.97228,1.70339,,
62,26.07.2022 04:00:00,15.4304,7.99019,1.7133,15.43,3.414
63,26.07.2022 05:00:00,13.1225,7.98508,1.74432,,
64,26.07.2022 06:00:00,13.4542,7.9914,1.7609,,
65,26.07.2022 07:00:00,14.3579,7.99118,1.76348,,
66,26.07.2022 08:00:00,15.8611,8.00332,1.76812,,
67,26.07.2022 09:00:00,18.3997,8.06358,1.74363,,
68,26.07.2022 10:00:00,18.0897,8.01562,1.76311,18.08,3.419
69,26.07.2022 11:00:00,15.9389,7.98701,1.79184,,
70,26.07.2022 12:00:00,16.5585,7.99997,1.79322,,
71,26.07.2022 13:00:00,16.6082,8.01826,1.78238,,
72,26.07.2022 14:00:00,17.2431,8.06188,1.78252,,
73,26.07.2022 15:00:00,18.2928,8.05446,1.75161,,
74,26.07.2022 16:00:00,17.3182,8.03749,1.77303,17.31,3.424
75,26.07.2022 17:00:00,21.9574,8.08121,1.70885,,
76,26.07.2022 18:00:00,21.4039,8.09802,1.76925,,
77,26.07.2022 19:00:00,20.6701,8.04166,1.69549,,
78,26.07.2022 20:00:00,17.9579,8.04985,1.71149,,
79,26.07.2022 21:00:00,16.477,8.02161,1.73487,,
80,26.07.2022 22:00:00,13.7749,7.98832,1.7394,13.77,3.468
81,26.07.2022 23:00:00,11.7415,7.98272,1.74997,,
82,27.07.2022 00:00:00,8.78491,7.98311,1.77032,,
83,27.07.2022 01:00:00,4.76375,7.95767,1.78734,,
84,27.07.2022 02:00:00,6.79338,7.9569,1.78494,,
85,27.07.2022 03:00:00,9.13835,7.96102,1.78697,,
86,27.07.2022 04:00:00,9.53042,7.96844,1.76344,9.53,3.408
87,27.07.2022 05:00:00,10.1547,7.95004,1.78988,,
88,27.07.2022 06:00:00,9.48651,7.93559,1.79505,,
89,27.07.2022 07:00:00,11.3209,7.93779,1.79244,,
90,27.07.2022 08:00:00,11.0627,7.91977,1.79858,,
91,27.07.2022 09:00:00,12.1421,7.99508,1.78607,,
92,27.07.2022 10:00:00,13.2198,7.99695,1.78115,13.21,3.424
93,27.07.2022 11:00:00,13.468,7.96415,1.7811,,
94,27.07.2022 12:00:00,13.4907,7.96201,1.81835,,
95,27.07.2022 13:00:00,14.7193,7.95981,1.78325,,
96,27.07.2022 14:00:00,16.6939,7.94136,1.77005,,
97,27.07.2022 15:00:00,21.2003,7.93339,1.72204,,
98,27.07.2022 16:00:00,16.4315,7.96448,1.77468,16.43,3.387
99,27.07.2022 17:00:00,17.2748,7.96855,1.76816,,
100,27.07.2022 18:00:00,15.5055,8.02353,1.76802,,
101,27.07.2022 19:00:00,14.9092,7.95833,1.77917,,
102,27.07.2022 20:00:00,12.6442,7.93087,1.7926,,
103,27.07.2022 21:00:00,11.2135,7.92334,1.80618,,
104,27.07.2022 22:00:00,10.3204,7.91576,1.81762,10.32,3.427
105,27.07.2022 23:00:00,9.01085,7.92449,1.82875,,
106,28.07.2022 00:00:00,7.28015,7.90455,1.83623,,
107,28.07.2022 01:00:00,6.40184,7.90225,1.8389,,
108,28.07.2022 02:00:00,5.32141,7.90576,1.84703,,
109,28.07.2022 03:00:00,6.16798,7.93883,1.85865,,
110,28.07.2022 04:00:00,5.85581,7.87731,1.85678,5.85,3.444
111,28.07.2022 05:00:00,5.83993,7.89999,1.86912,,
112,28.07.2022 06:00:00,6.13305,7.90307,1.87656,,
113,28.07.2022 07:00:00,6.64628,7.89966,1.8753,,
114,28.07.2022 08:00:00,7.26957,7.88231,1.88274,,
115,28.07.2022 09:00:00,7.25581,7.88231,1.87974,,
116,28.07.2022 10:00:00,7.89972,7.86907,1.87463,7.89,3.416
117,28.07.2022 11:00:00,8.68121,7.86313,1.86917,,
118,28.07.2022 12:00:00,10.8643,7.84803,1.85338,,
119,28.07.2022 13:00:00,10.7447,7.83243,1.85234,,
120,28.07.2022 14:00:00,11.2696,7.83144,1.8473,,
121,28.07.2022 15:00:00,17.4844,7.82556,1.80032,,
122,28.07.2022 16:00:00,11.5479,7.81721,1.83603,11.54,3.46
123,28.07.2022 17:00:00,9.07116,7.83419,1.83396,,
124,28.07.2022 18:00:00,9.332,7.84083,1.82791,,
125,28.07.2022 19:00:00,7.24682,7.85462,1.83088,,
126,28.07.2022 20:00:00,7.09972,7.84116,1.84098,,
127,28.07.2022 21:00:00,6.55052,7.85116,1.83735,,
128,28.07.2022 22:00:00,5.69019,7.85847,1.84112,5.69,3.452
129,28.07.2022 23:00:00,4.67009,7.88752,1.84012,,
130,29.07.2022 00:00:00,3.73306,7.85841,1.84477,,
131,29.07.2022 01:00:00,3.8283,7.86182,1.84361,,
132,29.07.2022 02:00:00,3.741,7.85594,1.84123,,
133,29.07.2022 03:00:00,3.59602,7.86226,1.84022,,
134,29.07.2022 04:00:00,3.2193,7.84803,1.74979,3.21,3.406
135,29.07.2022 05:00:00,3.25528,7.85413,1.71968,,
136,29.07.2022 06:00:00,3.78068,7.85742,1.70145,,
137,29.07.2022 07:00:00,4.20502,7.86264,1.68498,,
138,29.07.2022 08:00:00,4.26216,7.87346,1.67214,,
139,29.07.2022 09:00:00,5.04787,7.8806,1.66044,,
140,29.07.2022 10:00:00,5.30078,7.91093,1.66105,5.3,3.402
141,29.07.2022 11:00:00,5.7849,7.92339,1.66693,,
142,29.07.2022 12:00:00,5.21983,7.92916,1.66214,,
143,29.07.2022 13:00:00,5.77379,7.92669,1.66358,,
144,29.07.2022 14:00:00,4.98385,7.94702,1.66428,,
145,29.07.2022 15:00:00,5.21136,7.97915,1.67029,,
146,29.07.2022 16:00:00,4.63306,8.00859,1.66468,4.63,3.393
147,29.07.2022 17:00:00,5.25051,8.0059,1.66734,,
148,29.07.2022 18:00:00,4.88279,8.02123,1.68318,,
149,29.07.2022 19:00:00,4.42036,7.9992,1.68243,,
150,29.07.2022 20:00:00,3.98121,8.00629,1.71062,,
151,29.07.2022 21:00:00,4.6193,7.99942,1.70996,,
152,29.07.2022 22:00:00,3.632,7.99975,1.71437,3.63,3.392
153,29.07.2022 23:00:00,1.92618,8.01222,1.72336,,
154,30.07.2022 00:00:00,1.34523,8.00288,1.72646,,
155,30.07.2022 01:00:00,0.0198312,7.9975,1.72912,,
156,30.07.2022 02:00:00,0.391789,7.99991,1.73066,,
157,30.07.2022 03:00:00,0.566919,7.99931,1.73249,,
158,30.07.2022 04:00:00,0.648404,8.00024,1.73415,0.64,3.424
159,30.07.2022 05:00:00,0.82195,8.00085,1.73534,,
160,30.07.2022 06:00:00,1.42301,7.9975,1.73414,,
161,30.07.2022 07:00:00,2.01771,8.00112,1.73383,,
162,30.07.2022 08:00:00,3.16004,7.9975,1.72925,,
163,30.07.2022 09:00:00,4.13094,7.99684,1.72236,,
164,30.07.2022 10:00:00,4.92036,8.00283,1.71442,4.92,3.434
165,30.07.2022 11:00:00,5.81877,7.9992,1.70408,,
166,30.07.2022 12:00:00,8.68333,7.9947,1.68678,,
167,30.07.2022 13:00:00,8.62936,7.99398,1.68261,,
168,30.07.2022 14:00:00,10.9902,7.98552,1.66335,,
169,30.07.2022 15:00:00,12.6749,7.98437,1.64763,,
170,30.07.2022 16:00:00,11.5468,7.96701,1.65114,11.54,3.431
171,30.07.2022 17:00:00,13.8505,7.98162,1.63285,,
172,30.07.2022 18:00:00,18.5129,8.01178,1.60415,,
173,30.07.2022 19:00:00,18.7452,7.99722,1.60221,,
174,30.07.2022 20:00:00,18.6563,7.98574,1.59974,,
175,30.07.2022 21:00:00,16.132,7.97305,1.60663,,
176,30.07.2022 22:00:00,12.4775,7.96262,1.61996,12.47,3.457
177,30.07.2022 23:00:00,8.86957,7.94784,1.63698,,
178,31.07.2022 00:00:00,4.09867,7.93746,1.65652,,
179,31.07.2022 01:00:00,2.1447,7.93213,1.66052,,
180,31.07.2022 02:00:00,1.14364,7.93114,1.6678,,
181,31.07.2022 03:00:00,1.041,7.93246,1.67584,,
182,31.07.2022 04:00:00,0.713485,7.9357,1.68202,0.71,3.446
183,31.07.2022 05:00:00,1.4193,7.92878,1.68375,,
184,31.07.2022 06:00:00,3.32988,7.91944,1.6857,,
185,31.07.2022 07:00:00,6.7193,7.90796,1.68527,,
186,31.07.2022 08:00:00,10.3098,7.90373,1.68907,,
187,31.07.2022 09:00:00,14.9976,7.89598,1.6592,,
188,31.07.2022 10:00:00,19.3912,7.88829,1.62241,19.39,3.405
189,31.07.2022 11:00:00,22.3865,7.87648,1.58593,,
190,31.07.2022 12:00:00,22.5558,7.90098,1.57512,,
191,31.07.2022 13:00:00,24.9648,7.89944,1.54108,,
192,31.07.2022 14:00:00,28.5622,7.91417,1.50196,,
193,31.07.2022 15:00:00,26.2076,7.93713,1.48755,,
194,31.07.2022 16:00:00,24.5246,7.94526,1.47881,24.52,3.426
195,31.07.2022 17:00:00,28.4029,7.94729,1.43308,,
196,31.07.2022 18:00:00,20.2013,7.93674,1.4637,,
197,31.07.2022 19:00:00,24.6087,7.96536,1.41832,,
198,31.07.2022 20:00:00,24.8029,7.97355,1.40322,,
199,31.07.2022 21:00:00,19.078,7.95449,1.4251,,
200,31.07.2022 22:00:00,19.5643,7.96437,1.40948,19.56,3.379
201,31.07.2022 23:00:00,12.8278,7.95146,1.43334,,
202,01.08.2022 00:00:00,8.51454,7.94938,1.44292,,
203,01.08.2022 01:00:00,8.94417,7.95311,1.44667,,
204,01.08.2022 02:00:00,7.52194,7.95114,1.45489,,
205,01.08.2022 03:00:00,6.13729,7.94301,1.46953,,
206,01.08.2022 04:00:00,5.26162,7.92878,1.47778,5.26,3.412
207,01.08.2022 05:00:00,4.36851,7.91373,1.49048,,
208,01.08.2022 06:00:00,4.91612,7.90977,1.49434,,
209,01.08.2022 07:00:00,7.31984,7.90269,1.49374,,
210,01.08.2022 08:00:00,8.97963,7.90532,1.4988,,
211,01.08.2022 09:00:00,9.93571,7.90582,1.4977,,
212,01.08.2022 10:00:00,16.0172,7.86956,1.46537,16.01,3.452
213,01.08.2022 11:00:00,20.2696,7.88758,1.45384,,
214,01.08.2022 12:00:00,24.8378,7.89142,1.43146,,
215,01.08.2022 13:00:00,25.2722,7.90845,1.41605,,
216,01.08.2022 14:00:00,29.8875,7.91702,1.37219,,
217,01.08.2022 15:00:00,28.4611,7.95602,1.36552,,
218,01.08.2022 16:00:00,24.2849,7.96503,1.37739,24.28,3.406
219,01.08.2022 17:00:00,27.7844,7.97723,1.33556,,
220,01.08.2022 18:00:00,21.1055,7.96547,1.38234,,
221,01.08.2022 19:00:00,19.1886,7.95883,1.39479,,
222,01.08.2022 20:00:00,16.6368,7.94916,1.40858,,
223,01.08.2022 21:00:00,15.0018,7.96333,1.42999,,
224,01.08.2022 22:00:00,13.069,7.95905,1.45626,13.06,3.433
225,01.08.2022 23:00:00,11.0145,7.92883,1.47273,,
226,02.08.2022 00:00:00,10.5817,7.92279,1.48291,,
227,02.08.2022 01:00:00,9.04947,7.9179,1.50501,,
228,02.08.2022 02:00:00,8.0357,7.9223,1.51971,,
229,02.08.2022 03:00:00,7.3611,7.91395,1.53203,,
230,02.08.2022 04:00:00,6.95475,7.90834,1.54608,6.95,3.41
231,02.08.2022 05:00:00,7.08332,7.89714,1.55406,,
232,02.08.2022 06:00:00,7.4939,7.91356,1.55172,,
233,02.08.2022 07:00:00,7.8849,7.92927,1.5655,,
234,02.08.2022 08:00:00,8.53253,7.91312,1.56623,,
235,02.08.2022 09:00:00,9.98227,7.87885,1.57132,,
236,02.08.2022 10:00:00,12.9839,7.8561,1.55703,12.98,3.395
237,02.08.2022 11:00:00,18.8796,7.85918,1.52148,,
238,02.08.2022 12:00:00,18.1891,7.89313,1.52658,,
239,02.08.2022 13:00:00,21.5987,7.88253,1.51196,,
240,02.08.2022 14:00:00,20.7579,7.89587,1.50698,,
241,02.08.2022 15:00:00,21.5833,7.91296,1.50172,,
242,02.08.2022 16:00:00,19.9516,7.92339,1.50838,19.95,3.465
243,02.08.2022 17:00:00,16.1495,7.93526,1.54802,,
244,02.08.2022 18:00:00,17.7966,7.93141,1.52084,,
245,02.08.2022 19:00:00,17.3701,7.92834,1.52876,,
246,02.08.2022 20:00:00,14.1003,7.90433,1.54818,,
247,02.08.2022 21:00:00,14.5373,7.90554,1.54851,,
248,02.08.2022 22:00:00,13.2569,7.90345,1.5607,13.25,3.458
249,02.08.2022 23:00:00,8.02724,7.87451,1.59291,,
250,03.08.2022 00:00:00,5.74575,7.87412,1.6083,,
251,03.08.2022 01:00:00,4.4521,7.85577,1.62116,,
252,03.08.2022 02:00:00,4.49814,7.8494,1.62694,,
253,03.08.2022 03:00:00,4.46692,7.84215,1.63623,,
254,03.08.2022 04:00:00,3.26957,7.83918,1.646,3.26,3.455
255,03.08.2022 05:00:00,2.0992,7.83259,1.65529,,
256,03.08.2022 06:00:00,3.52936,7.82765,1.6611,,
257,03.08.2022 07:00:00,5.03676,7.82803,1.66043,,
258,03.08.2022 08:00:00,7.0103,7.82666,1.65927,,
259,03.08.2022 09:00:00,8.84999,7.82463,1.65639,,
260,03.08.2022 10:00:00,11.3241,7.81463,1.64646,11.32,3.405
261,03.08.2022 11:00:00,16.3479,7.80595,1.60644,,
262,03.08.2022 12:00:00,21.1891,7.82353,1.57526,,
263,03.08.2022 13:00:00,22.4293,7.83973,1.55988,,
264,03.08.2022 14:00:00,23.4929,7.84885,1.53988,,
265,03.08.2022 15:00:00,24.2288,7.85775,1.52457,,
266,03.08.2022 16:00:00,25.4627,7.88291,1.50502,25.46,3.478
267,03.08.2022 17:00:00,25.5098,7.89313,1.50041,,
268,03.08.2022 18:00:00,24.8992,7.90433,1.49741,,
269,03.08.2022 19:00:00,23.8288,7.90027,1.50066,,
270,03.08.2022 20:00:00,23.6346,7.89604,1.50137,,
271,03.08.2022 21:00:00,23.0865,7.88368,1.51174,,
272,03.08.2022 22:00:00,18.1955,7.85594,1.53965,18.19,3.398
273,03.08.2022 23:00:00,9.41349,7.82012,1.57265,,
274,04.08.2022 00:00:00,8.15105,7.80375,1.58615,,
275,04.08.2022 01:00:00,6.98755,7.79815,1.60186,,
276,04.08.2022 02:00:00,7.47379,7.78898,1.60997,,
277,04.08.2022 03:00:00,6.16216,7.78782,1.62926,,
278,04.08.2022 04:00:00,4.57221,7.78546,1.6435,4.57,3.448
279,04.08.2022 05:00:00,6.17115,7.77794,1.64719,,
280,04.08.2022 06:00:00,8.41295,7.77041,1.65271,,
281,04.08.2022 07:00:00,9.22247,7.76816,1.66205,,
282,04.08.2022 08:00:00,15.4368,7.76135,1.65089,,
283,04.08.2022 09:00:00,18.4706,7.77173,1.62916,,
284,04.08.2022 10:00:00,22.2622,7.78112,1.59664,22.26,3.426
285,04.08.2022 11:00:00,24.4145,7.79447,1.57163,,
286,04.08.2022 12:00:00,29.2304,7.80079,1.53014,,
287,04.08.2022 13:00:00,29.5876,7.81183,1.5127,,
288,04.08.2022 14:00:00,29.2838,7.81913,1.50162,,
289,04.08.2022 15:00:00,29.5526,7.84226,1.48962,,
290,04.08.2022 16:00:00,29.5743,7.86226,1.47519,29.57,3.384
291,04.08.2022 17:00:00,27.7156,7.87121,1.48385,,
292,04.08.2022 18:00:00,27.9965,7.87258,1.47904,,
293,04.08.2022 19:00:00,27.832,7.86341,1.4753,,
294,04.08.2022 20:00:00,26.914,7.85352,1.47851,,
295,04.08.2022 21:00:00,24.7108,7.84984,1.50081,,
296,04.08.2022 22:00:00,20.5807,7.82062,1.53197,20.58,3.434
297,04.08.2022 23:00:00,14.8114,7.78909,1.56211,,
298,05.08.2022 00:00:00,10.6669,7.77722,1.58643,,
299,05.08.2022 01:00:00,8.77961,7.76338,1.60464,,
300,05.08.2022 02:00:00,8.0828,7.75041,1.61986,,
301,05.08.2022 03:00:00,7.98596,7.74712,1.63152,,
302,05.08.2022 04:00:00,7.58861,7.73871,1.64384,7.58,3.416
303,05.08.2022 05:00:00,7.48173,7.73317,1.65066,,
304,05.08.2022 06:00:00,10.2489,7.72987,1.64964,,
305,05.08.2022 07:00:00,14.268,7.72581,1.64006,,
306,05.08.2022 08:00:00,17.3537,7.73663,1.62691,,
307,05.08.2022 09:00:00,20.6098,7.73981,1.60267,,
308,05.08.2022 10:00:00,22.6304,7.71548,1.58712,22.63,3.437
309,05.08.2022 11:00:00,25.1786,7.73718,1.56397,,
310,05.08.2022 12:00:00,27.0981,7.69274,1.56249,,
311,05.08.2022 13:00:00,28.5955,7.73492,1.50566,,
312,05.08.2022 14:00:00,29.486,7.71471,1.50809,,
313,05.08.2022 15:00:00,29.5976,7.74657,1.47926,,
314,05.08.2022 16:00:00,29.5892,7.72086,1.47126,29.58,3.457
315,05.08.2022 17:00:00,27.8288,7.75179,1.47637,,
316,05.08.2022 18:00:00,26.9045,7.78678,1.47349,,
317,05.08.2022 19:00:00,28.7965,7.79425,1.45265,,
318,05.08.2022 20:00:00,22.7859,7.75355,1.48954,,
319,05.08.2022 21:00:00,20.4601,7.73531,1.50942,,
320,05.08.2022 22:00:00,18.2685,7.7235,1.52491,18.26,3.392
321,05.08.2022 23:00:00,16.1219,7.73531,1.54075,,
322,06.08.2022 00:00:00,14.487,7.7113,1.56194,,
323,06.08.2022 01:00:00,14.0881,7.72053,1.56719,,
324,06.08.2022 02:00:00,14.1368,7.69768,1.57789,,
325,06.08.2022 03:00:00,12.504,7.69779,1.58665,,
326,06.08.2022 04:00:00,12.2071,7.71806,1.60847,12.2,3.395
327,06.08.2022 05:00:00,11.86,7.72767,1.63219,,
328,06.08.2022 06:00:00,12.104,7.70175,1.65002,,
329,06.08.2022 07:00:00,12.6981,7.65604,1.6568,,
330,06.08.2022 08:00:00,11.4965,7.66027,1.67342,,
331,06.08.2022 09:00:00,11.5622,7.6856,1.68599,,
332,06.08.2022 10:00:00,11.7172,7.6895,1.67488,11.71,3.403
333,06.08.2022 11:00:00,12.3098,7.83232,1.6825,,
334,06.08.2022 12:00:00,11.5299,7.91043,1.69854,,
335,06.08.2022 13:00:00,12.0891,8.01403,1.69477,,
336,06.08.2022 14:00:00,12.0193,8.13505,1.69904,,
337,06.08.2022 15:00:00,10.7246,8.05254,1.74591,,
338,06.08.2022 16:00:00,11.3701,8.09912,1.72002,11.37,3.397
339,06.08.2022 17:00:00,10.569,8.1245,1.72357,,
340,06.08.2022 18:00:00,9.47804,8.13933,1.73674,,
341,06.08.2022 19:00:00,10.3008,8.13406,1.73947,,
342,06.08.2022 20:00:00,8.55211,8.1379,1.75496,,
343,06.08.2022 21:00:00,7.56374,8.10028,1.76921,,
344,06.08.2022 22:00:00,7.02036,8.13488,1.7563,7.02,3.431
345,06.08.2022 23:00:00,6.84894,8.09769,1.77267,,
346,07.08.2022 00:00:00,6.43306,8.07731,1.77659,,
347,07.08.2022 01:00:00,6.24417,8.09242,1.77643,,
348,07.08.2022 02:00:00,6.05634,8.07545,1.77828,,
349,07.08.2022 03:00:00,5.86374,8.07089,1.77859,,
350,07.08.2022 04:00:00,5.66162,8.07127,1.77723,5.66,3.393
351,07.08.2022 05:00:00,5.54575,8.06149,1.77858,,
352,07.08.2022 06:00:00,3.24682,8.04056,1.78606,,
353,07.08.2022 07:00:00,6.14152,8.04106,1.77068,,
354,07.08.2022 08:00:00,6.77751,8.04144,1.76894,,
355,07.08.2022 09:00:00,7.18385,8.02557,1.76598,,
356,07.08.2022 10:00:00,13.6161,7.99437,1.72259,13.61,3.438
357,07.08.2022 11:00:00,13.4971,8.01865,1.71936,,
358,07.08.2022 12:00:00,13.6939,8.01996,1.7228,,
359,07.08.2022 13:00:00,20.4526,8.00557,1.67412,,
360,07.08.2022 14:00:00,15.8696,8.04397,1.71004,,
361,07.08.2022 15:00:00,20.5494,8.0326,1.65745,,
362,07.08.2022 16:00:00,16.8378,8.03666,1.67488,16.83,3.455
363,07.08.2022 17:00:00,19.1992,8.03892,1.63842,,
364,07.08.2022 18:00:00,19.8288,8.02848,1.63295,,
365,07.08.2022 19:00:00,19.1309,8.01996,1.61868,,
366,07.08.2022 20:00:00,18.1452,7.98668,1.61081,,
367,07.08.2022 21:00:00,15.9844,7.96459,1.60822,,
368,07.08.2022 22:00:00,13.4082,7.93795,1.61202,13.4,3.454
369,07.08.2022 23:00:00,7.12671,7.90307,1.63512,,
370,08.08.2022 00:00:00,4.09179,7.90527,1.64,,
371,08.08.2022 01:00:00,4.99919,7.89538,1.64156,,
372,08.08.2022 02:00:00,3.76216,7.89873,1.644,,
373,08.08.2022 03:00:00,4.25528,7.89434,1.64106,,
374,08.08.2022 04:00:00,6.58491,7.88329,1.6423,6.58,3.447
375,08.08.2022 05:00:00,6.67327,7.88791,1.64225,,
376,08.08.2022 06:00:00,7.25423,7.88533,1.63866,,
377,08.08.2022 07:00:00,9.43518,7.87159,1.63194,,
378,08.08.2022 08:00:00,10.4447,7.87203,1.62733,,
379,08.08.2022 09:00:00,12.6838,7.80271,1.61228,,
380,08.08.2022 10:00:00,14.413,7.85973,1.59493,14.41,3.406
381,08.08.2022 11:00:00,16.6008,7.826,1.57832,,
382,08.08.2022 12:00:00,15.6643,7.86418,1.56385,,
383,08.08.2022 13:00:00,18.0875,7.86149,1.53318,,
384,08.08.2022 14:00:00,19.1193,7.85748,1.50348,,
385,08.08.2022 15:00:00,22.7368,7.86962,1.45468,,
386,08.08.2022 16:00:00,21.8796,7.88445,1.43755,21.87,3.479
387,08.08.2022 17:00:00,20.7516,7.87725,1.42271,,
388,08.08.2022 18:00:00,17.9182,7.86335,1.42907,,
389,08.08.2022 19:00:00,16.3045,7.84688,1.42073,,
390,08.08.2022 20:00:00,15.9463,7.84028,1.42154,,
391,08.08.2022 21:00:00,16.6897,7.84545,1.41534,,
392,08.08.2022 22:00:00,14.8542,7.83479,1.42367,14.85,3.403
393,08.08.2022 23:00:00,10.1246,7.81908,1.44365,,
394,09.08.2022 00:00:00,8.3722,7.80936,1.45556,,
395,09.08.2022 01:00:00,9.68967,7.79958,1.45973,,
396,09.08.2022 02:00:00,6.49761,7.79315,1.47656,,
397,09.08.2022 03:00:00,5.28279,7.79282,1.48659,,
398,09.08.2022 04:00:00,4.05475,7.79244,1.4979,4.05,3.39
399,09.08.2022 05:00:00,3.10872,7.79084,1.50632,,
400,09.08.2022 06:00:00,4.25528,7.7831,1.50653,,
401,09.08.2022 07:00:00,7.51189,7.78195,1.50272,,
402,09.08.2022 08:00:00,9.61189,7.7926,1.50588,,
403,09.08.2022 09:00:00,12.2055,7.79474,1.49456,,
404,09.08.2022 10:00:00,15.8505,7.77041,1.4628,15.85,3.475
405,09.08.2022 11:00:00,17.2473,7.80606,1.45838,,
406,09.08.2022 12:00:00,19.2547,7.85984,1.39895,,
407,09.08.2022 13:00:00,19.5283,7.82562,1.41443,,
408,09.08.2022 14:00:00,17.2955,7.87137,1.41371,,
409,09.08.2022 15:00:00,14.3839,7.84341,1.42882,,
410,09.08.2022 16:00:00,9.71136,7.83671,1.44393,9.71,3.454
411,09.08.2022 17:00:00,6.85529,7.92263,1.52174,,
412,09.08.2022 18:00:00,7.45263,7.97437,1.53387,,
413,09.08.2022 19:00:00,12.7198,8.07704,1.51268,,
414,09.08.2022 20:00:00,9.67326,8.05452,1.58161,,
415,09.08.2022 21:00:00,8.47909,8.07957,1.56942,,
416,09.08.2022 22:00:00,7.10395,8.06144,1.56766,7.1,3.454
417,09.08.2022 23:00:00,3.12512,8.0738,1.57933,,
418,10.08.2022 00:00:00,0.738881,8.0838,1.57769,,
419,10.08.2022 01:00:00,1.44311,8.09846,1.57185,,
420,10.08.2022 02:00:00,4.32565,8.12455,1.54889,,
421,10.08.2022 03:00:00,4.66004,8.09703,1.56067,,
422,10.08.2022 04:00:00,3.56534,8.0933,1.56733,3.56,3.391
423,10.08.2022 05:00:00,4.48279,8.09478,1.57105,,
424,10.08.2022 06:00:00,4.67062,8.07962,1.56254,,
425,10.08.2022 07:00:00,5.25898,8.07176,1.55685,,
426,10.08.2022 08:00:00,5.51295,8.07572,1.56163,,
427,10.08.2022 09:00:00,6.54364,8.06611,1.55348,,
428,10.08.2022 10:00:00,8.02988,8.0432,1.54328,8.02,3.403
429,10.08.2022 11:00:00,10.2606,8.05627,1.5305,,
430,10.08.2022 12:00:00,11.2436,8.06567,1.53443,,
431,10.08.2022 13:00:00,15.0849,8.0454,1.49618,,
432,10.08.2022 14:00:00,11.3494,8.05188,1.51186,,
433,10.08.2022 15:00:00,11.8876,8.04974,1.51509,,
434,10.08.2022 16:00:00,14.5553,8.04177,1.47551,14.55,3.41
435,10.08.2022 17:00:00,11.6997,8.0076,1.49437,,
436,10.08.2022 18:00:00,10.4844,8.06913,1.51831,,
437,10.08.2022 19:00:00,10.0463,8.05045,1.49497,,
438,10.08.2022 20:00:00,9.6066,8.05875,1.49703,,
439,10.08.2022 21:00:00,8.76268,8.07028,1.50043,,
440,10.08.2022 22:00:00,8.25051,8.0649,1.49964,8.25,3.404
441,10.08.2022 23:00:00,7.9267,8.07122,1.50293,,
442,11.08.2022 00:00:00,7.88543,8.06375,1.50375,,
443,11.08.2022 01:00:00,8.19497,8.05864,1.50384,,
444,11.08.2022 02:00:00,8.25422,8.05402,1.50115,,
445,11.08.2022 03:00:00,8.01136,8.05171,1.50176,,
446,11.08.2022 04:00:00,8.20237,8.03436,1.50273,8.2,3.429
447,11.08.2022 05:00:00,7.83517,8.04062,1.50186,,
448,11.08.2022 06:00:00,6.92248,8.02639,1.50425,,
449,11.08.2022 07:00:00,7.72036,8.02299,1.5037,,
450,11.08.2022 08:00:00,8.82723,8.017,1.50246,,
451,11.08.2022 09:00:00,10.8235,8.00096,1.49697,,
452,11.08.2022 10:00:00,13.8378,7.96712,1.47443,13.83,3.399
453,11.08.2022 11:00:00,16.1161,7.98195,1.4555,,
454,11.08.2022 12:00:00,15.996,7.97997,1.44777,,
455,11.08.2022 13:00:00,20.7823,7.99673,1.36277,,
456,11.08.2022 14:00:00,21.7674,7.96866,1.38783,,
457,11.08.2022 15:00:00,22.6299,7.93828,1.34762,,
458,11.08.2022 16:00:00,24.1505,7.92971,1.31942,24.15,3.488
459,11.08.2022 17:00:00,23.3495,7.92993,1.31308,,
460,11.08.2022 18:00:00,22.6066,7.91241,1.29851,,
461,11.08.2022 19:00:00,23.1087,7.90741,1.27841,,
462,11.08.2022 20:00:00,15.578,7.86852,1.31224,,
463,11.08.2022 21:00:00,13.6674,7.85869,1.31441,,
464,11.08.2022 22:00:00,14.7997,7.84863,1.31135,14.79,3.453
465,11.08.2022 23:00:00,9.40714,7.82298,1.33728,,
466,12.08.2022 00:00:00,6.80925,7.8143,1.34545,,
467,12.08.2022 01:00:00,6.1902,7.81089,1.35395,,
468,12.08.2022 02:00:00,6.61136,7.80375,1.36069,,
469,12.08.2022 03:00:00,6.33677,7.79974,1.37149,,
470,12.08.2022 04:00:00,5.85475,7.79804,1.37668,5.85,3.398
471,12.08.2022 05:00:00,5.76109,7.79008,1.38645,,
472,12.08.2022 06:00:00,4.41401,7.78645,1.39245,,
473,12.08.2022 07:00:00,6.28597,7.78299,1.39695,,
474,12.08.2022 08:00:00,11.2066,7.77772,1.38184,,
475,12.08.2022 09:00:00,14.7299,7.7792,1.3633,,
476,12.08.2022 10:00:00,18.5828,7.78777,1.33544,18.58,3.422
477,12.08.2022 11:00:00,20.9759,7.79002,1.31417,,
478,12.08.2022 12:00:00,22.6389,7.79326,1.29272,,
479,12.08.2022 13:00:00,23.9352,7.80145,1.27303,,
480,12.08.2022 14:00:00,25.1479,7.83353,1.25279,,
481,12.08.2022 15:00:00,26.5177,7.81864,1.22654,,
482,12.08.2022 16:00:00,26.8711,7.81562,1.20167,26.87,3.421
483,12.08.2022 17:00:00,27.1759,7.83226,1.18241,,
484,12.08.2022 18:00:00,27.6934,7.83138,1.15705,,
485,12.08.2022 19:00:00,27.6452,7.84281,1.13728,,
486,12.08.2022 20:00:00,22.4251,7.81068,1.15974,,
487,12.08.2022 21:00:00,18.6341,7.7809,1.17484,,
488,12.08.2022 22:00:00,15.9997,7.7636,1.18593,15.99,3.475
489,12.08.2022 23:00:00,13.1161,7.75212,1.20456,,
490,13.08.2022 00:00:00,10.4796,7.73987,1.22452,,
491,13.08.2022 01:00:00,8.7156,7.73514,1.23686,,
492,13.08.2022 02:00:00,6.5521,7.7302,1.24968,,
493,13.08.2022 03:00:00,5.36956,7.72174,1.26024,,
494,13.08.2022 04:00:00,4.07856,7.70482,1.27021,4.07,3.435
495,13.08.2022 05:00:00,4.34946,7.70532,1.27731,,
496,13.08.2022 06:00:00,4.94364,7.69153,1.28337,,
497,13.08.2022 07:00:00,7.17063,7.67604,1.2843,,
498,13.08.2022 08:00:00,12.9458,7.6717,1.27196,,
499,13.08.2022 09:00:00,18.7061,7.70251,1.24788,,
500,13.08.2022 10:00:00,23.5992,7.69449,1.20419,23.59,3.395
501,13.08.2022 11:00:00,26.4071,7.70614,1.17412,,
502,13.08.2022 12:00:00,28.0902,7.72267,1.14902,,
503,13.08.2022 13:00:00,29.1256,7.72679,1.12654,,
504,13.08.2022 14:00:00,27.9489,7.75256,1.11309,,
505,13.08.2022 15:00:00,25.2135,7.8026,1.12908,,
506,13.08.2022 16:00:00,23.9431,7.76772,1.11156,23.94,3.485
507,13.08.2022 17:00:00,23.6574,7.77607,1.1134,,
508,13.08.2022 18:00:00,23.0664,7.79925,1.10972,,
509,13.08.2022 19:00:00,20.3648,7.7725,1.13023,,
510,13.08.2022 20:00:00,14.8283,7.733,1.15618,,
511,13.08.2022 21:00:00,11.3659,7.71504,1.17931,,
512,13.08.2022 22:00:00,9.60819,7.69905,1.19401,9.6,3.395
513,13.08.2022 23:00:00,7.55051,7.69092,1.20919,,
514,14.08.2022 00:00:00,6.89603,7.69268,1.22292,,
515,14.08.2022 01:00:00,7.03464,7.66741,1.22525,,
516,14.08.2022 02:00:00,6.2029,7.68186,1.22195,,
517,14.08.2022 03:00:00,5.7103,7.66489,1.20708,,
518,14.08.2022 04:00:00,5.65898,7.65242,1.19355,5.65,3.442
519,14.08.2022 05:00:00,6.00025,7.60941,1.18944,,
520,14.08.2022 06:00:00,6.03676,7.60353,1.17548,,
521,14.08.2022 07:00:00,5.89178,7.64528,1.17194,,
522,14.08.2022 08:00:00,6.33201,7.63369,1.16735,,
523,14.08.2022 09:00:00,6.90502,7.6383,1.16834,,
524,14.08.2022 10:00:00,7.17433,7.6377,1.15265,7.17,3.385
525,14.08.2022 11:00:00,7.46109,7.65604,1.14691,,
526,14.08.2022 12:00:00,8.17539,7.65115,1.13889,,
527,14.08.2022 13:00:00,11.5193,7.67307,1.11186,,
528,14.08.2022 14:00:00,13.2807,7.65621,1.08251,,
529,14.08.2022 15:00:00,14.85,7.69647,1.06545,,
530,14.08.2022 16:00:00,16.0436,7.68208,1.0499,16.04,3.396
531,14.08.2022 17:00:00,16.5542,7.6823,1.01993,,
532,14.08.2022 18:00:00,13.7569,7.67291,1.027,,
533,14.08.2022 19:00:00,13.2151,7.67137,1.02193,,
534,14.08.2022 20:00:00,10.8669,7.66373,1.03075,,
535,14.08.2022 21:00:00,10.2622,7.66071,1.03769,,
536,14.08.2022 22:00:00,9.03942,7.66159,1.04829,9.03,3.385
537,14.08.2022 23:00:00,8.2066,7.66088,1.05879,,
538,15.08.2022 00:00:00,6.58702,7.66236,1.07341,,
539,15.08.2022 01:00:00,6.3537,7.66291,1.07992,,
540,15.08.2022 02:00:00,6.45846,7.66038,1.08834,,
541,15.08.2022 03:00:00,6.75634,7.66176,1.09584,,
542,15.08.2022 04:00:00,6.76481,7.66873,1.10169,6.76,3.404
543,15.08.2022 05:00:00,7.09919,7.66582,1.10699,,
544,15.08.2022 06:00:00,7.03253,7.66296,1.11167,,
545,15.08.2022 07:00:00,7.38226,7.66099,1.11441,,
546,15.08.2022 08:00:00,8.06957,7.66335,1.1134,,
547,15.08.2022 09:00:00,11.9971,7.65747,1.09665,,
548,15.08.2022 10:00:00,14.3003,7.64626,1.07572,14.3,3.408
549,15.08.2022 11:00:00,14.4124,7.65505,1.06232,,
550,15.08.2022 12:00:00,14.387,7.66494,1.0603,,
551,15.08.2022 13:00:00,20.8717,7.64967,1.00362,,
552,15.08.2022 14:00:00,16.8272,7.65775,1.02113,,
553,15.08.2022 15:00:00,16.923,7.66401,1.02551,,
554,15.08.2022 16:00:00,18.7399,7.66126,1.0034,18.73,3.392
555,15.08.2022 17:00:00,17.9241,7.66511,1.00829,,
556,15.08.2022 18:00:00,15.3965,7.65478,1.02768,,
557,15.08.2022 19:00:00,14.2108,7.64934,1.03992,,
558,15.08.2022 20:00:00,13.6167,7.64802,1.05126,,
559,15.08.2022 21:00:00,12.2182,7.64566,1.0641,,
560,15.08.2022 22:00:00,11.2034,7.64857,1.07662,11.2,3.391
561,15.08.2022 23:00:00,9.51772,7.64588,1.09153,,
562,16.08.2022 00:00:00,7.17327,7.65016,1.10817,,
563,16.08.2022 01:00:00,7.07644,7.6494,1.11819,,
564,16.08.2022 02:00:00,7.21137,7.6522,1.12638,,
565,16.08.2022 03:00:00,6.89497,7.65126,1.1347,,
566,16.08.2022 04:00:00,7.3029,7.65286,1.14096,7.3,3.39
567,16.08.2022 05:00:00,7.42459,7.65555,1.14505,,
568,16.08.2022 06:00:00,7.75582,7.66252,1.14285,,
569,16.08.2022 07:00:00,8.1537,7.6645,1.14354,,
570,16.08.2022 08:00:00,10.2558,7.66626,1.13998,,
571,16.08.2022 09:00:00,12.2574,7.67054,1.13372,,
572,16.08.2022 10:00:00,16.0648,7.65753,1.10595,16.06,3.404
573,16.08.2022 11:00:00,18.3748,7.6506,1.0809,,
574,16.08.2022 12:00:00,18.9114,7.67565,1.07497,,
575,16.08.2022 13:00:00,20.5785,7.66258,1.04996,,
576,16.08.2022 14:00:00,21.2579,7.6884,1.03425,,
577,16.08.2022 15:00:00,23.7685,7.71328,0.99525,,
578,16.08.2022 16:00:00,18.5674,7.70394,1.03461,18.56,3.444
579,16.08.2022 17:00:00,23.387,7.7146,1.00533,,
580,16.08.2022 18:00:00,24.6077,7.71976,0.982611,,
581,16.08.2022 19:00:00,22.9352,7.72883,0.973666,,
582,16.08.2022 20:00:00,21.0997,7.71883,0.976563,,
583,16.08.2022 21:00:00,18.2055,7.70933,0.986835,,
584,16.08.2022 22:00:00,11.5754,7.6723,1.01938,11.57,3.445
585,16.08.2022 23:00:00,8.20925,7.65533,1.03596,,
586,17.08.2022 00:00:00,8.19656,7.64335,1.05015,,
587,17.08.2022 01:00:00,7.64576,7.63874,1.06565,,
588,17.08.2022 02:00:00,6.84682,7.64297,1.07923,,
589,17.08.2022 03:00:00,4.92671,7.64324,1.09616,,
590,17.08.2022 04:00:00,6.1029,7.63786,1.10285,6.1,3.449
591,17.08.2022 05:00:00,6.50608,7.64143,1.11053,,
592,17.08.2022 06:00:00,7.40501,7.63918,1.11491,,
593,17.08.2022 07:00:00,8.70502,7.6366,1.12007,,
594,17.08.2022 08:00:00,12.2294,7.63281,1.12536,,
595,17.08.2022 09:00:00,16.8712,7.62281,1.10878,,
596,17.08.2022 10:00:00,18.2008,7.63165,1.08691,18.2,3.432
597,17.08.2022 11:00:00,20.1579,7.63813,1.06008,,
598,17.08.2022 12:00:00,19.9558,7.6216,1.06389,,
599,17.08.2022 13:00:00,20.8055,7.62891,1.05208,,
600,17.08.2022 14:00:00,19.2119,7.63358,1.06141,,
601,17.08.2022 15:00:00,21.5643,7.64583,1.04162,,
602,17.08.2022 16:00:00,21.3278,7.6032,1.05288,21.32,3.403
603,17.08.2022 17:00:00,22.1595,7.63627,1.03092,,
604,17.08.2022 18:00:00,21.6193,7.65016,1.02941,,
605,17.08.2022 19:00:00,20.495,7.66307,1.03377,,
606,17.08.2022 20:00:00,18.4314,7.65901,1.04615,,
607,17.08.2022 21:00:00,17.2357,7.65467,1.05606,,
608,17.08.2022 22:00:00,15.6114,7.64995,1.07204,15.61,3.431
609,17.08.2022 23:00:00,14.2389,7.64555,1.08563,,
610,18.08.2022 00:00:00,13.1632,7.64445,1.0975,,
611,18.08.2022 01:00:00,14.1331,7.64956,1.10387,,
612,18.08.2022 02:00:00,12.8616,7.65676,1.10772,,
613,18.08.2022 03:00:00,12.7812,7.7196,1.11611,,
614,18.08.2022 04:00:00,13.2547,7.74174,1.12412,13.25,3.452
615,18.08.2022 05:00:00,12.4304,7.77876,1.11954,,
616,18.08.2022 06:00:00,10.2738,7.96234,1.10834,,
617,18.08.2022 07:00:00,8.94523,7.97366,1.11119,,
618,18.08.2022 08:00:00,7.37803,8.0694,1.11505,,
619,18.08.2022 09:00:00,6.92354,8.11934,1.17849,,
620,18.08.2022 10:00:00,6.31931,8.17839,1.16445,6.31,3.441
621,18.08.2022 11:00:00,6.39761,8.23667,1.16927,,
622,18.08.2022 12:00:00,6.46164,8.2041,1.20663,,
623,18.08.2022 13:00:00,7.45422,8.247,1.18004,,
624,18.08.2022 14:00:00,6.70554,8.28023,1.16959,,
625,18.08.2022 15:00:00,9.36057,8.31539,1.22098,,
626,18.08.2022 16:00:00,7.82724,8.16669,1.21744,7.82,3.427
627,18.08.2022 17:00:00,7.86586,8.20503,1.23565,,
628,18.08.2022 18:00:00,7.37962,8.14038,1.26489,,
629,18.08.2022 19:00:00,7.63518,8.16691,1.27844,,
630,18.08.2022 20:00:00,6.79444,8.1473,1.26742,,
631,18.08.2022 21:00:00,6.29444,8.12225,1.26394,,
632,18.08.2022 22:00:00,5.88385,8.09269,1.27633,5.88,3.436
633,18.08.2022 23:00:00,5.66374,8.06578,1.2831,,
634,19.08.2022 00:00:00,5.43094,8.05496,1.28312,,
635,19.08.2022 01:00:00,5.43835,8.05446,1.28163,,
636,19.08.2022 02:00:00,5.53729,8.04249,1.28071,,
637,19.08.2022 03:00:00,5.64628,8.03826,1.27925,,
638,19.08.2022 04:00:00,5.77644,8.03177,1.27442,5.77,3.437
639,19.08.2022 05:00:00,5.83147,8.03189,1.27303,,
640,19.08.2022 06:00:00,6.00978,8.03507,1.27032,,
641,19.08.2022 07:00:00,6.30237,8.02722,1.26722,,
642,19.08.2022 08:00:00,6.51296,8.02837,1.26433,,
643,19.08.2022 09:00:00,7.15105,8.02738,1.25823,,
644,19.08.2022 10:00:00,7.81824,8.02496,1.25741,7.81,3.457
645,19.08.2022 11:00:00,8.81983,8.03397,1.25699,,
646,19.08.2022 12:00:00,9.41984,8.0326,1.2619,,
647,19.08.2022 13:00:00,9.00185,8.03265,1.26859,,
648,19.08.2022 14:00:00,8.21031,8.03837,1.27683,,
649,19.08.2022 15:00:00,9.7865,8.03985,1.26915,,
650,19.08.2022 16:00:00,12.1452,8.04271,1.26375,12.14,3.444
651,19.08.2022 17:00:00,9.44841,8.05946,1.28234,,
652,19.08.2022 18:00:00,7.87961,8.05765,1.28633,,
653,19.08.2022 19:00:00,7.41401,8.04754,1.28693,,
654,19.08.2022 20:00:00,7.40448,8.04628,1.28207,,
655,19.08.2022 21:00:00,6.42513,8.04754,1.28349,,
656,19.08.2022 22:00:00,5.82459,8.04007,1.28309,5.82,3.392
657,19.08.2022 23:00:00,5.49125,8.04084,1.28344,,
658,20.08.2022 00:00:00,5.34522,8.03666,1.28271,,
659,20.08.2022 01:00:00,5.21136,8.03436,1.28209,,
660,20.08.2022 02:00:00,4.97433,8.03276,1.28023,,
661,20.08.2022 03:00:00,4.9738,8.03205,1.27848,,
662,20.08.2022 04:00:00,4.90766,8.02793,1.27426,4.9,3.39
663,20.08.2022 05:00:00,4.59443,8.02183,1.2725,,
664,20.08.2022 06:00:00,4.69284,8.01194,1.26609,,
665,20.08.2022 07:00:00,4.66533,8.01145,1.25992,,
666,20.08.2022 08:00:00,4.81242,8.0009,1.2541,,
667,20.08.2022 09:00:00,5.15739,7.99821,1.24579,,
668,20.08.2022 10:00:00,5.98861,7.99849,1.2369,5.98,3.437
669,20.08.2022 11:00:00,7.11454,7.99228,1.2261,,
670,20.08.2022 12:00:00,9.61454,7.99189,1.20873,,
671,20.08.2022 13:00:00,10.3325,7.98744,1.19985,,
672,20.08.2022 14:00:00,10.4537,7.98739,1.17571,,
673,20.08.2022 15:00:00,11.8415,7.98514,1.15402,,
674,20.08.2022 16:00:00,10.9981,7.98201,1.14912,10.99,3.447
675,20.08.2022 17:00:00,10.3087,7.9881,1.1491,,
676,20.08.2022 18:00:00,9.45159,7.98602,1.15185,,
677,20.08.2022 19:00:00,9.85476,7.99733,1.15645,,
678,20.08.2022 20:00:00,9.59708,7.99371,1.15456,,
679,20.08.2022 21:00:00,8.95952,8.00772,1.15473,,
680,20.08.2022 22:00:00,8.05846,8.00782,1.15877,8.05,3.406
681,20.08.2022 23:00:00,7.83676,8.0126,1.16039,,
682,21.08.2022 00:00:00,7.61983,8.02117,1.16323,,
683,21.08.2022 01:00:00,7.43781,8.02408,1.16295,,
684,21.08.2022 02:00:00,7.06692,8.02623,1.16793,,
685,21.08.2022 03:00:00,6.84788,8.04875,1.16492,,
686,21.08.2022 04:00:00,6.43042,8.05551,1.1727,6.43,3.447
687,21.08.2022 05:00:00,5.88014,8.04062,1.17205,,
688,21.08.2022 06:00:00,5.30871,8.03666,1.16643,,
689,21.08.2022 07:00:00,4.69179,8.04924,1.17349,,
690,21.08.2022 08:00:00,5.01242,8.04507,1.17018,,
691,21.08.2022 09:00:00,5.69549,8.02244,1.16607,,
692,21.08.2022 10:00:00,6.19813,8.0593,1.16157,6.19,3.433
693,21.08.2022 11:00:00,6.8992,8.06089,1.15472,,
694,21.08.2022 12:00:00,8.2484,8.04798,1.13711,,
695,21.08.2022 13:00:00,10.1569,8.04067,1.11316,,
696,21.08.2022 14:00:00,9.60872,8.0499,1.10656,,
697,21.08.2022 15:00:00,10.5304,8.0649,1.09551,,
698,21.08.2022 16:00:00,9.93942,8.07726,1.09019,9.93,3.386
699,21.08.2022 17:00:00,8.11349,8.06067,1.0797,,
700,21.08.2022 18:00:00,7.88384,8.06034,1.07459,,
701,21.08.2022 19:00:00,6.9939,8.07594,1.07061,,
702,21.08.2022 20:00:00,6.26533,8.07556,1.06596,,
703,21.08.2022 21:00:00,5.37168,8.07863,1.06411,,
704,21.08.2022 22:00:00,4.95898,8.08797,1.06262,4.95,3.433
705,21.08.2022 23:00:00,3.06374,8.08835,1.06613,,
706,22.08.2022 00:00:00,2.61242,8.08649,1.06758,,
707,22.08.2022 01:00:00,1.88914,8.08253,1.07299,,
708,22.08.2022 02:00:00,2.13994,8.0805,1.07165,,
709,22.08.2022 03:00:00,2.28438,8.08171,1.07371,,
710,22.08.2022 04:00:00,2.19602,8.07847,1.07261,2.19,3.434
711,22.08.2022 05:00:00,1.86851,8.06369,1.0717,,
712,22.08.2022 06:00:00,1.67327,8.06561,1.07582,,
713,22.08.2022 07:00:00,1.87115,8.05501,1.05124,,
714,22.08.2022 08:00:00,2.04311,8.06484,1.07244,,
715,22.08.2022 09:00:00,1.89867,8.07775,1.07526,,
716,22.08.2022 10:00:00,3.41507,8.04375,1.06099,3.41,3.43
717,22.08.2022 11:00:00,4.10819,8.05479,1.06444,,
718,22.08.2022 12:00:00,8.02618,8.061,1.04695,,
719,22.08.2022 13:00:00,9.6685,8.0343,1.07408,,
720,22.08.2022 14:00:00,12.0347,8.06424,1.03088,,
721,22.08.2022 15:00:00,10.3664,8.05847,1.04612,,
722,22.08.2022 16:00:00,11.9304,8.08731,1.03108,11.93,3.439
723,22.08.2022 17:00:00,9.88016,8.06666,1.05833,,
724,22.08.2022 18:00:00,9.28914,8.08737,1.03564,,
725,22.08.2022 19:00:00,9.14206,8.08182,1.03031,,
726,22.08.2022 20:00:00,8.45792,8.09418,1.03041,,
727,22.08.2022 21:00:00,7.85104,8.09632,1.03007,,
728,22.08.2022 22:00:00,7.57909,8.09407,1.02815,7.57,3.41
729,22.08.2022 23:00:00,7.30555,8.09511,1.02481,,
730,23.08.2022 00:00:00,7.03676,8.08846,1.0249,,
731,23.08.2022 01:00:00,6.83888,8.09478,1.02393,,
732,23.08.2022 02:00:00,6.48809,8.09736,1.0244,,
733,23.08.2022 03:00:00,6.68967,8.0978,1.02604,,
734,23.08.2022 04:00:00,6.74787,8.09291,1.02709,6.74,3.424
735,23.08.2022 05:00:00,6.66216,8.10071,1.02805,,
736,23.08.2022 06:00:00,6.05687,8.10115,1.03005,,
737,23.08.2022 07:00:00,7.1648,8.0894,1.03046,,
738,23.08.2022 08:00:00,7.90924,8.08572,1.02705,,
739,23.08.2022 09:00:00,8.81612,8.08055,1.02307,,
740,23.08.2022 10:00:00,12.3643,8.06863,1.00957,12.36,3.453
741,23.08.2022 11:00:00,12.5505,8.0788,1.01938,,
742,23.08.2022 12:00:00,16.0801,8.05073,0.989627,,
743,23.08.2022 13:00:00,13.9706,8.07242,1.00375,,
744,23.08.2022 14:00:00,14.3225,8.03958,0.996141,,
745,23.08.2022 15:00:00,15.1796,8.03535,0.98773,,
746,23.08.2022 16:00:00,14.1711,8.05534,0.989034,14.17,3.382
747,23.08.2022 17:00:00,15.2087,8.06056,0.981197,,
748,23.08.2022 18:00:00,15.3399,8.05424,0.974483,,
749,23.08.2022 19:00:00,14.6664,8.05699,0.97454,,
750,23.08.2022 20:00:00,13.8733,8.06204,0.977906,,
751,23.08.2022 21:00:00,11.7325,8.05803,0.98985,,
752,23.08.2022 22:00:00,10.0643,8.0521,1.00383,10.06,3.405
753,23.08.2022 23:00:00,8.52724,8.04018,1.01411,,
754,24.08.2022 00:00:00,7.88702,8.04018,1.02122,,
755,24.08.2022 01:00:00,6.96904,8.03529,1.03289,,
756,24.08.2022 02:00:00,6.52565,8.03276,1.038,,
757,24.08.2022 03:00:00,7.17539,8.03381,1.0419,,
758,24.08.2022 04:00:00,7.62777,8.0304,1.04785,7.62,3.391
759,24.08.2022 05:00:00,7.94152,8.0365,1.05356,,
760,24.08.2022 06:00:00,8.04946,8.03974,1.05184,,
761,24.08.2022 07:00:00,8.35421,8.03644,1.05121,,
762,24.08.2022 08:00:00,9.5574,8.03507,1.05397,,
763,24.08.2022 09:00:00,10.9447,8.03639,1.06293,,
764,24.08.2022 10:00:00,12.1918,8.03452,1.06567,12.19,3.406
765,24.08.2022 11:00:00,12.5574,8.0309,1.06776,,
766,24.08.2022 12:00:00,12.5251,8.03419,1.07169,,
767,24.08.2022 13:00:00,14.5674,8.02974,1.05956,,
768,24.08.2022 14:00:00,14.7971,8.02864,1.05825,,
769,24.08.2022 15:00:00,15.5087,8.02831,1.05361,,
770,24.08.2022 16:00:00,15.2891,8.03095,1.05521,15.28,3.452
771,24.08.2022 17:00:00,17.5431,8.04062,1.03474,,
772,24.08.2022 18:00:00,24.9124,8.06375,0.98137,,
773,24.08.2022 19:00:00,23.3807,8.061,0.964414,,
774,24.08.2022 20:00:00,17.4585,8.01403,0.976809,,
775,24.08.2022 21:00:00,13.7791,7.99634,0.987901,,
776,24.08.2022 22:00:00,10.9733,7.98986,1.00515,10.97,3.391
777,24.08.2022 23:00:00,8.00925,7.98289,1.02102,,
778,25.08.2022 00:00:00,5.94998,7.97657,1.03028,,
779,25.08.2022 01:00:00,5.74628,7.97179,1.03706,,
780,25.08.2022 02:00:00,6.31454,7.96849,1.04073,,
781,25.08.2022 03:00:00,7.60078,7.97151,1.04497,,
782,25.08.2022 04:00:00,7.99284,7.96498,1.05138,7.99,3.44
783,25.08.2022 05:00:00,8.17592,7.96729,1.05665,,
784,25.08.2022 06:00:00,8.90449,7.96399,1.06174,,
785,25.08.2022 07:00:00,10.0436,7.96602,1.06615,,
786,25.08.2022 08:00:00,11.3632,7.9636,1.06508,,
787,25.08.2022 09:00:00,13.0913,7.96053,1.06532,,
788,25.08.2022 10:00:00,15.1204,7.95317,1.05574,15.12,3.387
789,25.08.2022 11:00:00,13.8272,7.96432,1.05958,,
790,25.08.2022 12:00:00,12.4833,8.02035,1.05472,,
791,25.08.2022 13:00:00,14.7997,8.0493,1.01812,,
792,25.08.2022 14:00:00,16.5971,7.97168,1.03871,,
793,25.08.2022 15:00:00,17.2383,7.99904,1.00539,,
794,25.08.2022 16:00:00,23.5865,7.97399,0.944208,23.58,3.438
795,25.08.2022 17:00:00,17.8743,7.98327,0.961515,,
796,25.08.2022 18:00:00,20.7532,8.00788,0.927491,,
797,25.08.2022 19:00:00,16.9341,7.98459,0.930104,,
798,25.08.2022 20:00:00,17.8452,8.00112,0.921741,,
799,25.08.2022 21:00:00,15.3971,7.9769,0.927864,,
800,25.08.2022 22:00:00,8.49391,7.95284,0.958446,8.49,3.404
801,25.08.2022 23:00:00,7.3537,7.94026,0.97262,,
802,26.08.2022 00:00:00,8.75634,7.93954,0.980065,,
803,26.08.2022 01:00:00,9.00026,7.92845,0.994221,,
804,26.08.2022 02:00:00,7.63571,7.9246,1.00702,,
805,26.08.2022 03:00:00,6.92142,7.92554,1.01811,,
806,26.08.2022 04:00:00,6.12777,7.91741,1.02533,6.12,3.437
807,26.08.2022 05:00:00,4.60131,7.91856,1.03574,,
808,26.08.2022 06:00:00,3.54206,7.91884,1.03932,,
809,26.08.2022 07:00:00,4.57221,7.91763,1.04287,,
810,26.08.2022 08:00:00,5.8812,7.90961,1.04789,,
811,26.08.2022 09:00:00,11.0198,7.86852,1.02845,,
812,26.08.2022 10:00:00,15.2817,7.87808,0.996997,15.28,3.434
813,26.08.2022 11:00:00,18.213,7.89016,0.970176,,
814,26.08.2022 12:00:00,21.5987,7.90159,0.935064,,
815,26.08.2022 13:00:00,23.3553,7.90395,0.905654,,
816,26.08.2022 14:00:00,23.8214,7.92246,0.872205,,
817,26.08.2022 15:00:00,24.8601,7.9546,0.846231,,
818,26.08.2022 16:00:00,25.1278,7.98788,0.81265,25.12,3.489
819,26.08.2022 17:00:00,24.2045,7.9992,0.790475,,
820,26.08.2022 18:00:00,21.8669,8.00843,0.781013,,
821,26.08.2022 19:00:00,23.504,8.02194,0.758977,,
822,26.08.2022 20:00:00,20.6817,8.01299,0.761328,,
823,26.08.2022 21:00:00,17.6664,7.992,0.770694,,
824,26.08.2022 22:00:00,10.4526,7.95712,0.796418,10.45,3.418
825,26.08.2022 23:00:00,6.51719,7.94756,0.810716,,
826,27.08.2022 00:00:00,4.07697,7.93339,0.824895,,
827,27.08.2022 01:00:00,2.9648,7.92059,0.835898,,
828,27.08.2022 02:00:00,2.69813,7.91988,0.842717,,
829,27.08.2022 03:00:00,3.032,7.90834,0.851697,,
830,27.08.2022 04:00:00,3.59285,7.89961,0.855875,3.59,3.403
831,27.08.2022 05:00:00,3.05951,7.89966,0.867317,,
832,27.08.2022 06:00:00,3.02194,7.90032,0.860635,,
833,27.08.2022 07:00:00,3.3156,7.88494,0.863232,,
834,27.08.2022 08:00:00,7.93623,7.87357,0.853879,,
835,27.08.2022 09:00:00,14.1881,7.86929,0.826224,,
836,27.08.2022 10:00:00,19.0595,7.86824,0.79251,19.05,3.442
837,27.08.2022 11:00:00,22.1542,7.84391,0.72698,,
838,27.08.2022 12:00:00,22.6315,7.85039,0.705018,,
839,27.08.2022 13:00:00,21.6373,7.87423,0.694598,,
840,27.08.2022 14:00:00,22.8034,7.87363,0.67458,,
841,27.08.2022 15:00:00,23.2378,7.91779,0.657356,,
842,27.08.2022 16:00:00,23.2246,7.93202,0.637594,23.22,3.483
843,27.08.2022 17:00:00,21.6664,7.95103,0.631266,,
844,27.08.2022 18:00:00,19.7463,7.96772,0.635226,,
845,27.08.2022 19:00:00,16.9108,7.96091,0.646599,,
846,27.08.2022 20:00:00,14.3325,7.96262,0.658217,,
847,27.08.2022 21:00:00,9.6812,7.92466,0.687357,,
848,27.08.2022 22:00:00,8.17063,7.92477,0.702614,8.17,3.419
849,27.08.2022 23:00:00,7.59179,7.9223,0.714205,,
850,28.08.2022 00:00:00,7.54417,7.93334,0.726018,,
851,28.08.2022 01:00:00,7.83411,7.93867,0.736231,,
852,28.08.2022 02:00:00,7.39285,7.95125,0.741873,,
853,28.08.2022 03:00:00,6.58544,7.94641,0.747899,,
854,28.08.2022 04:00:00,5.89813,7.96047,0.754895,5.89,3.446
855,28.08.2022 05:00:00,5.37697,7.97421,0.759742,,
856,28.08.2022 06:00:00,4.93411,7.97509,0.761168,,
857,28.08.2022 07:00:00,4.81401,7.96948,0.759154,,
858,28.08.2022 08:00:00,5.07697,7.96685,0.75572,,
859,28.08.2022 09:00:00,6.68544,7.97371,0.742244,,
860,28.08.2022 10:00:00,7.05686,7.97102,0.72643,7.05,3.388
861,28.08.2022 11:00:00,9.05317,7.9758,0.701987,,
862,28.08.2022 12:00:00,9.4373,7.96514,0.686989,,
863,28.08.2022 13:00:00,10.1844,7.97811,0.670428,,
864,28.08.2022 14:00:00,10.7839,7.98992,0.65892,,
865,28.08.2022 15:00:00,10.9521,7.98832,0.635273,,
866,28.08.2022 16:00:00,10.0987,7.97805,0.638816,10.09,3.397
867,28.08.2022 17:00:00,9.76057,7.96899,0.63394,,
868,28.08.2022 18:00:00,9.60925,7.97338,0.626338,,
869,28.08.2022 19:00:00,9.12619,7.97322,0.624074,,
870,28.08.2022 20:00:00,7.57433,7.97289,0.630871,,
871,28.08.2022 21:00:00,6.76904,7.9903,0.633306,,
872,28.08.2022 22:00:00,5.32141,7.99651,0.647429,5.32,3.428
873,28.08.2022 23:00:00,4.923,8.01348,0.656078,,
874,29.08.2022 00:00:00,4.33676,8.0153,0.665155,,
875,29.08.2022 01:00:00,3.88756,8.02925,0.670651,,
876,29.08.2022 02:00:00,3.86269,8.02524,0.675497,,
877,29.08.2022 03:00:00,4.02935,8.02985,0.676638,,
878,29.08.2022 04:00:00,1.66004,8.0382,0.685709,1.66,3.424
879,29.08.2022 05:00:00,1.53253,8.05265,0.685082,,
880,29.08.2022 06:00:00,1.61507,8.05875,0.688544,,
881,29.08.2022 07:00:00,3.51137,8.0649,0.68629,,
882,29.08.2022 08:00:00,5.07379,8.06655,0.68703,,
883,29.08.2022 09:00:00,5.90977,8.07193,0.685408,,
884,29.08.2022 10:00:00,7.48173,8.07237,0.678809,7.48,3.389
885,29.08.2022 11:00:00,8.14047,8.06655,0.672133,,
886,29.08.2022 12:00:00,9.42037,8.07061,0.658912,,
887,29.08.2022 13:00:00,11.1907,8.0543,0.643106,,
888,29.08.2022 14:00:00,11.95,8.0376,0.624455,,
889,29.08.2022 15:00:00,12.0622,8.02777,0.617973,,
890,29.08.2022 16:00:00,14.0521,8.0159,0.59694,14.05,3.413
891,29.08.2022 17:00:00,12.7828,7.99991,0.586332,,
892,29.08.2022 18:00:00,11.7717,8.00107,0.579256,,
893,29.08.2022 19:00:00,10.4971,7.99184,0.581552,,
894,29.08.2022 20:00:00,9.5209,7.98464,0.586511,,
895,29.08.2022 21:00:00,8.8267,7.98997,0.589451,,
896,29.08.2022 22:00:00,7.40554,7.99102,0.59723,7.4,3.447
897,29.08.2022 23:00:00,6.47433,7.99711,0.600561,,
898,30.08.2022 00:00:00,5.65157,8.00261,0.605412,,
899,30.08.2022 01:00:00,6.41772,8.00832,0.606691,,
900,30.08.2022 02:00:00,6.25898,8.01436,0.613935,,
901,30.08.2022 03:00:00,5.92988,8.02073,0.615348,,
902,30.08.2022 04:00:00,5.63623,8.02733,0.618793,5.63,3.425
903,30.08.2022 05:00:00,5.56057,8.03546,0.620595,,
904,30.08.2022 06:00:00,5.23517,8.03859,0.621589,,
905,30.08.2022 07:00:00,2.88067,8.03392,0.628929,,
906,30.08.2022 08:00:00,5.9484,8.02628,0.61946,,
907,30.08.2022 09:00:00,9.19284,8.02095,0.618016,,
908,30.08.2022 10:00:00,9.92936,8.01705,0.608145,9.92,3.398
909,30.08.2022 11:00:00,11.6796,8.01348,0.598899,,
910,30.08.2022 12:00:00,14.0061,8.00035,0.583415,,
911,30.08.2022 13:00:00,16.0272,7.99893,0.55528,,
912,30.08.2022 14:00:00,19.9997,7.97151,0.492463,,
913,30.08.2022 15:00:00,24.404,7.96619,0.424587,,
914,30.08.2022 16:00:00,23.15,7.97932,0.388624,23.14,3.389
915,30.08.2022 17:00:00,23.7214,7.98821,0.355349,,
916,30.08.2022 18:00:00,22.1177,8.00299,0.336481,,
917,30.08.2022 19:00:00,21.1621,7.99634,0.324823,,
918,30.08.2022 20:00:00,20.977,7.99371,0.322096,,
919,30.08.2022 21:00:00,17.2061,7.97657,0.339971,,
920,30.08.2022 22:00:00,6.99866,7.94037,0.37464,6.99,3.412
921,30.08.2022 23:00:00,4.10608,7.93674,0.389731,,
922,31.08.2022 00:00:00,2.22406,7.93537,0.40196,,
923,31.08.2022 01:00:00,1.96957,7.93328,0.415313,,
924,31.08.2022 02:00:00,1.73412,7.93927,0.427446,,
925,31.08.2022 03:00:00,1.00026,7.94355,0.440972,,
926,31.08.2022 04:00:00,0.83994,7.95328,0.451802,0.83,3.413
927,31.08.2022 05:00:00,0.792318,7.96284,0.463066,,
928,31.08.2022 06:00:00,0.656871,7.97184,0.471906,,
929,31.08.2022 07:00:00,1.10449,7.97728,0.476368,,
930,31.08.2022 08:00:00,4.72935,7.96437,0.47589,,
931,31.08.2022 09:00:00,10.2648,7.94905,0.46484,,
932,31.08.2022 10:00:00,12.6452,7.94515,0.462423,12.64,3.382
933,31.08.2022 11:00:00,17.3659,7.90856,0.428793,,
934,31.08.2022 12:00:00,20.9569,7.9073,0.400725,,
935,31.08.2022 13:00:00,21.8569,7.93103,0.375106,,
936,31.08.2022 14:00:00,23.3764,7.92317,0.345319,,
937,31.08.2022 15:00:00,22.7489,7.94509,0.326271,,
938,31.08.2022 16:00:00,24.6569,7.96415,0.299243,24.65,3.469
939,31.08.2022 17:00:00,24.0653,7.9825,0.289474,,
940,31.08.2022 18:00:00,22.9542,7.99761,0.282504,,
941,31.08.2022 19:00:00,22.0611,8.00222,0.274989,,
942,31.08.2022 20:00:00,17.0802,7.96234,0.299889,,
943,31.08.2022 21:00:00,12.3579,7.94932,0.321558,,
944,31.08.2022 22:00:00,7.85951,7.9446,0.340652,7.85,3.39
945,31.08.2022 23:00:00,5.37591,7.94696,0.357652,,
946,01.09.2022 00:00:00,4.15528,7.94982,0.369828,,
947,01.09.2022 01:00:00,4.03888,7.95059,0.381732,,
948,01.09.2022 02:00:00,3.40978,7.95899,0.393954,,
949,01.09.2022 03:00:00,3.19073,7.96454,0.406758,,
950,01.09.2022 04:00:00,2.89231,7.96855,0.417279,2.89,3.426
951,01.09.2022 05:00:00,2.2738,7.97899,0.428524,,
952,01.09.2022 06:00:00,1.96692,7.99519,0.439783,,
953,01.09.2022 07:00:00,2.46692,8.00118,0.446503,,
954,01.09.2022 08:00:00,5.25475,7.99464,0.449855,,
955,01.09.2022 09:00:00,12.2537,7.97915,0.442169,,
956,01.09.2022 10:00:00,15.3262,7.96053,0.416781,15.32,3.403
957,01.09.2022 11:00:00,16.1627,7.93515,0.412681,,
958,01.09.2022 12:00:00,20.5807,7.919,0.365772,,
959,01.09.2022 13:00:00,17.8722,7.94713,0.376513,,
960,01.09.2022 14:00:00,22.3685,7.95251,0.327227,,
961,01.09.2022 15:00:00,19.4759,7.97283,0.343087,,
962,01.09.2022 16:00:00,18.9055,7.97261,0.333285,18.9,3.402
963,01.09.2022 17:00:00,19.5981,7.98662,0.327613,,
964,01.09.2022 18:00:00,20.0675,7.99244,0.317261,,
965,01.09.2022 19:00:00,22.9701,8.0276,0.288508,,
966,01.09.2022 20:00:00,20.0521,8.01052,0.297518,,
967,01.09.2022 21:00:00,13.0384,7.97811,0.326711,,
968,01.09.2022 22:00:00,9.81719,7.97778,0.340518,9.81,3.432
969,01.09.2022 23:00:00,8.50449,7.97816,0.350584,,
970,02.09.2022 00:00:00,7.98332,7.97915,0.363725,,
971,02.09.2022 01:00:00,7.41506,7.98019,0.375547,,
972,02.09.2022 02:00:00,6.20184,7.98464,0.388862,,
973,02.09.2022 03:00:00,5.37803,7.98975,0.404818,,
974,02.09.2022 04:00:00,6.92407,7.99475,0.411973,6.92,3.421
975,02.09.2022 05:00:00,7.3283,7.99102,0.426726,,
976,02.09.2022 06:00:00,5.36427,7.99997,0.437136,,
977,02.09.2022 07:00:00,4.45104,8.00958,0.446014,,
978,02.09.2022 08:00:00,6.91031,7.99722,0.449015,,
979,02.09.2022 09:00:00,13.06,7.97981,0.429836,,
980,02.09.2022 10:00:00,15.7061,7.95487,0.405667,15.7,3.417
981,02.09.2022 11:00:00,17.8944,7.94861,0.386579,,
982,02.09.2022 12:00:00,20.2188,7.94905,0.365512,,
983,02.09.2022 13:00:00,22.7251,7.96498,0.339071,,
984,02.09.2022 14:00:00,23.9738,7.95267,0.304717,,
985,02.09.2022 15:00:00,24.0463,7.9825,0.285531,,
986,02.09.2022 16:00:00,24.5526,7.9975,0.258795,24.55,3.465
987,02.09.2022 17:00:00,23.9087,8.02694,0.246545,,
988,02.09.2022 18:00:00,23.5436,8.0309,0.242799,,
989,02.09.2022 19:00:00,22.505,8.04716,0.229992,,
990,02.09.2022 20:00:00,21.6325,8.04831,0.230855,,
991,02.09.2022 21:00:00,14.3156,8.00316,0.261054,,
992,02.09.2022 22:00:00,7.95527,7.98124,0.272195,7.95,3.398
993,02.09.2022 23:00:00,6.05422,7.97684,0.282075,,
994,03.09.2022 00:00:00,4.93306,7.97932,0.291897,,
995,03.09.2022 01:00:00,4.90819,7.98519,0.300973,,
996,03.09.2022 02:00:00,6.023,7.98607,0.309721,,
997,03.09.2022 03:00:00,7.31931,7.99486,0.321011,,
998,03.09.2022 04:00:00,7.2156,8.00195,0.334061,7.21,3.45
999,03.09.2022 05:00:00,7.80554,8.0031,0.34368,,
1000,03.09.2022 06:00:00,8.75898,8.0081,0.352666,,
1001,03.09.2022 07:00:00,9.0045,8.00898,0.358128,,
1002,03.09.2022 08:00:00,9.64522,8.01271,0.365573,,
1003,03.09.2022 09:00:00,10.9161,8.01013,0.36875,,
1004,03.09.2022 10:00:00,12.2886,8.00601,0.369993,12.28,3.396
1005,03.09.2022 11:00:00,16.0537,7.98311,0.356017,,
1006,03.09.2022 12:00:00,17.641,7.97794,0.343068,,
1007,03.09.2022 13:00:00,16.0087,7.97536,0.339351,,
1008,03.09.2022 14:00:00,17.8854,7.97195,0.321019,,
1009,03.09.2022 15:00:00,19.1918,7.98234,0.307002,,
1010,03.09.2022 16:00:00,16.969,7.97816,0.308612,16.96,3.459
1011,03.09.2022 17:00:00,15.5722,7.97651,0.318911,,
1012,03.09.2022 18:00:00,13.605,7.97662,0.333636,,
1013,03.09.2022 19:00:00,12.6516,7.98333,0.336845,,
1014,03.09.2022 20:00:00,12.1204,7.99228,0.343213,,
1015,03.09.2022 21:00:00,10.6807,8.00502,0.355833,,
1016,03.09.2022 22:00:00,10.0373,8.03029,0.36709,10.03,3.414
1017,03.09.2022 23:00:00,9.61189,8.03705,0.378957,,
1018,04.09.2022 00:00:00,9.23041,8.04353,0.388162,,
1019,04.09.2022 01:00:00,8.44946,8.05397,0.39548,,
1020,04.09.2022 02:00:00,8.04999,8.07171,0.398536,,
1021,04.09.2022 03:00:00,6.60872,8.0766,0.408699,,
1022,04.09.2022 04:00:00,6.1484,8.09352,0.405289,6.14,3.413
1023,04.09.2022 05:00:00,4.30819,8.10873,0.411966,,
1024,04.09.2022 06:00:00,4.13253,8.11956,0.415687,,
1025,04.09.2022 07:00:00,5.26268,8.12796,0.412867,,
1026,04.09.2022 08:00:00,7.95845,8.13527,0.409769,,
1027,04.09.2022 09:00:00,9.5976,8.14021,0.409631,,
1028,04.09.2022 10:00:00,10.0611,8.14669,0.408672,10.06,3.427
1029,04.09.2022 11:00:00,10.6182,8.15455,0.402831,,
1030,04.09.2022 12:00:00,10.432,8.15861,0.40308,,
1031,04.09.2022 13:00:00,10.7177,8.17987,0.398171,,
1032,04.09.2022 14:00:00,10.1701,8.16493,0.398594,,
1033,04.09.2022 15:00:00,9.85899,8.16334,0.401707,,
1034,04.09.2022 16:00:00,9.49021,8.17877,0.400688,9.49,3.396
1035,04.09.2022 17:00:00,9.37274,8.16987,0.402055,,
1036,04.09.2022 18:00:00,8.31982,8.17311,0.410913,,
1037,04.09.2022 19:00:00,7.4939,8.16581,0.436062,,
1038,04.09.2022 20:00:00,6.94417,8.17696,0.429145,,
1039,04.09.2022 21:00:00,6.56427,8.21206,0.400268,,
1040,04.09.2022 22:00:00,6.03994,8.35549,0.363506,6.03,3.44
1041,04.09.2022 23:00:00,5.7521,8.26139,0.453689,,
1042,05.09.2022 00:00:00,5.49284,8.30676,0.425009,,
1043,05.09.2022 01:00:00,5.09972,8.33357,0.446738,,
1044,05.09.2022 02:00:00,4.73623,8.38054,0.451711,,
1045,05.09.2022 03:00:00,4.54787,8.45673,0.414626,,
1046,05.09.2022 04:00:00,4.40766,8.39301,0.445813,4.4,3.42
1047,05.09.2022 05:00:00,4.24681,8.40526,0.457636,,
1048,05.09.2022 06:00:00,4.07062,8.5004,0.439005,,
1049,05.09.2022 07:00:00,3.88491,8.41805,0.412497,,
1050,05.09.2022 08:00:00,3.85899,8.49282,0.359619,,
1051,05.09.2022 09:00:00,3.82777,8.57571,0.366666,,
1052,05.09.2022 10:00:00,3.93041,8.54489,0.42339,3.93,3.437
1053,05.09.2022 11:00:00,3.88491,8.58609,0.362729,,
1054,05.09.2022 12:00:00,3.71613,8.56318,0.366166,,
1055,05.09.2022 13:00:00,4.31242,8.45936,0.346503,,
1056,05.09.2022 14:00:00,5.00078,8.43245,0.393825,,
1057,05.09.2022 15:00:00,5.05263,8.40641,0.360329,,
1058,05.09.2022 16:00:00,4.66692,8.41976,0.322387,4.66,3.424
1059,05.09.2022 17:00:00,4.35105,8.37515,0.362019,,
1060,05.09.2022 18:00:00,4.08385,8.3217,0.333798,,
1061,05.09.2022 19:00:00,3.0939,8.32516,0.355144,,
1062,05.09.2022 20:00:00,2.45422,8.30715,0.366531,,
1063,05.09.2022 21:00:00,2.0357,8.34417,0.343177,,
1064,05.09.2022 22:00:00,1.6283,8.29083,0.336749,1.62,3.427
1065,05.09.2022 23:00:00,1.37063,8.28578,0.333597,,
1066,06.09.2022 00:00:00,1.241,8.30292,0.340131,,
1067,06.09.2022 01:00:00,1.1082,8.28655,0.331698,,
1068,06.09.2022 02:00:00,1.0738,8.27117,0.332512,,
1069,06.09.2022 03:00:00,0.603957,8.26886,0.331828,,
1070,06.09.2022 04:00:00,-0.817202,8.27573,0.333894,-0.81,3.393
1071,06.09.2022 05:00:00,-1.68863,8.2688,0.336615,,
1072,06.09.2022 06:00:00,-3.52884,8.26199,0.339007,,
1073,06.09.2022 07:00:00,-3.73466,8.25161,0.339987,,
1074,06.09.2022 08:00:00,-0.840482,8.25612,0.330815,,
1075,06.09.2022 09:00:00,0.570622,8.2649,0.323679,,
1076,06.09.2022 10:00:00,2.15422,8.25656,0.319553,2.15,3.429
1077,06.09.2022 11:00:00,2.72089,8.25991,0.320985,,
1078,06.09.2022 12:00:00,5.86798,8.23782,0.294409,,
1079,06.09.2022 13:00:00,6.70819,8.23568,0.284232,,
1080,06.09.2022 14:00:00,8.39972,8.23958,0.271742,,
1081,06.09.2022 15:00:00,11.5738,8.24123,0.234203,,
1082,06.09.2022 16:00:00,11.0145,8.23359,0.221332,11.01,3.416
1083,06.09.2022 17:00:00,10.2092,8.22239,0.225196,,
1084,06.09.2022 18:00:00,11.3812,8.22393,0.206221,,
1085,06.09.2022 19:00:00,10.6585,8.1925,0.204154,,
1086,06.09.2022 20:00:00,8.6119,8.17092,0.209674,,
1087,06.09.2022 21:00:00,0.0425827,8.13801,0.235261,,
1088,06.09.2022 22:00:00,-3.33572,8.13631,0.244047,-3.33,3.409
1089,06.09.2022 23:00:00,-4.69762,8.13691,0.251604,,
1090,07.09.2022 00:00:00,-5.33943,8.14395,0.260265,,
1091,07.09.2022 01:00:00,-4.36587,8.14274,0.265218,,
1092,07.09.2022 02:00:00,-1.75106,8.14158,0.264411,,
1093,07.09.2022 03:00:00,-0.742601,8.14532,0.266019,,
1094,07.09.2022 04:00:00,-0.360063,8.14697,0.268009,-0.36,3.389
1095,07.09.2022 05:00:00,0.0177161,8.14746,0.267297,,
1096,07.09.2022 06:00:00,0.0256522,8.14867,0.267279,,
1097,07.09.2022 07:00:00,0.155809,8.1601,0.26843,,
1098,07.09.2022 08:00:00,0.742585,8.15306,0.265939,,
1099,07.09.2022 09:00:00,1.56587,8.14521,0.264161,,
1100,07.09.2022 10:00:00,2.93517,8.13395,0.260215,2.93,3.419
1101,07.09.2022 11:00:00,6.45423,8.08813,0.22985,,
1102,07.09.2022 12:00:00,10.9537,8.07281,0.202946,,
1103,07.09.2022 13:00:00,12.6061,8.0872,0.185821,,
1104,07.09.2022 14:00:00,13.6865,8.09204,0.164403,,
1105,07.09.2022 15:00:00,14.2669,8.08044,0.153292,,
1106,07.09.2022 16:00:00,14.2214,8.07907,0.141191,14.22,3.44
1107,07.09.2022 17:00:00,12.5579,8.06413,0.148916,,
1108,07.09.2022 18:00:00,6.77433,8.07122,0.160131,,
1109,07.09.2022 19:00:00,6.04523,8.08248,0.175097,,
1110,07.09.2022 20:00:00,5.32935,8.05545,0.169504,,
1111,07.09.2022 21:00:00,4.54893,8.0582,0.177641,,
1112,07.09.2022 22:00:00,4.23835,8.06303,0.181573,4.23,3.435
1113,07.09.2022 23:00:00,4.25951,8.06028,0.190001,,
1114,08.09.2022 00:00:00,4.40078,8.06973,0.195718,,
1115,08.09.2022 01:00:00,4.14364,8.06902,0.204921,,
1116,08.09.2022 02:00:00,4.11031,8.07572,0.211603,,
1117,08.09.2022 03:00:00,4.23359,8.08363,0.214686,,
1118,08.09.2022 04:00:00,4.16586,8.08665,0.223391,4.16,3.398
1119,08.09.2022 05:00:00,4.05845,8.0994,0.230268,,
1120,08.09.2022 06:00:00,4.00766,8.105,0.233816,,
1121,08.09.2022 07:00:00,3.87856,8.1045,0.242762,,
1122,08.09.2022 08:00:00,3.98332,8.10209,0.245084,,
1123,08.09.2022 09:00:00,4.12354,8.10857,0.247845,,
1124,08.09.2022 10:00:00,5.03358,8.11115,0.250697,5.03,3.428
1125,08.09.2022 11:00:00,9.39285,8.10115,0.228229,,
1126,08.09.2022 12:00:00,11.2934,8.0755,0.211213,,
1127,08.09.2022 13:00:00,15.7838,8.05122,0.171429,,
1128,08.09.2022 14:00:00,13.9627,8.06732,0.179522,,
1129,08.09.2022 15:00:00,17.0436,8.06259,0.135928,,
1130,08.09.2022 16:00:00,16.7838,8.05106,0.115108,16.78,3.443
1131,08.09.2022 17:00:00,16.6759,8.05078,0.100017,,
1132,08.09.2022 18:00:00,17.1161,8.02178,0.0789486,,
1133,08.09.2022 19:00:00,13.6235,7.97591,0.0859965,,
1134,08.09.2022 20:00:00,10.5241,7.97042,0.0904319,,
1135,08.09.2022 21:00:00,3.59655,7.94713,0.11701,,
1136,08.09.2022 22:00:00,-0.0838727,7.93911,0.123882,-0.08,3.402
1137,08.09.2022 23:00:00,0.140994,7.93746,0.128767,,
1138,09.09.2022 00:00:00,1.25528,7.94581,0.136202,,
1139,09.09.2022 01:00:00,1.15952,7.9513,0.14286,,
1140,09.09.2022 02:00:00,1.50026,7.95778,0.150073,,
1141,09.09.2022 03:00:00,2.28544,7.95729,0.153813,,
1142,09.09.2022 04:00:00,2.82406,7.96767,0.159515,2.82,3.396
1143,09.09.2022 05:00:00,3.19443,7.9786,0.164585,,
1144,09.09.2022 06:00:00,3.0812,7.98008,0.169373,,
1145,09.09.2022 07:00:00,3.53359,7.98437,0.176043,,
1146,09.09.2022 08:00:00,4.66692,7.9725,0.179236,,
1147,09.09.2022 09:00:00,5.71771,7.97437,0.176714,,
1148,09.09.2022 10:00:00,6.30819,7.98118,0.18177,6.3,3.425
1149,09.09.2022 11:00:00,8.40501,7.95894,0.174464,,
1150,09.09.2022 12:00:00,9.41666,7.94674,0.163408,,
1151,09.09.2022 13:00:00,12.4431,7.92164,0.158827,,
1152,09.09.2022 14:00:00,13.9071,7.94218,0.130271,,
1153,09.09.2022 15:00:00,16.2262,7.88719,0.129468,,
1154,09.09.2022 16:00:00,12.187,7.9196,0.120889,12.18,3.446
1155,09.09.2022 17:00:00,12.3521,7.91647,0.119574,,
1156,09.09.2022 18:00:00,11.7061,7.90587,0.121791,,
1157,09.09.2022 19:00:00,10.1463,7.91345,0.124158,,
1158,09.09.2022 20:00:00,9.33888,7.92653,0.129414,,
1159,09.09.2022 21:00:00,8.24046,7.92927,0.13161,,
1160,09.09.2022 22:00:00,7.62036,7.9396,0.135783,7.62,3.435
1161,09.09.2022 23:00:00,6.69867,7.94641,0.143971,,
1162,10.09.2022 00:00:00,5.81612,7.94454,0.136962,,
1163,10.09.2022 01:00:00,5.49602,7.93762,0.113957,,
1164,10.09.2022 02:00:00,5.28649,7.93581,0.0906916,,
1165,10.09.2022 03:00:00,5.04311,7.94531,0.0679612,,
1166,10.09.2022 04:00:00,4.8193,7.95558,0.0483995,4.81,3.43
1167,10.09.2022 05:00:00,4.80819,7.95751,0.0368574,,
1168,10.09.2022 06:00:00,4.48649,7.96992,0.0291374,,
1169,10.09.2022 07:00:00,4.42724,7.97454,0.0276011,,
1170,10.09.2022 08:00:00,4.24205,7.97278,0.0219076,,
1171,10.09.2022 09:00:00,4.232,7.97871,0.017222,,
1172,10.09.2022 10:00:00,4.27803,7.9791,0.0128388,4.27,3.402
1173,10.09.2022 11:00:00,4.02671,7.97245,0.010452,,
1174,10.09.2022 12:00:00,4.49549,7.97591,0.00449931,,
1175,10.09.2022 13:00:00,5.55898,7.97893,-0.00605033,,
1176,10.09.2022 14:00:00,5.23517,7.97465,-0.0122674,,
1177,10.09.2022 15:00:00,4.73994,7.9675,-0.019527,,
1178,10.09.2022 16:00:00,4.75898,7.9636,-0.0293171,4.75,3.387
1179,10.09.2022 17:00:00,4.79443,7.96514,-0.035964,,
1180,10.09.2022 18:00:00,4.40237,7.96437,-0.0413815,,
1181,10.09.2022 19:00:00,3.81824,7.95954,-0.0491876,,
1182,10.09.2022 20:00:00,3.45105,7.95943,-0.053628,,
1183,10.09.2022 21:00:00,3.1939,7.96377,-0.0570593,,
1184,10.09.2022 22:00:00,2.83993,7.95877,-0.0610732,2.83,3.418
1185,10.09.2022 23:00:00,2.53359,7.95383,-0.063223,,
1186,11.09.2022 00:00:00,2.36533,7.95086,-0.0646795,,
1187,11.09.2022 01:00:00,2.03306,7.95372,-0.065874,,
1188,11.09.2022 02:00:00,1.77063,7.95504,-0.06618,,
1189,11.09.2022 03:00:00,1.63941,7.94943,-0.0671569,,
1190,11.09.2022 04:00:00,1.47221,7.95125,-0.0685683,1.47,3.391
1191,11.09.2022 05:00:00,1.38491,7.95438,-0.070448,,
1192,11.09.2022 06:00:00,1.3447,7.95234,-0.0686459,,
1193,11.09.2022 07:00:00,1.38544,7.95004,-0.0691895,,
1194,11.09.2022 08:00:00,1.88438,7.94905,-0.0717423,,
1195,11.09.2022 09:00:00,3.04575,7.94718,-0.0741385,,
1196,11.09.2022 10:00:00,4.22248,7.94427,-0.0796438,4.22,3.394
1197,11.09.2022 11:00:00,5.31295,7.94279,-0.0932459,,
1198,11.09.2022 12:00:00,7.08755,7.93564,-0.104531,,
1199,11.09.2022 13:00:00,8.0357,7.93405,-0.120215,,
1200,11.09.2022 14:00:00,8.06322,7.92735,-0.131238,,
1201,11.09.2022 15:00:00,8.27009,7.9279,-0.145412,,
1202,11.09.2022 16:00:00,7.7537,7.92482,-0.15165,7.75,3.439
1203,11.09.2022 17:00:00,7.06903,7.91834,-0.153083,,
1204,11.09.2022 18:00:00,8.24258,7.92048,-0.160976,,
1205,11.09.2022 19:00:00,6.69337,7.90994,-0.156346,,
1206,11.09.2022 20:00:00,5.9394,7.89829,-0.15263,,
1207,11.09.2022 21:00:00,5.20607,7.9006,-0.149271,,
1208,11.09.2022 22:00:00,1.17486,7.90296,-0.135951,1.17,3.405
1209,11.09.2022 23:00:00,-0.611382,7.90543,-0.127853,,
1210,12.09.2022 00:00:00,-1.69021,7.90873,-0.118479,,
1211,12.09.2022 01:00:00,-2.08281,7.91713,-0.10884,,
1212,12.09.2022 02:00:00,-2.25107,7.91889,-0.101837,,
1213,12.09.2022 03:00:00,-2.13149,7.92081,-0.0977309,,
1214,12.09.2022 04:00:00,-0.91297,7.91774,-0.0917596,-0.91,3.393
1215,12.09.2022 05:00:00,-0.510855,7.92032,-0.0902259,,
1216,12.09.2022 06:00:00,0.432,7.92224,-0.0906448,,
1217,12.09.2022 07:00:00,1.11719,7.92614,-0.0875139,,
1218,12.09.2022 08:00:00,2.24893,7.92773,-0.0864485,,
1219,12.09.2022 09:00:00,3.67539,7.92444,-0.0878493,,
1220,12.09.2022 10:00:00,4.63464,7.92658,-0.089025,4.63,3.416
1221,12.09.2022 11:00:00,6.43994,7.92186,-0.0964759,,
1222,12.09.2022 12:00:00,8.06957,7.92438,-0.104435,,
1223,12.09.2022 13:00:00,8.42935,7.92301,-0.107781,,
1224,12.09.2022 14:00:00,9.55793,7.91768,-0.113883,,
1225,12.09.2022 15:00:00,10.7061,7.91213,-0.12467,,
1226,12.09.2022 16:00:00,17.7389,7.9095,-0.178759,17.73,3.444
1227,12.09.2022 17:00:00,17.0071,7.89505,-0.204693,,
1228,12.09.2022 18:00:00,14.2775,7.89428,-0.21754,,
1229,12.09.2022 19:00:00,11.6743,7.86956,-0.213875,,
1230,12.09.2022 20:00:00,7.8812,7.87247,-0.218205,,
1231,12.09.2022 21:00:00,1.45105,7.84803,-0.19779,,
1232,12.09.2022 22:00:00,0.393904,7.83787,-0.190925,0.39,3.42
1233,12.09.2022 23:00:00,-0.50186,7.83875,-0.181112,,
1234,13.09.2022 00:00:00,-0.769584,7.84072,-0.173238,,
1235,13.09.2022 01:00:00,-1.38228,7.83765,-0.166442,,
1236,13.09.2022 02:00:00,-1.54313,7.85061,-0.161156,,
1237,13.09.2022 03:00:00,-0.459002,7.84688,-0.156406,,
1238,13.09.2022 04:00:00,-0.42461,7.85143,-0.149201,-0.42,3.415
1239,13.09.2022 05:00:00,-0.458473,7.86077,-0.14526,,
1240,13.09.2022 06:00:00,-0.318793,7.85731,-0.141176,,
1241,13.09.2022 07:00:00,-0.21932,7.87066,-0.135454,,
1242,13.09.2022 08:00:00,0.201313,7.87352,-0.133214,,
1243,13.09.2022 09:00:00,1.17327,7.86654,-0.129399,,
1244,13.09.2022 10:00:00,2.32089,7.8627,-0.127877,2.32,3.409
1245,13.09.2022 11:00:00,3.58967,7.85215,-0.12858,,
1246,13.09.2022 12:00:00,4.74946,7.83122,-0.125524,,
1247,13.09.2022 13:00:00,4.78068,7.83556,-0.126528,,
1248,13.09.2022 14:00:00,4.87327,7.84243,-0.13096,,
1249,13.09.2022 15:00:00,4.74787,7.85264,-0.140505,,
1250,13.09.2022 16:00:00,4.38967,7.84583,-0.142173,4.38,3.439
1251,13.09.2022 17:00:00,4.04258,7.80749,-0.122905,,
1252,13.09.2022 18:00:00,3.66057,7.85978,-0.146488,,
1253,13.09.2022 19:00:00,3.28809,7.85583,-0.151154,,
1254,13.09.2022 20:00:00,2.89972,7.8516,-0.148037,,
1255,13.09.2022 21:00:00,2.67485,7.84957,-0.150615,,
1256,13.09.2022 22:00:00,2.70395,7.85792,-0.151325,2.7,3.409
1257,13.09.2022 23:00:00,2.66374,7.85885,-0.149358,,
1258,14.09.2022 00:00:00,2.50237,7.86055,-0.149889,,
1259,14.09.2022 01:00:00,2.30184,7.85676,-0.154397,,
1260,14.09.2022 02:00:00,1.71666,7.86396,-0.152635,,
1261,14.09.2022 03:00:00,1.58332,7.86033,-0.151999,,
1262,14.09.2022 04:00:00,1.15899,7.85566,-0.153106,1.15,3.431
1263,14.09.2022 05:00:00,0.723008,7.85231,-0.155479,,
1264,14.09.2022 06:00:00,0.171154,7.85605,-0.15529,,
1265,14.09.2022 07:00:00,-0.421436,7.86237,-0.153625,,
1266,14.09.2022 08:00:00,-0.300804,7.8639,-0.152494,,
1267,14.09.2022 09:00:00,0.0420538,7.85105,-0.153046,,
1268,14.09.2022 10:00:00,1.15158,7.82298,-0.134196,1.15,3.387
1269,14.09.2022 11:00:00,1.69496,7.85116,-0.160398,,
1270,14.09.2022 12:00:00,2.56639,7.82666,-0.153286,,
1271,14.09.2022 13:00:00,3.47274,7.83248,-0.167154,,
1272,14.09.2022 14:00:00,8.23306,7.80403,-0.185607,,
1273,14.09.2022 15:00:00,10.3029,7.81414,-0.214524,,
1274,14.09.2022 16:00:00,11.46,7.81886,-0.25764,11.46,3.399
1275,14.09.2022 17:00:00,11.9415,7.8032,-0.28052,,
1276,14.09.2022 18:00:00,10.9796,7.80189,-0.281682,,
1277,14.09.2022 19:00:00,6.8955,7.80276,-0.295665,,
1278,14.09.2022 20:00:00,4.81877,7.80535,-0.29739,,
1279,14.09.2022 21:00:00,3.19866,7.79705,-0.291936,,
1280,14.09.2022 22:00:00,1.14894,7.80535,-0.289134,1.14,3.389
1281,14.09.2022 23:00:00,1.93041,7.80364,-0.286624,,
1282,15.09.2022 00:00:00,2.32988,7.80348,-0.284131,,
1283,15.09.2022 01:00:00,2.32195,7.80518,-0.280432,,
1284,15.09.2022 02:00:00,1.65369,7.8004,-0.285698,,
1285,15.09.2022 03:00:00,1.46851,7.80287,-0.297764,,
1286,15.09.2022 04:00:00,1.68914,7.80331,-0.298827,1.68,3.397
1287,15.09.2022 05:00:00,1.73835,7.80925,-0.296977,,
1288,15.09.2022 06:00:00,1.53994,7.81468,-0.294638,,
1289,15.09.2022 07:00:00,1.8193,7.81952,-0.290534,,
1290,15.09.2022 08:00:00,2.03147,7.82375,-0.287289,,
1291,15.09.2022 09:00:00,2.48544,7.82589,-0.278876,,
1292,15.09.2022 10:00:00,2.53411,7.81002,-0.273836,2.53,3.415
1293,15.09.2022 11:00:00,2.74734,7.83254,-0.268019,,
1294,15.09.2022 12:00:00,4.21189,7.83792,-0.269664,,
1295,15.09.2022 13:00:00,4.97697,7.85198,-0.269473,,
1296,15.09.2022 14:00:00,4.74946,7.84655,-0.268071,,
1297,15.09.2022 15:00:00,4.77856,7.85061,-0.265156,,
1298,15.09.2022 16:00:00,5.26215,7.85308,-0.264325,5.26,3.402
1299,15.09.2022 17:00:00,5.28543,7.85012,-0.26141,,
1300,15.09.2022 18:00:00,5.31559,7.85984,-0.261251,,
1301,15.09.2022 19:00:00,5.11559,7.85781,-0.260875,,
1302,15.09.2022 20:00:00,4.28438,7.86528,-0.257868,,
1303,15.09.2022 21:00:00,3.89814,7.86352,-0.25532,,
1304,15.09.2022 22:00:00,3.6357,7.86956,-0.253044,3.63,3.394
1305,15.09.2022 23:00:00,2.96057,7.87319,-0.24737,,
1306,16.09.2022 00:00:00,2.31771,7.87846,-0.246829,,
1307,16.09.2022 01:00:00,3.20131,7.8795,-0.245489,,
1308,16.09.2022 02:00:00,3.0648,7.88307,-0.24356,,
1309,16.09.2022 03:00:00,0.270094,7.89186,-0.237619,,
1310,16.09.2022 04:00:00,0.555277,7.8884,-0.23769,0.55,3.394
1311,16.09.2022 05:00:00,-0.162179,7.88511,-0.235082,,
1312,16.09.2022 06:00:00,0.976447,7.89324,-0.232048,,
1313,16.09.2022 07:00:00,1.24629,7.88802,-0.230109,,
1314,16.09.2022 08:00:00,1.64205,7.88714,-0.229285,,
1315,16.09.2022 09:00:00,2.27856,7.88967,-0.228942,,
1316,16.09.2022 10:00:00,2.9611,7.88934,-0.228588,2.96,3.397
1317,16.09.2022 11:00:00,3.34205,7.89543,-0.229879,,
1318,16.09.2022 12:00:00,4.23464,7.89582,-0.232906,,
1319,16.09.2022 13:00:00,4.77221,7.91049,-0.243783,,
1320,16.09.2022 14:00:00,12.0013,7.8761,-0.304148,,
1321,16.09.2022 15:00:00,6.5119,7.90543,-0.289241,,
1322,16.09.2022 16:00:00,7.39179,7.90823,-0.311981,7.39,3.398
1323,16.09.2022 17:00:00,7.51983,7.90219,-0.332672,,
1324,16.09.2022 18:00:00,6.8791,7.90175,-0.346544,,
1325,16.09.2022 19:00:00,5.95898,7.90439,-0.358421,,
1326,16.09.2022 20:00:00,3.89973,7.89362,-0.361737,,
1327,16.09.2022 21:00:00,2.66533,7.89329,-0.355641,,
1328,16.09.2022 22:00:00,1.39655,7.89055,-0.347577,1.39,3.416
1329,16.09.2022 23:00:00,1.77168,7.89258,-0.342606,,
1330,17.09.2022 00:00:00,2.62195,7.89593,-0.333539,,
1331,17.09.2022 01:00:00,3.34681,7.89538,-0.324186,,
1332,17.09.2022 02:00:00,3.23359,7.88846,-0.310883,,
1333,17.09.2022 03:00:00,2.50925,7.88857,-0.30151,,
1334,17.09.2022 04:00:00,3.55317,7.88873,-0.294464,3.55,3.392
1335,17.09.2022 05:00:00,3.63941,7.88533,-0.280819,,
1336,17.09.2022 06:00:00,3.99126,7.88478,-0.271292,,
1337,17.09.2022 07:00:00,3.79708,7.88632,-0.263828,,
1338,17.09.2022 08:00:00,2.323,7.88049,-0.256821,,
1339,17.09.2022 09:00:00,5.32617,7.85742,-0.259592,,
1340,17.09.2022 10:00:00,8.50555,7.82551,-0.260101,8.5,3.424
1341,17.09.2022 11:00:00,11.5833,7.81007,-0.274607,,
1342,17.09.2022 12:00:00,13.9018,7.77986,-0.302816,,
1343,17.09.2022 13:00:00,15.2987,7.78293,-0.33756,,
1344,17.09.2022 14:00:00,11.7918,7.80562,-0.343672,,
1345,17.09.2022 15:00:00,11.0103,7.79639,-0.346182,,
1346,17.09.2022 16:00:00,12.0881,7.78991,-0.36527,12.08,3.388
1347,17.09.2022 17:00:00,17.2352,7.8143,-0.411599,,
1348,17.09.2022 18:00:00,16.7309,7.81133,-0.446186,,
1349,17.09.2022 19:00:00,15.2389,7.79359,-0.462907,,
1350,17.09.2022 20:00:00,9.93201,7.76063,-0.451291,,
1351,17.09.2022 21:00:00,7.5193,7.75772,-0.440828,,
1352,17.09.2022 22:00:00,3.20501,7.74234,-0.427951,3.2,3.394
1353,17.09.2022 23:00:00,4.28173,7.74316,-0.422584,,
1354,18.09.2022 00:00:00,6.64152,7.74954,-0.423601,,
1355,18.09.2022 01:00:00,6.72036,7.74959,-0.418456,,
1356,18.09.2022 02:00:00,4.17168,7.74871,-0.406619,,
1357,18.09.2022 03:00:00,1.59496,7.74998,-0.396279,,
1358,18.09.2022 04:00:00,3.57645,7.75014,-0.392789,3.57,3.391
1359,18.09.2022 05:00:00,1.55211,7.75228,-0.384125,,
1360,18.09.2022 06:00:00,-0.0373108,7.75025,-0.377748,,
1361,18.09.2022 07:00:00,-1.72831,7.74619,-0.373337,,
1362,18.09.2022 08:00:00,1.73253,7.74783,-0.371575,,
1363,18.09.2022 09:00:00,4.64893,7.75195,-0.368046,,
1364,18.09.2022 10:00:00,10.5219,7.74987,-0.395144,10.52,3.42
1365,18.09.2022 11:00:00,9.42989,7.75997,-0.38367,,
1366,18.09.2022 12:00:00,13.8283,7.76135,-0.418807,,
1367,18.09.2022 13:00:00,11.3828,7.78035,-0.414631,,
1368,18.09.2022 14:00:00,12.15,7.7647,-0.427314,,
1369,18.09.2022 15:00:00,12.2796,7.75091,-0.436924,,
1370,18.09.2022 16:00:00,13.8272,7.75135,-0.457194,13.82,3.445
1371,18.09.2022 17:00:00,15.8981,7.75756,-0.47931,,
1372,18.09.2022 18:00:00,11.195,7.73273,-0.463037,,
1373,18.09.2022 19:00:00,9.8828,7.72575,-0.45792,,
1374,18.09.2022 20:00:00,6.9939,7.72482,-0.448686,,
1375,18.09.2022 21:00:00,4.89496,7.72515,-0.441251,,
1376,18.09.2022 22:00:00,4.6156,7.72174,-0.434588,4.61,3.394
1377,18.09.2022 23:00:00,3.43623,7.72394,-0.42318,,
1378,19.09.2022 00:00:00,4.03306,7.73036,-0.417964,,
1379,19.09.2022 01:00:00,4.33676,7.73663,-0.411944,,
1380,19.09.2022 02:00:00,4.08544,7.73943,-0.406861,,
1381,19.09.2022 03:00:00,1.82671,7.74163,-0.394314,,
1382,19.09.2022 04:00:00,-0.0394278,7.74432,-0.38421,-0.03,3.406
1383,19.09.2022 05:00:00,-0.0870477,7.74789,-0.378878,,
1384,19.09.2022 06:00:00,-0.34366,7.74553,-0.370834,,
1385,19.09.2022 07:00:00,0.0171863,7.75338,-0.36963,,
1386,19.09.2022 08:00:00,1.17751,7.75503,-0.362348,,
1387,19.09.2022 09:00:00,3.1648,7.73042,-0.368965,,
1388,19.09.2022 10:00:00,6.91084,7.74882,-0.372108,6.91,3.391
1389,19.09.2022 11:00:00,11.7209,7.70779,-0.406185,,
1390,19.09.2022 12:00:00,15.4029,7.73289,-0.440867,,
1391,19.09.2022 13:00:00,16.0034,7.72234,-0.458207,,
1392,19.09.2022 14:00:00,16.7405,7.73613,-0.479783,,
1393,19.09.2022 15:00:00,17.8743,7.74651,-0.503402,,
1394,19.09.2022 16:00:00,16.8399,7.78134,-0.516359,16.83,3.387
1395,19.09.2022 17:00:00,17.7034,7.78068,-0.535266,,
1396,19.09.2022 18:00:00,17.4484,7.79293,-0.551681,,
1397,19.09.2022 19:00:00,13.1791,7.78403,-0.547022,,
1398,19.09.2022 20:00:00,5.16639,7.74091,-0.521943,,
1399,19.09.2022 21:00:00,0.916133,7.73295,-0.509497,,
1400,19.09.2022 22:00:00,-0.499214,7.73102,-0.500289,-0.49,3.404
1401,19.09.2022 23:00:00,0.0563385,7.73004,-0.497875,,
1402,20.09.2022 00:00:00,0.446815,7.73421,-0.489641,,
1403,20.09.2022 01:00:00,1.16692,7.73652,-0.485517,,
1404,20.09.2022 02:00:00,1.87856,7.74146,-0.479556,,
1405,20.09.2022 03:00:00,2.37115,7.74855,-0.471173,,
1406,20.09.2022 04:00:00,2.12565,7.75168,-0.463451,2.12,3.393
1407,20.09.2022 05:00:00,1.31719,7.75486,-0.454285,,
1408,20.09.2022 06:00:00,1.1246,7.76151,-0.445408,,
1409,20.09.2022 07:00:00,1.74682,7.76294,-0.443119,,
1410,20.09.2022 08:00:00,3.27116,7.7642,-0.439717,,
1411,20.09.2022 09:00:00,4.49655,7.75915,-0.43793,,
1412,20.09.2022 10:00:00,7.92829,7.75432,-0.44551,7.92,3.392
1413,20.09.2022 11:00:00,5.88861,7.76596,-0.437802,,
1414,20.09.2022 12:00:00,5.42459,7.75206,-0.430136,,
1415,20.09.2022 13:00:00,7.01506,7.69312,-0.428064,,
1416,20.09.2022 14:00:00,7.00924,7.70295,-0.399335,,
1417,20.09.2022 15:00:00,7.41771,7.6985,-0.377701,,
1418,20.09.2022 16:00:00,8.05369,7.69384,-0.365653,8.05,3.44
1419,20.09.2022 17:00:00,7.71613,7.68301,-0.359162,,
1420,20.09.2022 18:00:00,7.98067,7.67659,-0.354427,,
1421,20.09.2022 19:00:00,6.18067,7.66664,-0.345102,,
1422,20.09.2022 20:00:00,3.96375,7.68323,-0.341074,,
1423,20.09.2022 21:00:00,1.02248,7.65038,-0.328332,,
1424,20.09.2022 22:00:00,-0.924081,7.65308,-0.321106,-0.92,3.399
1425,20.09.2022 23:00:00,-0.890747,7.66802,-0.322075,,
1426,21.09.2022 00:00:00,-1.56006,7.6634,-0.313323,,
1427,21.09.2022 01:00:00,-1.6045,7.65835,-0.312581,,
1428,21.09.2022 02:00:00,0.481204,7.67148,-0.309675,,
1429,21.09.2022 03:00:00,1.9156,7.67631,-0.309282,,
1430,21.09.2022 04:00:00,2.84152,7.67922,-0.30883,2.84,3.392
1431,21.09.2022 05:00:00,1.96004,7.70746,-0.301621,,
1432,21.09.2022 06:00:00,0.629355,7.71702,-0.297925,,
1433,21.09.2022 07:00:00,-0.550538,7.72405,-0.2925,,
1434,21.09.2022 08:00:00,-1.2262,7.72317,-0.290611,,
1435,21.09.2022 09:00:00,0.512421,7.70949,-0.297276,,
1436,21.09.2022 10:00:00,5.79443,7.68433,-0.310913,5.79,3.394
1437,21.09.2022 11:00:00,5.1484,7.72795,-0.290348,,
1438,21.09.2022 12:00:00,8.64047,7.73602,-0.321122,,
1439,21.09.2022 13:00:00,12.0214,7.74305,-0.344819,,
1440,21.09.2022 14:00:00,11.2384,7.75256,-0.339844,,
1441,21.09.2022 15:00:00,13.913,7.75492,-0.383339,,
1442,21.09.2022 16:00:00,10.7929,7.75701,-0.394697,10.79,3.435
1443,21.09.2022 17:00:00,11.9569,7.74619,-0.43189,,
1444,21.09.2022 18:00:00,6.73465,7.71306,-0.427323,,
1445,21.09.2022 19:00:00,7.21296,7.71031,-0.42941,,
1446,21.09.2022 20:00:00,0.414011,7.70235,-0.41007,,
1447,21.09.2022 21:00:00,-1.44842,7.70356,-0.405219,,
1448,21.09.2022 22:00:00,-1.75953,7.71367,-0.39491,-1.75,3.421
1449,21.09.2022 23:00:00,-1.58704,7.72278,-0.394207,,
1450,22.09.2022 00:00:00,-0.184401,7.72822,-0.388245,,
1451,22.09.2022 01:00:00,0.960046,7.73817,-0.3812,,
1452,22.09.2022 02:00:00,1.25846,7.74163,-0.378482,,
1453,22.09.2022 03:00:00,1.49338,7.74432,-0.370724,,
1454,22.09.2022 04:00:00,1.38438,7.75421,-0.366689,1.38,3.432
1455,22.09.2022 05:00:00,1.16798,7.75563,-0.360447,,
1456,22.09.2022 06:00:00,1.10449,7.76459,-0.355682,,
1457,22.09.2022 07:00:00,1.31666,7.76354,-0.352107,,
1458,22.09.2022 08:00:00,1.11613,7.76942,-0.350901,,
1459,22.09.2022 09:00:00,1.10502,7.77909,-0.347557,,
1460,22.09.2022 10:00:00,1.47539,7.77728,-0.349573,1.47,3.423
1461,22.09.2022 11:00:00,2.10131,7.77936,-0.351604,,
1462,22.09.2022 12:00:00,2.45422,7.77903,-0.352414,,
1463,22.09.2022 13:00:00,2.76904,7.79249,-0.355342,,
1464,22.09.2022 14:00:00,2.74946,7.78694,-0.356149,,
1465,22.09.2022 15:00:00,2.66004,7.81463,-0.355592,,
1466,22.09.2022 16:00:00,2.43412,7.7998,-0.369805,2.43,3.402
1467,22.09.2022 17:00:00,2.42459,7.78903,-0.371255,,
1468,22.09.2022 18:00:00,1.71772,7.7948,-0.368581,,
1469,22.09.2022 19:00:00,1.16057,7.81584,-0.385317,,
1470,22.09.2022 20:00:00,0.692321,7.80079,-0.37459,,
1471,22.09.2022 21:00:00,0.363216,7.82397,-0.364169,,
1472,22.09.2022 22:00:00,0.350516,7.81304,-0.379157,0.35,3.423
1473,22.09.2022 23:00:00,-0.121968,7.82798,-0.378279,,
1474,23.09.2022 00:00:00,0.103957,7.81337,-0.381039,,
1475,23.09.2022 01:00:00,0.000785522,7.82188,-0.384089,,
1476,23.09.2022 02:00:00,0.197609,7.83616,-0.386854,,
1477,23.09.2022 03:00:00,0.180678,7.83995,-0.388948,,
1478,23.09.2022 04:00:00,0.303956,7.86215,-0.399433,0.3,3.414
1479,23.09.2022 05:00:00,0.37221,7.83858,-0.401551,,
1480,23.09.2022 06:00:00,0.38438,7.81831,-0.388151,,
1481,23.09.2022 07:00:00,0.364803,7.81743,-0.389727,,
1482,23.09.2022 08:00:00,0.636763,7.82776,-0.393629,,
1483,23.09.2022 09:00:00,1.06216,7.82271,-0.391378,,
1484,23.09.2022 10:00:00,1.80449,7.8076,-0.390756,1.8,3.389
1485,23.09.2022 11:00:00,2.31613,7.80881,-0.39502,,
1486,23.09.2022 12:00:00,3.2574,7.80123,-0.401192,,
1487,23.09.2022 13:00:00,3.43465,7.81024,-0.404598,,
1488,23.09.2022 14:00:00,4.06269,7.80897,-0.411318,,
1489,23.09.2022 15:00:00,3.46534,7.8277,-0.410212,,
<INFO: Decode OK, 1489 Lines>,,,,,
